1	-1.000000000	0.000000000
2	-0.987500000	0.000000000
3	-0.975000000	0.000000000
4	-0.962500000	0.000000000
5	-0.950000000	0.000000000
6	-0.937500000	0.000000000
7	-0.925000000	0.000000000
8	-0.912500000	0.000000000
9	-0.900000000	0.000000000
10	-0.887500000	0.000000000
11	-0.875000000	0.000000000
12	-0.862500000	0.000000000
13	-0.850000000	0.000000000
14	-0.837500000	0.000000000
15	-0.825000000	0.000000000
16	-0.812500000	0.000000000
17	-0.800000000	0.000000000
18	-0.787500000	0.000000000
19	-0.775000000	0.000000000
20	-0.762500000	0.000000000
21	-0.750000000	0.000000000
22	-0.737500000	0.000000000
23	-0.725000000	0.000000000
24	-0.712500000	0.000000000
25	-0.700000000	0.000000000
26	-0.687500000	0.000000000
27	-0.675000000	0.000000000
28	-0.662500000	0.000000000
29	-0.650000000	0.000000000
30	-0.637500000	0.000000000
31	-0.625000000	0.000000000
32	-0.612500000	0.000000000
33	-0.600000000	0.000000000
34	-0.587500000	0.000000000
35	-0.575000000	0.000000000
36	-0.562500000	0.000000000
37	-0.550000000	0.000000000
38	-0.537500000	0.000000000
39	-0.525000000	0.000000000
40	-0.512500000	0.000000000
41	-0.500000000	0.000000000
42	-0.487500000	0.000000000
43	-0.475000000	0.000000000
44	-0.462500000	0.000000000
45	-0.450000000	0.000000000
46	-0.437500000	0.000000000
47	-0.425000000	0.000000000
48	-0.412500000	0.000000000
49	-0.400000000	0.000000000
50	-0.387500000	0.000000000
51	-0.375000000	0.000000000
52	-0.362500000	0.000000000
53	-0.350000000	0.000000000
54	-0.337500000	0.000000000
55	-0.325000000	0.000000000
56	-0.312500000	0.000000000
57	-0.300000000	0.000000000
58	-0.287500000	0.000000000
59	-0.275000000	0.000000000
60	-0.262500000	0.000000000
61	-0.250000000	0.000000000
62	-0.237500000	0.000000000
63	-0.225000000	0.000000000
64	-0.212500000	0.000000000
65	-0.200000000	0.000000000
66	-0.187500000	0.000000000
67	-0.175000000	0.000000000
68	-0.162500000	0.000000000
69	-0.150000000	0.000000000
70	-0.137500000	0.000000000
71	-0.125000000	0.000000000
72	-0.112500000	0.000000000
73	-0.100000000	0.000000000
74	-0.087500000	0.000000000
75	-0.075000000	0.000000000
76	-0.062500000	0.000000000
77	-0.050000000	0.000000000
78	-0.037500000	0.000000000
79	-0.025000000	0.000000000
80	-0.012500000	0.000000000
81	0.000000000	0.000000000
82	0.012500000	0.001570393
83	0.025000000	0.003138364
84	0.037500000	0.004701496
85	0.050000000	0.006257379
86	0.062500000	0.007803613
87	0.075000000	0.009337815
88	0.087500000	0.010857618
89	0.100000000	0.012360680
90	0.112500000	0.013844682
91	0.125000000	0.015307337
92	0.137500000	0.016746390
93	0.150000000	0.018159620
94	0.162500000	0.019544850
95	0.175000000	0.020899943
96	0.187500000	0.022222809
97	0.200000000	0.023511410
98	0.212500000	0.024763758
99	0.225000000	0.025977922
100	0.237500000	0.027152030
101	0.250000000	0.028284271
102	0.262500000	0.029372900
103	0.275000000	0.030416239
104	0.287500000	0.031412677
105	0.300000000	0.032360680
106	0.312500000	0.033258784
107	0.325000000	0.034105607
108	0.337500000	0.034899840
109	0.350000000	0.035640261
110	0.362500000	0.036325727
111	0.375000000	0.036955181
112	0.387500000	0.037527653
113	0.400000000	0.038042261
114	0.412500000	0.038498209
115	0.425000000	0.038894797
116	0.437500000	0.039231411
117	0.450000000	0.039507534
118	0.462500000	0.039722738
119	0.475000000	0.039876693
120	0.487500000	0.039969161
121	0.500000000	0.040000000
122	0.512500000	0.039969161
123	0.525000000	0.039876693
124	0.537500000	0.039722738
125	0.550000000	0.039507534
126	0.562500000	0.039231411
127	0.575000000	0.038894797
128	0.587500000	0.038498209
129	0.600000000	0.038042261
130	0.612500000	0.037527653
131	0.625000000	0.036955181
132	0.637500000	0.036325727
133	0.650000000	0.035640261
134	0.662500000	0.034899840
135	0.675000000	0.034105607
136	0.687500000	0.033258784
137	0.700000000	0.032360680
138	0.712500000	0.031412677
139	0.725000000	0.030416239
140	0.737500000	0.029372900
141	0.750000000	0.028284271
142	0.762500000	0.027152030
143	0.775000000	0.025977922
144	0.787500000	0.024763758
145	0.800000000	0.023511410
146	0.812500000	0.022222809
147	0.825000000	0.020899943
148	0.837500000	0.019544850
149	0.850000000	0.018159620
150	0.862500000	0.016746390
151	0.875000000	0.015307337
152	0.887500000	0.013844682
153	0.900000000	0.012360680
154	0.912500000	0.010857618
155	0.925000000	0.009337815
156	0.937500000	0.007803613
157	0.950000000	0.006257379
158	0.962500000	0.004701496
159	0.975000000	0.003138364
160	0.987500000	0.001570393
161	1.000000000	0.000000000
162	1.012500000	0.000000000
163	1.025000000	0.000000000
164	1.037500000	0.000000000
165	1.050000000	0.000000000
166	1.062500000	0.000000000
167	1.075000000	0.000000000
168	1.087500000	0.000000000
169	1.100000000	0.000000000
170	1.112500000	0.000000000
171	1.125000000	0.000000000
172	1.137500000	0.000000000
173	1.150000000	0.000000000
174	1.162500000	0.000000000
175	1.175000000	0.000000000
176	1.187500000	0.000000000
177	1.200000000	0.000000000
178	1.212500000	0.000000000
179	1.225000000	0.000000000
180	1.237500000	0.000000000
181	1.250000000	0.000000000
182	1.262500000	0.000000000
183	1.275000000	0.000000000
184	1.287500000	0.000000000
185	1.300000000	0.000000000
186	1.312500000	0.000000000
187	1.325000000	0.000000000
188	1.337500000	0.000000000
189	1.350000000	0.000000000
190	1.362500000	0.000000000
191	1.375000000	0.000000000
192	1.387500000	0.000000000
193	1.400000000	0.000000000
194	1.412500000	0.000000000
195	1.425000000	0.000000000
196	1.437500000	0.000000000
197	1.450000000	0.000000000
198	1.462500000	0.000000000
199	1.475000000	0.000000000
200	1.487500000	0.000000000
201	1.500000000	0.000000000
202	1.512500000	0.000000000
203	1.525000000	0.000000000
204	1.537500000	0.000000000
205	1.550000000	0.000000000
206	1.562500000	0.000000000
207	1.575000000	0.000000000
208	1.587500000	0.000000000
209	1.600000000	0.000000000
210	1.612500000	0.000000000
211	1.625000000	0.000000000
212	1.637500000	0.000000000
213	1.650000000	0.000000000
214	1.662500000	0.000000000
215	1.675000000	0.000000000
216	1.687500000	0.000000000
217	1.700000000	0.000000000
218	1.712500000	0.000000000
219	1.725000000	0.000000000
220	1.737500000	0.000000000
221	1.750000000	0.000000000
222	1.762500000	0.000000000
223	1.775000000	0.000000000
224	1.787500000	0.000000000
225	1.800000000	0.000000000
226	1.812500000	0.000000000
227	1.825000000	0.000000000
228	1.837500000	0.000000000
229	1.850000000	0.000000000
230	1.862500000	0.000000000
231	1.875000000	0.000000000
232	1.887500000	0.000000000
233	1.900000000	0.000000000
234	1.912500000	0.000000000
235	1.925000000	0.000000000
236	1.937500000	0.000000000
237	1.950000000	0.000000000
238	1.962500000	0.000000000
239	1.975000000	0.000000000
240	1.987500000	0.000000000
241	2.000000000	0.000000000
242	-1.000000000	0.001370694
243	-0.987500000	0.001370694
244	-0.975000000	0.001370694
245	-0.962500000	0.001370694
246	-0.950000000	0.001370694
247	-0.937500000	0.001370694
248	-0.925000000	0.001370694
249	-0.912500000	0.001370694
250	-0.900000000	0.001370694
251	-0.887500000	0.001370694
252	-0.875000000	0.001370694
253	-0.862500000	0.001370694
254	-0.850000000	0.001370694
255	-0.837500000	0.001370694
256	-0.825000000	0.001370694
257	-0.812500000	0.001370694
258	-0.800000000	0.001370694
259	-0.787500000	0.001370694
260	-0.775000000	0.001370694
261	-0.762500000	0.001370694
262	-0.750000000	0.001370694
263	-0.737500000	0.001370694
264	-0.725000000	0.001370694
265	-0.712500000	0.001370694
266	-0.700000000	0.001370694
267	-0.687500000	0.001370694
268	-0.675000000	0.001370694
269	-0.662500000	0.001370694
270	-0.650000000	0.001370694
271	-0.637500000	0.001370694
272	-0.625000000	0.001370694
273	-0.612500000	0.001370694
274	-0.600000000	0.001370694
275	-0.587500000	0.001370694
276	-0.575000000	0.001370694
277	-0.562500000	0.001370694
278	-0.550000000	0.001370694
279	-0.537500000	0.001370694
280	-0.525000000	0.001370694
281	-0.512500000	0.001370694
282	-0.500000000	0.001370694
283	-0.487500000	0.001370694
284	-0.475000000	0.001370694
285	-0.462500000	0.001370694
286	-0.450000000	0.001370694
287	-0.437500000	0.001370694
288	-0.425000000	0.001370694
289	-0.412500000	0.001370694
290	-0.400000000	0.001370694
291	-0.387500000	0.001370694
292	-0.375000000	0.001370694
293	-0.362500000	0.001370694
294	-0.350000000	0.001370694
295	-0.337500000	0.001370694
296	-0.325000000	0.001370694
297	-0.312500000	0.001370694
298	-0.300000000	0.001370694
299	-0.287500000	0.001370694
300	-0.275000000	0.001370694
301	-0.262500000	0.001370694
302	-0.250000000	0.001370694
303	-0.237500000	0.001370694
304	-0.225000000	0.001370694
305	-0.212500000	0.001370694
306	-0.200000000	0.001370694
307	-0.187500000	0.001370694
308	-0.175000000	0.001370694
309	-0.162500000	0.001370694
310	-0.150000000	0.001370694
311	-0.137500000	0.001370694
312	-0.125000000	0.001370694
313	-0.112500000	0.001370694
314	-0.100000000	0.001370694
315	-0.087500000	0.001370694
316	-0.075000000	0.001370694
317	-0.062500000	0.001370694
318	-0.050000000	0.001370694
319	-0.037500000	0.001370694
320	-0.025000000	0.001370694
321	-0.012500000	0.001370694
322	0.000000000	0.001370694
323	0.012500000	0.002938934
324	0.025000000	0.004504756
325	0.037500000	0.006065745
326	0.050000000	0.007619495
327	0.062500000	0.009163610
328	0.075000000	0.010695709
329	0.087500000	0.012213429
330	0.100000000	0.013714431
331	0.112500000	0.015196399
332	0.125000000	0.016657049
333	0.137500000	0.018094129
334	0.150000000	0.019505422
335	0.162500000	0.020888753
336	0.175000000	0.022241989
337	0.187500000	0.023563042
338	0.200000000	0.024849877
339	0.212500000	0.026100508
340	0.225000000	0.027313008
341	0.237500000	0.028485506
342	0.250000000	0.029616196
343	0.262500000	0.030703333
344	0.275000000	0.031745241
345	0.287500000	0.032740314
346	0.300000000	0.033687017
347	0.312500000	0.034583890
348	0.325000000	0.035429552
349	0.337500000	0.036222697
350	0.350000000	0.036962103
351	0.362500000	0.037646629
352	0.375000000	0.038275221
353	0.387500000	0.038846908
354	0.400000000	0.039360810
355	0.412500000	0.039816134
356	0.425000000	0.040212177
357	0.437500000	0.040548330
358	0.450000000	0.040824074
359	0.462500000	0.041038984
360	0.475000000	0.041192728
361	0.487500000	0.041285069
362	0.500000000	0.041315866
363	0.512500000	0.041285069
364	0.525000000	0.041192728
365	0.537500000	0.041038984
366	0.550000000	0.040824074
367	0.562500000	0.040548330
368	0.575000000	0.040212177
369	0.587500000	0.039816134
370	0.600000000	0.039360810
371	0.612500000	0.038846908
372	0.625000000	0.038275221
373	0.637500000	0.037646629
374	0.650000000	0.036962103
375	0.662500000	0.036222697
376	0.675000000	0.035429552
377	0.687500000	0.034583890
378	0.700000000	0.033687017
379	0.712500000	0.032740314
380	0.725000000	0.031745241
381	0.737500000	0.030703333
382	0.750000000	0.029616196
383	0.762500000	0.028485506
384	0.775000000	0.027313008
385	0.787500000	0.026100508
386	0.800000000	0.024849877
387	0.812500000	0.023563042
388	0.825000000	0.022241989
389	0.837500000	0.020888753
390	0.850000000	0.019505422
391	0.862500000	0.018094129
392	0.875000000	0.016657049
393	0.887500000	0.015196399
394	0.900000000	0.013714431
395	0.912500000	0.012213429
396	0.925000000	0.010695709
397	0.937500000	0.009163610
398	0.950000000	0.007619495
399	0.962500000	0.006065745
400	0.975000000	0.004504756
401	0.987500000	0.002938934
402	1.000000000	0.001370694
403	1.012500000	0.001370694
404	1.025000000	0.001370694
405	1.037500000	0.001370694
406	1.050000000	0.001370694
407	1.062500000	0.001370694
408	1.075000000	0.001370694
409	1.087500000	0.001370694
410	1.100000000	0.001370694
411	1.112500000	0.001370694
412	1.125000000	0.001370694
413	1.137500000	0.001370694
414	1.150000000	0.001370694
415	1.162500000	0.001370694
416	1.175000000	0.001370694
417	1.187500000	0.001370694
418	1.200000000	0.001370694
419	1.212500000	0.001370694
420	1.225000000	0.001370694
421	1.237500000	0.001370694
422	1.250000000	0.001370694
423	1.262500000	0.001370694
424	1.275000000	0.001370694
425	1.287500000	0.001370694
426	1.300000000	0.001370694
427	1.312500000	0.001370694
428	1.325000000	0.001370694
429	1.337500000	0.001370694
430	1.350000000	0.001370694
431	1.362500000	0.001370694
432	1.375000000	0.001370694
433	1.387500000	0.001370694
434	1.400000000	0.001370694
435	1.412500000	0.001370694
436	1.425000000	0.001370694
437	1.437500000	0.001370694
438	1.450000000	0.001370694
439	1.462500000	0.001370694
440	1.475000000	0.001370694
441	1.487500000	0.001370694
442	1.500000000	0.001370694
443	1.512500000	0.001370694
444	1.525000000	0.001370694
445	1.537500000	0.001370694
446	1.550000000	0.001370694
447	1.562500000	0.001370694
448	1.575000000	0.001370694
449	1.587500000	0.001370694
450	1.600000000	0.001370694
451	1.612500000	0.001370694
452	1.625000000	0.001370694
453	1.637500000	0.001370694
454	1.650000000	0.001370694
455	1.662500000	0.001370694
456	1.675000000	0.001370694
457	1.687500000	0.001370694
458	1.700000000	0.001370694
459	1.712500000	0.001370694
460	1.725000000	0.001370694
461	1.737500000	0.001370694
462	1.750000000	0.001370694
463	1.762500000	0.001370694
464	1.775000000	0.001370694
465	1.787500000	0.001370694
466	1.800000000	0.001370694
467	1.812500000	0.001370694
468	1.825000000	0.001370694
469	1.837500000	0.001370694
470	1.850000000	0.001370694
471	1.862500000	0.001370694
472	1.875000000	0.001370694
473	1.887500000	0.001370694
474	1.900000000	0.001370694
475	1.912500000	0.001370694
476	1.925000000	0.001370694
477	1.937500000	0.001370694
478	1.950000000	0.001370694
479	1.962500000	0.001370694
480	1.975000000	0.001370694
481	1.987500000	0.001370694
482	2.000000000	0.001370694
483	-1.000000000	0.002803068
484	-0.987500000	0.002803068
485	-0.975000000	0.002803068
486	-0.962500000	0.002803068
487	-0.950000000	0.002803068
488	-0.937500000	0.002803068
489	-0.925000000	0.002803068
490	-0.912500000	0.002803068
491	-0.900000000	0.002803068
492	-0.887500000	0.002803068
493	-0.875000000	0.002803068
494	-0.862500000	0.002803068
495	-0.850000000	0.002803068
496	-0.837500000	0.002803068
497	-0.825000000	0.002803068
498	-0.812500000	0.002803068
499	-0.800000000	0.002803068
500	-0.787500000	0.002803068
501	-0.775000000	0.002803068
502	-0.762500000	0.002803068
503	-0.750000000	0.002803068
504	-0.737500000	0.002803068
505	-0.725000000	0.002803068
506	-0.712500000	0.002803068
507	-0.700000000	0.002803068
508	-0.687500000	0.002803068
509	-0.675000000	0.002803068
510	-0.662500000	0.002803068
511	-0.650000000	0.002803068
512	-0.637500000	0.002803068
513	-0.625000000	0.002803068
514	-0.612500000	0.002803068
515	-0.600000000	0.002803068
516	-0.587500000	0.002803068
517	-0.575000000	0.002803068
518	-0.562500000	0.002803068
519	-0.550000000	0.002803068
520	-0.537500000	0.002803068
521	-0.525000000	0.002803068
522	-0.512500000	0.002803068
523	-0.500000000	0.002803068
524	-0.487500000	0.002803068
525	-0.475000000	0.002803068
526	-0.462500000	0.002803068
527	-0.450000000	0.002803068
528	-0.437500000	0.002803068
529	-0.425000000	0.002803068
530	-0.412500000	0.002803068
531	-0.400000000	0.002803068
532	-0.387500000	0.002803068
533	-0.375000000	0.002803068
534	-0.362500000	0.002803068
535	-0.350000000	0.002803068
536	-0.337500000	0.002803068
537	-0.325000000	0.002803068
538	-0.312500000	0.002803068
539	-0.300000000	0.002803068
540	-0.287500000	0.002803068
541	-0.275000000	0.002803068
542	-0.262500000	0.002803068
543	-0.250000000	0.002803068
544	-0.237500000	0.002803068
545	-0.225000000	0.002803068
546	-0.212500000	0.002803068
547	-0.200000000	0.002803068
548	-0.187500000	0.002803068
549	-0.175000000	0.002803068
550	-0.162500000	0.002803068
551	-0.150000000	0.002803068
552	-0.137500000	0.002803068
553	-0.125000000	0.002803068
554	-0.112500000	0.002803068
555	-0.100000000	0.002803068
556	-0.087500000	0.002803068
557	-0.075000000	0.002803068
558	-0.062500000	0.002803068
559	-0.050000000	0.002803068
560	-0.037500000	0.002803068
561	-0.025000000	0.002803068
562	-0.012500000	0.002803068
563	0.000000000	0.002803068
564	0.012500000	0.004369059
565	0.025000000	0.005932635
566	0.037500000	0.007491386
567	0.050000000	0.009042907
568	0.062500000	0.010584807
569	0.075000000	0.012114708
570	0.087500000	0.013630252
571	0.100000000	0.015129100
572	0.112500000	0.016608943
573	0.125000000	0.018067498
574	0.137500000	0.019502516
575	0.150000000	0.020911786
576	0.162500000	0.022293132
577	0.175000000	0.023644427
578	0.187500000	0.024963585
579	0.200000000	0.026248574
580	0.212500000	0.027497412
581	0.225000000	0.028708172
582	0.237500000	0.029878989
583	0.250000000	0.031008057
584	0.262500000	0.032093634
585	0.275000000	0.033134048
586	0.287500000	0.034127694
587	0.300000000	0.035073039
588	0.312500000	0.035968626
589	0.325000000	0.036813074
590	0.337500000	0.037605082
591	0.350000000	0.038343427
592	0.362500000	0.039026972
593	0.375000000	0.039654662
594	0.387500000	0.040225529
595	0.400000000	0.040738694
596	0.412500000	0.041193365
597	0.425000000	0.041588840
598	0.437500000	0.041924511
599	0.450000000	0.042199860
600	0.462500000	0.042414461
601	0.475000000	0.042567984
602	0.487500000	0.042660193
603	0.500000000	0.042690945
604	0.512500000	0.042660193
605	0.525000000	0.042567984
606	0.537500000	0.042414461
607	0.550000000	0.042199860
608	0.562500000	0.041924511
609	0.575000000	0.041588840
610	0.587500000	0.041193365
611	0.600000000	0.040738694
612	0.612500000	0.040225529
613	0.625000000	0.039654662
614	0.637500000	0.039026972
615	0.650000000	0.038343427
616	0.662500000	0.037605082
617	0.675000000	0.036813074
618	0.687500000	0.035968626
619	0.700000000	0.035073039
620	0.712500000	0.034127694
621	0.725000000	0.033134048
622	0.737500000	0.032093634
623	0.750000000	0.031008057
624	0.762500000	0.029878989
625	0.775000000	0.028708172
626	0.787500000	0.027497412
627	0.800000000	0.026248574
628	0.812500000	0.024963585
629	0.825000000	0.023644427
630	0.837500000	0.022293132
631	0.850000000	0.020911786
632	0.862500000	0.019502516
633	0.875000000	0.018067498
634	0.887500000	0.016608943
635	0.900000000	0.015129100
636	0.912500000	0.013630252
637	0.925000000	0.012114708
638	0.937500000	0.010584807
639	0.950000000	0.009042907
640	0.962500000	0.007491386
641	0.975000000	0.005932635
642	0.987500000	0.004369059
643	1.000000000	0.002803068
644	1.012500000	0.002803068
645	1.025000000	0.002803068
646	1.037500000	0.002803068
647	1.050000000	0.002803068
648	1.062500000	0.002803068
649	1.075000000	0.002803068
650	1.087500000	0.002803068
651	1.100000000	0.002803068
652	1.112500000	0.002803068
653	1.125000000	0.002803068
654	1.137500000	0.002803068
655	1.150000000	0.002803068
656	1.162500000	0.002803068
657	1.175000000	0.002803068
658	1.187500000	0.002803068
659	1.200000000	0.002803068
660	1.212500000	0.002803068
661	1.225000000	0.002803068
662	1.237500000	0.002803068
663	1.250000000	0.002803068
664	1.262500000	0.002803068
665	1.275000000	0.002803068
666	1.287500000	0.002803068
667	1.300000000	0.002803068
668	1.312500000	0.002803068
669	1.325000000	0.002803068
670	1.337500000	0.002803068
671	1.350000000	0.002803068
672	1.362500000	0.002803068
673	1.375000000	0.002803068
674	1.387500000	0.002803068
675	1.400000000	0.002803068
676	1.412500000	0.002803068
677	1.425000000	0.002803068
678	1.437500000	0.002803068
679	1.450000000	0.002803068
680	1.462500000	0.002803068
681	1.475000000	0.002803068
682	1.487500000	0.002803068
683	1.500000000	0.002803068
684	1.512500000	0.002803068
685	1.525000000	0.002803068
686	1.537500000	0.002803068
687	1.550000000	0.002803068
688	1.562500000	0.002803068
689	1.575000000	0.002803068
690	1.587500000	0.002803068
691	1.600000000	0.002803068
692	1.612500000	0.002803068
693	1.625000000	0.002803068
694	1.637500000	0.002803068
695	1.650000000	0.002803068
696	1.662500000	0.002803068
697	1.675000000	0.002803068
698	1.687500000	0.002803068
699	1.700000000	0.002803068
700	1.712500000	0.002803068
701	1.725000000	0.002803068
702	1.737500000	0.002803068
703	1.750000000	0.002803068
704	1.762500000	0.002803068
705	1.775000000	0.002803068
706	1.787500000	0.002803068
707	1.800000000	0.002803068
708	1.812500000	0.002803068
709	1.825000000	0.002803068
710	1.837500000	0.002803068
711	1.850000000	0.002803068
712	1.862500000	0.002803068
713	1.875000000	0.002803068
714	1.887500000	0.002803068
715	1.900000000	0.002803068
716	1.912500000	0.002803068
717	1.925000000	0.002803068
718	1.937500000	0.002803068
719	1.950000000	0.002803068
720	1.962500000	0.002803068
721	1.975000000	0.002803068
722	1.987500000	0.002803068
723	2.000000000	0.002803068
724	-1.000000000	0.004299900
725	-0.987500000	0.004299900
726	-0.975000000	0.004299900
727	-0.962500000	0.004299900
728	-0.950000000	0.004299900
729	-0.937500000	0.004299900
730	-0.925000000	0.004299900
731	-0.912500000	0.004299900
732	-0.900000000	0.004299900
733	-0.887500000	0.004299900
734	-0.875000000	0.004299900
735	-0.862500000	0.004299900
736	-0.850000000	0.004299900
737	-0.837500000	0.004299900
738	-0.825000000	0.004299900
739	-0.812500000	0.004299900
740	-0.800000000	0.004299900
741	-0.787500000	0.004299900
742	-0.775000000	0.004299900
743	-0.762500000	0.004299900
744	-0.750000000	0.004299900
745	-0.737500000	0.004299900
746	-0.725000000	0.004299900
747	-0.712500000	0.004299900
748	-0.700000000	0.004299900
749	-0.687500000	0.004299900
750	-0.675000000	0.004299900
751	-0.662500000	0.004299900
752	-0.650000000	0.004299900
753	-0.637500000	0.004299900
754	-0.625000000	0.004299900
755	-0.612500000	0.004299900
756	-0.600000000	0.004299900
757	-0.587500000	0.004299900
758	-0.575000000	0.004299900
759	-0.562500000	0.004299900
760	-0.550000000	0.004299900
761	-0.537500000	0.004299900
762	-0.525000000	0.004299900
763	-0.512500000	0.004299900
764	-0.500000000	0.004299900
765	-0.487500000	0.004299900
766	-0.475000000	0.004299900
767	-0.462500000	0.004299900
768	-0.450000000	0.004299900
769	-0.437500000	0.004299900
770	-0.425000000	0.004299900
771	-0.412500000	0.004299900
772	-0.400000000	0.004299900
773	-0.387500000	0.004299900
774	-0.375000000	0.004299900
775	-0.362500000	0.004299900
776	-0.350000000	0.004299900
777	-0.337500000	0.004299900
778	-0.325000000	0.004299900
779	-0.312500000	0.004299900
780	-0.300000000	0.004299900
781	-0.287500000	0.004299900
782	-0.275000000	0.004299900
783	-0.262500000	0.004299900
784	-0.250000000	0.004299900
785	-0.237500000	0.004299900
786	-0.225000000	0.004299900
787	-0.212500000	0.004299900
788	-0.200000000	0.004299900
789	-0.187500000	0.004299900
790	-0.175000000	0.004299900
791	-0.162500000	0.004299900
792	-0.150000000	0.004299900
793	-0.137500000	0.004299900
794	-0.125000000	0.004299900
795	-0.112500000	0.004299900
796	-0.100000000	0.004299900
797	-0.087500000	0.004299900
798	-0.075000000	0.004299900
799	-0.062500000	0.004299900
800	-0.050000000	0.004299900
801	-0.037500000	0.004299900
802	-0.025000000	0.004299900
803	-0.012500000	0.004299900
804	0.000000000	0.004299900
805	0.012500000	0.005863540
806	0.025000000	0.007424769
807	0.037500000	0.008981180
808	0.050000000	0.010530372
809	0.062500000	0.012069958
810	0.075000000	0.013597563
811	0.087500000	0.015110831
812	0.100000000	0.016607430
813	0.112500000	0.018085051
814	0.125000000	0.019541417
815	0.137500000	0.020974282
816	0.150000000	0.022381435
817	0.162500000	0.023760709
818	0.175000000	0.025109975
819	0.187500000	0.026427153
820	0.200000000	0.027710213
821	0.212500000	0.028957176
822	0.225000000	0.030166119
823	0.237500000	0.031335179
824	0.250000000	0.032462552
825	0.262500000	0.033546500
826	0.275000000	0.034585352
827	0.287500000	0.035577506
828	0.300000000	0.036521432
829	0.312500000	0.037415675
830	0.325000000	0.038258856
831	0.337500000	0.039049674
832	0.350000000	0.039786911
833	0.362500000	0.040469430
834	0.375000000	0.041096178
835	0.387500000	0.041666188
836	0.400000000	0.042178583
837	0.412500000	0.042632571
838	0.425000000	0.043027453
839	0.437500000	0.043362620
840	0.450000000	0.043637555
841	0.462500000	0.043851834
842	0.475000000	0.044005127
843	0.487500000	0.044097198
844	0.500000000	0.044127904
845	0.512500000	0.044097198
846	0.525000000	0.044005127
847	0.537500000	0.043851834
848	0.550000000	0.043637555
849	0.562500000	0.043362620
850	0.575000000	0.043027453
851	0.587500000	0.042632571
852	0.600000000	0.042178583
853	0.612500000	0.041666188
854	0.625000000	0.041096178
855	0.637500000	0.040469430
856	0.650000000	0.039786911
857	0.662500000	0.039049674
858	0.675000000	0.038258856
859	0.687500000	0.037415675
860	0.700000000	0.036521432
861	0.712500000	0.035577506
862	0.725000000	0.034585352
863	0.737500000	0.033546500
864	0.750000000	0.032462552
865	0.762500000	0.031335179
866	0.775000000	0.030166119
867	0.787500000	0.028957176
868	0.800000000	0.027710213
869	0.812500000	0.026427153
870	0.825000000	0.025109975
871	0.837500000	0.023760709
872	0.850000000	0.022381435
873	0.862500000	0.020974282
874	0.875000000	0.019541417
875	0.887500000	0.018085051
876	0.900000000	0.016607430
877	0.912500000	0.015110831
878	0.925000000	0.013597563
879	0.937500000	0.012069958
880	0.950000000	0.010530372
881	0.962500000	0.008981180
882	0.975000000	0.007424769
883	0.987500000	0.005863540
884	1.000000000	0.004299900
885	1.012500000	0.004299900
886	1.025000000	0.004299900
887	1.037500000	0.004299900
888	1.050000000	0.004299900
889	1.062500000	0.004299900
890	1.075000000	0.004299900
891	1.087500000	0.004299900
892	1.100000000	0.004299900
893	1.112500000	0.004299900
894	1.125000000	0.004299900
895	1.137500000	0.004299900
896	1.150000000	0.004299900
897	1.162500000	0.004299900
898	1.175000000	0.004299900
899	1.187500000	0.004299900
900	1.200000000	0.004299900
901	1.212500000	0.004299900
902	1.225000000	0.004299900
903	1.237500000	0.004299900
904	1.250000000	0.004299900
905	1.262500000	0.004299900
906	1.275000000	0.004299900
907	1.287500000	0.004299900
908	1.300000000	0.004299900
909	1.312500000	0.004299900
910	1.325000000	0.004299900
911	1.337500000	0.004299900
912	1.350000000	0.004299900
913	1.362500000	0.004299900
914	1.375000000	0.004299900
915	1.387500000	0.004299900
916	1.400000000	0.004299900
917	1.412500000	0.004299900
918	1.425000000	0.004299900
919	1.437500000	0.004299900
920	1.450000000	0.004299900
921	1.462500000	0.004299900
922	1.475000000	0.004299900
923	1.487500000	0.004299900
924	1.500000000	0.004299900
925	1.512500000	0.004299900
926	1.525000000	0.004299900
927	1.537500000	0.004299900
928	1.550000000	0.004299900
929	1.562500000	0.004299900
930	1.575000000	0.004299900
931	1.587500000	0.004299900
932	1.600000000	0.004299900
933	1.612500000	0.004299900
934	1.625000000	0.004299900
935	1.637500000	0.004299900
936	1.650000000	0.004299900
937	1.662500000	0.004299900
938	1.675000000	0.004299900
939	1.687500000	0.004299900
940	1.700000000	0.004299900
941	1.712500000	0.004299900
942	1.725000000	0.004299900
943	1.737500000	0.004299900
944	1.750000000	0.004299900
945	1.762500000	0.004299900
946	1.775000000	0.004299900
947	1.787500000	0.004299900
948	1.800000000	0.004299900
949	1.812500000	0.004299900
950	1.825000000	0.004299900
951	1.837500000	0.004299900
952	1.850000000	0.004299900
953	1.862500000	0.004299900
954	1.875000000	0.004299900
955	1.887500000	0.004299900
956	1.900000000	0.004299900
957	1.912500000	0.004299900
958	1.925000000	0.004299900
959	1.937500000	0.004299900
960	1.950000000	0.004299900
961	1.962500000	0.004299900
962	1.975000000	0.004299900
963	1.987500000	0.004299900
964	2.000000000	0.004299900
965	-1.000000000	0.005864089
966	-0.987500000	0.005864089
967	-0.975000000	0.005864089
968	-0.962500000	0.005864089
969	-0.950000000	0.005864089
970	-0.937500000	0.005864089
971	-0.925000000	0.005864089
972	-0.912500000	0.005864089
973	-0.900000000	0.005864089
974	-0.887500000	0.005864089
975	-0.875000000	0.005864089
976	-0.862500000	0.005864089
977	-0.850000000	0.005864089
978	-0.837500000	0.005864089
979	-0.825000000	0.005864089
980	-0.812500000	0.005864089
981	-0.800000000	0.005864089
982	-0.787500000	0.005864089
983	-0.775000000	0.005864089
984	-0.762500000	0.005864089
985	-0.750000000	0.005864089
986	-0.737500000	0.005864089
987	-0.725000000	0.005864089
988	-0.712500000	0.005864089
989	-0.700000000	0.005864089
990	-0.687500000	0.005864089
991	-0.675000000	0.005864089
992	-0.662500000	0.005864089
993	-0.650000000	0.005864089
994	-0.637500000	0.005864089
995	-0.625000000	0.005864089
996	-0.612500000	0.005864089
997	-0.600000000	0.005864089
998	-0.587500000	0.005864089
999	-0.575000000	0.005864089
1000	-0.562500000	0.005864089
1001	-0.550000000	0.005864089
1002	-0.537500000	0.005864089
1003	-0.525000000	0.005864089
1004	-0.512500000	0.005864089
1005	-0.500000000	0.005864089
1006	-0.487500000	0.005864089
1007	-0.475000000	0.005864089
1008	-0.462500000	0.005864089
1009	-0.450000000	0.005864089
1010	-0.437500000	0.005864089
1011	-0.425000000	0.005864089
1012	-0.412500000	0.005864089
1013	-0.400000000	0.005864089
1014	-0.387500000	0.005864089
1015	-0.375000000	0.005864089
1016	-0.362500000	0.005864089
1017	-0.350000000	0.005864089
1018	-0.337500000	0.005864089
1019	-0.325000000	0.005864089
1020	-0.312500000	0.005864089
1021	-0.300000000	0.005864089
1022	-0.287500000	0.005864089
1023	-0.275000000	0.005864089
1024	-0.262500000	0.005864089
1025	-0.250000000	0.005864089
1026	-0.237500000	0.005864089
1027	-0.225000000	0.005864089
1028	-0.212500000	0.005864089
1029	-0.200000000	0.005864089
1030	-0.187500000	0.005864089
1031	-0.175000000	0.005864089
1032	-0.162500000	0.005864089
1033	-0.150000000	0.005864089
1034	-0.137500000	0.005864089
1035	-0.125000000	0.005864089
1036	-0.112500000	0.005864089
1037	-0.100000000	0.005864089
1038	-0.087500000	0.005864089
1039	-0.075000000	0.005864089
1040	-0.062500000	0.005864089
1041	-0.050000000	0.005864089
1042	-0.037500000	0.005864089
1043	-0.025000000	0.005864089
1044	-0.012500000	0.005864089
1045	0.000000000	0.005864089
1046	0.012500000	0.007425273
1047	0.025000000	0.008984049
1048	0.037500000	0.010538015
1049	0.050000000	0.012084774
1050	0.062500000	0.013621941
1051	0.075000000	0.015147146
1052	0.087500000	0.016658037
1053	0.100000000	0.018152284
1054	0.112500000	0.019627585
1055	0.125000000	0.021081663
1056	0.137500000	0.022512276
1057	0.150000000	0.023917219
1058	0.162500000	0.025294326
1059	0.175000000	0.026641472
1060	0.187500000	0.027956582
1061	0.200000000	0.029237626
1062	0.212500000	0.030482630
1063	0.225000000	0.031689674
1064	0.237500000	0.032856897
1065	0.250000000	0.033982499
1066	0.262500000	0.035064744
1067	0.275000000	0.036101964
1068	0.287500000	0.037092559
1069	0.300000000	0.038035003
1070	0.312500000	0.038927841
1071	0.325000000	0.039769697
1072	0.337500000	0.040559273
1073	0.350000000	0.041295352
1074	0.362500000	0.041976798
1075	0.375000000	0.042602562
1076	0.387500000	0.043171677
1077	0.400000000	0.043683266
1078	0.412500000	0.044136541
1079	0.425000000	0.044530803
1080	0.437500000	0.044865444
1081	0.450000000	0.045139947
1082	0.462500000	0.045353889
1083	0.475000000	0.045506942
1084	0.487500000	0.045598868
1085	0.500000000	0.045629525
1086	0.512500000	0.045598868
1087	0.525000000	0.045506942
1088	0.537500000	0.045353889
1089	0.550000000	0.045139947
1090	0.562500000	0.044865444
1091	0.575000000	0.044530803
1092	0.587500000	0.044136541
1093	0.600000000	0.043683266
1094	0.612500000	0.043171677
1095	0.625000000	0.042602562
1096	0.637500000	0.041976798
1097	0.650000000	0.041295352
1098	0.662500000	0.040559273
1099	0.675000000	0.039769697
1100	0.687500000	0.038927841
1101	0.700000000	0.038035003
1102	0.712500000	0.037092559
1103	0.725000000	0.036101964
1104	0.737500000	0.035064744
1105	0.750000000	0.033982499
1106	0.762500000	0.032856897
1107	0.775000000	0.031689674
1108	0.787500000	0.030482630
1109	0.800000000	0.029237626
1110	0.812500000	0.027956582
1111	0.825000000	0.026641472
1112	0.837500000	0.025294326
1113	0.850000000	0.023917219
1114	0.862500000	0.022512276
1115	0.875000000	0.021081663
1116	0.887500000	0.019627585
1117	0.900000000	0.018152284
1118	0.912500000	0.016658037
1119	0.925000000	0.015147146
1120	0.937500000	0.013621941
1121	0.950000000	0.012084774
1122	0.962500000	0.010538015
1123	0.975000000	0.008984049
1124	0.987500000	0.007425273
1125	1.000000000	0.005864089
1126	1.012500000	0.005864089
1127	1.025000000	0.005864089
1128	1.037500000	0.005864089
1129	1.050000000	0.005864089
1130	1.062500000	0.005864089
1131	1.075000000	0.005864089
1132	1.087500000	0.005864089
1133	1.100000000	0.005864089
1134	1.112500000	0.005864089
1135	1.125000000	0.005864089
1136	1.137500000	0.005864089
1137	1.150000000	0.005864089
1138	1.162500000	0.005864089
1139	1.175000000	0.005864089
1140	1.187500000	0.005864089
1141	1.200000000	0.005864089
1142	1.212500000	0.005864089
1143	1.225000000	0.005864089
1144	1.237500000	0.005864089
1145	1.250000000	0.005864089
1146	1.262500000	0.005864089
1147	1.275000000	0.005864089
1148	1.287500000	0.005864089
1149	1.300000000	0.005864089
1150	1.312500000	0.005864089
1151	1.325000000	0.005864089
1152	1.337500000	0.005864089
1153	1.350000000	0.005864089
1154	1.362500000	0.005864089
1155	1.375000000	0.005864089
1156	1.387500000	0.005864089
1157	1.400000000	0.005864089
1158	1.412500000	0.005864089
1159	1.425000000	0.005864089
1160	1.437500000	0.005864089
1161	1.450000000	0.005864089
1162	1.462500000	0.005864089
1163	1.475000000	0.005864089
1164	1.487500000	0.005864089
1165	1.500000000	0.005864089
1166	1.512500000	0.005864089
1167	1.525000000	0.005864089
1168	1.537500000	0.005864089
1169	1.550000000	0.005864089
1170	1.562500000	0.005864089
1171	1.575000000	0.005864089
1172	1.587500000	0.005864089
1173	1.600000000	0.005864089
1174	1.612500000	0.005864089
1175	1.625000000	0.005864089
1176	1.637500000	0.005864089
1177	1.650000000	0.005864089
1178	1.662500000	0.005864089
1179	1.675000000	0.005864089
1180	1.687500000	0.005864089
1181	1.700000000	0.005864089
1182	1.712500000	0.005864089
1183	1.725000000	0.005864089
1184	1.737500000	0.005864089
1185	1.750000000	0.005864089
1186	1.762500000	0.005864089
1187	1.775000000	0.005864089
1188	1.787500000	0.005864089
1189	1.800000000	0.005864089
1190	1.812500000	0.005864089
1191	1.825000000	0.005864089
1192	1.837500000	0.005864089
1193	1.850000000	0.005864089
1194	1.862500000	0.005864089
1195	1.875000000	0.005864089
1196	1.887500000	0.005864089
1197	1.900000000	0.005864089
1198	1.912500000	0.005864089
1199	1.925000000	0.005864089
1200	1.937500000	0.005864089
1201	1.950000000	0.005864089
1202	1.962500000	0.005864089
1203	1.975000000	0.005864089
1204	1.987500000	0.005864089
1205	2.000000000	0.005864089
1206	-1.000000000	0.007498666
1207	-0.987500000	0.007498666
1208	-0.975000000	0.007498666
1209	-0.962500000	0.007498666
1210	-0.950000000	0.007498666
1211	-0.937500000	0.007498666
1212	-0.925000000	0.007498666
1213	-0.912500000	0.007498666
1214	-0.900000000	0.007498666
1215	-0.887500000	0.007498666
1216	-0.875000000	0.007498666
1217	-0.862500000	0.007498666
1218	-0.850000000	0.007498666
1219	-0.837500000	0.007498666
1220	-0.825000000	0.007498666
1221	-0.812500000	0.007498666
1222	-0.800000000	0.007498666
1223	-0.787500000	0.007498666
1224	-0.775000000	0.007498666
1225	-0.762500000	0.007498666
1226	-0.750000000	0.007498666
1227	-0.737500000	0.007498666
1228	-0.725000000	0.007498666
1229	-0.712500000	0.007498666
1230	-0.700000000	0.007498666
1231	-0.687500000	0.007498666
1232	-0.675000000	0.007498666
1233	-0.662500000	0.007498666
1234	-0.650000000	0.007498666
1235	-0.637500000	0.007498666
1236	-0.625000000	0.007498666
1237	-0.612500000	0.007498666
1238	-0.600000000	0.007498666
1239	-0.587500000	0.007498666
1240	-0.575000000	0.007498666
1241	-0.562500000	0.007498666
1242	-0.550000000	0.007498666
1243	-0.537500000	0.007498666
1244	-0.525000000	0.007498666
1245	-0.512500000	0.007498666
1246	-0.500000000	0.007498666
1247	-0.487500000	0.007498666
1248	-0.475000000	0.007498666
1249	-0.462500000	0.007498666
1250	-0.450000000	0.007498666
1251	-0.437500000	0.007498666
1252	-0.425000000	0.007498666
1253	-0.412500000	0.007498666
1254	-0.400000000	0.007498666
1255	-0.387500000	0.007498666
1256	-0.375000000	0.007498666
1257	-0.362500000	0.007498666
1258	-0.350000000	0.007498666
1259	-0.337500000	0.007498666
1260	-0.325000000	0.007498666
1261	-0.312500000	0.007498666
1262	-0.300000000	0.007498666
1263	-0.287500000	0.007498666
1264	-0.275000000	0.007498666
1265	-0.262500000	0.007498666
1266	-0.250000000	0.007498666
1267	-0.237500000	0.007498666
1268	-0.225000000	0.007498666
1269	-0.212500000	0.007498666
1270	-0.200000000	0.007498666
1271	-0.187500000	0.007498666
1272	-0.175000000	0.007498666
1273	-0.162500000	0.007498666
1274	-0.150000000	0.007498666
1275	-0.137500000	0.007498666
1276	-0.125000000	0.007498666
1277	-0.112500000	0.007498666
1278	-0.100000000	0.007498666
1279	-0.087500000	0.007498666
1280	-0.075000000	0.007498666
1281	-0.062500000	0.007498666
1282	-0.050000000	0.007498666
1283	-0.037500000	0.007498666
1284	-0.025000000	0.007498666
1285	-0.012500000	0.007498666
1286	0.000000000	0.007498666
1287	0.012500000	0.009057283
1288	0.025000000	0.010613497
1289	0.037500000	0.012164907
1290	0.050000000	0.013709123
1291	0.062500000	0.015243762
1292	0.075000000	0.016766460
1293	0.087500000	0.018274867
1294	0.100000000	0.019766657
1295	0.112500000	0.021239532
1296	0.125000000	0.022691219
1297	0.137500000	0.024119480
1298	0.150000000	0.025522113
1299	0.162500000	0.026896956
1300	0.175000000	0.028241887
1301	0.187500000	0.029554834
1302	0.200000000	0.030833772
1303	0.212500000	0.032076729
1304	0.225000000	0.033281788
1305	0.237500000	0.034447092
1306	0.250000000	0.035570843
1307	0.262500000	0.036651309
1308	0.275000000	0.037686824
1309	0.287500000	0.038675790
1310	0.300000000	0.039616684
1311	0.312500000	0.040508054
1312	0.325000000	0.041348526
1313	0.337500000	0.042136804
1314	0.350000000	0.042871673
1315	0.362500000	0.043551999
1316	0.375000000	0.044176733
1317	0.387500000	0.044744912
1318	0.400000000	0.045255661
1319	0.412500000	0.045708191
1320	0.425000000	0.046101804
1321	0.437500000	0.046435894
1322	0.450000000	0.046709946
1323	0.462500000	0.046923537
1324	0.475000000	0.047076338
1325	0.487500000	0.047168112
1326	0.500000000	0.047198720
1327	0.512500000	0.047168112
1328	0.525000000	0.047076338
1329	0.537500000	0.046923537
1330	0.550000000	0.046709946
1331	0.562500000	0.046435894
1332	0.575000000	0.046101804
1333	0.587500000	0.045708191
1334	0.600000000	0.045255661
1335	0.612500000	0.044744912
1336	0.625000000	0.044176733
1337	0.637500000	0.043551999
1338	0.650000000	0.042871673
1339	0.662500000	0.042136804
1340	0.675000000	0.041348526
1341	0.687500000	0.040508054
1342	0.700000000	0.039616684
1343	0.712500000	0.038675790
1344	0.725000000	0.037686824
1345	0.737500000	0.036651309
1346	0.750000000	0.035570843
1347	0.762500000	0.034447092
1348	0.775000000	0.033281788
1349	0.787500000	0.032076729
1350	0.800000000	0.030833772
1351	0.812500000	0.029554834
1352	0.825000000	0.028241887
1353	0.837500000	0.026896956
1354	0.850000000	0.025522113
1355	0.862500000	0.024119480
1356	0.875000000	0.022691219
1357	0.887500000	0.021239532
1358	0.900000000	0.019766657
1359	0.912500000	0.018274867
1360	0.925000000	0.016766460
1361	0.937500000	0.015243762
1362	0.950000000	0.013709123
1363	0.962500000	0.012164907
1364	0.975000000	0.010613497
1365	0.987500000	0.009057283
1366	1.000000000	0.007498666
1367	1.012500000	0.007498666
1368	1.025000000	0.007498666
1369	1.037500000	0.007498666
1370	1.050000000	0.007498666
1371	1.062500000	0.007498666
1372	1.075000000	0.007498666
1373	1.087500000	0.007498666
1374	1.100000000	0.007498666
1375	1.112500000	0.007498666
1376	1.125000000	0.007498666
1377	1.137500000	0.007498666
1378	1.150000000	0.007498666
1379	1.162500000	0.007498666
1380	1.175000000	0.007498666
1381	1.187500000	0.007498666
1382	1.200000000	0.007498666
1383	1.212500000	0.007498666
1384	1.225000000	0.007498666
1385	1.237500000	0.007498666
1386	1.250000000	0.007498666
1387	1.262500000	0.007498666
1388	1.275000000	0.007498666
1389	1.287500000	0.007498666
1390	1.300000000	0.007498666
1391	1.312500000	0.007498666
1392	1.325000000	0.007498666
1393	1.337500000	0.007498666
1394	1.350000000	0.007498666
1395	1.362500000	0.007498666
1396	1.375000000	0.007498666
1397	1.387500000	0.007498666
1398	1.400000000	0.007498666
1399	1.412500000	0.007498666
1400	1.425000000	0.007498666
1401	1.437500000	0.007498666
1402	1.450000000	0.007498666
1403	1.462500000	0.007498666
1404	1.475000000	0.007498666
1405	1.487500000	0.007498666
1406	1.500000000	0.007498666
1407	1.512500000	0.007498666
1408	1.525000000	0.007498666
1409	1.537500000	0.007498666
1410	1.550000000	0.007498666
1411	1.562500000	0.007498666
1412	1.575000000	0.007498666
1413	1.587500000	0.007498666
1414	1.600000000	0.007498666
1415	1.612500000	0.007498666
1416	1.625000000	0.007498666
1417	1.637500000	0.007498666
1418	1.650000000	0.007498666
1419	1.662500000	0.007498666
1420	1.675000000	0.007498666
1421	1.687500000	0.007498666
1422	1.700000000	0.007498666
1423	1.712500000	0.007498666
1424	1.725000000	0.007498666
1425	1.737500000	0.007498666
1426	1.750000000	0.007498666
1427	1.762500000	0.007498666
1428	1.775000000	0.007498666
1429	1.787500000	0.007498666
1430	1.800000000	0.007498666
1431	1.812500000	0.007498666
1432	1.825000000	0.007498666
1433	1.837500000	0.007498666
1434	1.850000000	0.007498666
1435	1.862500000	0.007498666
1436	1.875000000	0.007498666
1437	1.887500000	0.007498666
1438	1.900000000	0.007498666
1439	1.912500000	0.007498666
1440	1.925000000	0.007498666
1441	1.937500000	0.007498666
1442	1.950000000	0.007498666
1443	1.962500000	0.007498666
1444	1.975000000	0.007498666
1445	1.987500000	0.007498666
1446	2.000000000	0.007498666
1447	-1.000000000	0.009206800
1448	-0.987500000	0.009206800
1449	-0.975000000	0.009206800
1450	-0.962500000	0.009206800
1451	-0.950000000	0.009206800
1452	-0.937500000	0.009206800
1453	-0.925000000	0.009206800
1454	-0.912500000	0.009206800
1455	-0.900000000	0.009206800
1456	-0.887500000	0.009206800
1457	-0.875000000	0.009206800
1458	-0.862500000	0.009206800
1459	-0.850000000	0.009206800
1460	-0.837500000	0.009206800
1461	-0.825000000	0.009206800
1462	-0.812500000	0.009206800
1463	-0.800000000	0.009206800
1464	-0.787500000	0.009206800
1465	-0.775000000	0.009206800
1466	-0.762500000	0.009206800
1467	-0.750000000	0.009206800
1468	-0.737500000	0.009206800
1469	-0.725000000	0.009206800
1470	-0.712500000	0.009206800
1471	-0.700000000	0.009206800
1472	-0.687500000	0.009206800
1473	-0.675000000	0.009206800
1474	-0.662500000	0.009206800
1475	-0.650000000	0.009206800
1476	-0.637500000	0.009206800
1477	-0.625000000	0.009206800
1478	-0.612500000	0.009206800
1479	-0.600000000	0.009206800
1480	-0.587500000	0.009206800
1481	-0.575000000	0.009206800
1482	-0.562500000	0.009206800
1483	-0.550000000	0.009206800
1484	-0.537500000	0.009206800
1485	-0.525000000	0.009206800
1486	-0.512500000	0.009206800
1487	-0.500000000	0.009206800
1488	-0.487500000	0.009206800
1489	-0.475000000	0.009206800
1490	-0.462500000	0.009206800
1491	-0.450000000	0.009206800
1492	-0.437500000	0.009206800
1493	-0.425000000	0.009206800
1494	-0.412500000	0.009206800
1495	-0.400000000	0.009206800
1496	-0.387500000	0.009206800
1497	-0.375000000	0.009206800
1498	-0.362500000	0.009206800
1499	-0.350000000	0.009206800
1500	-0.337500000	0.009206800
1501	-0.325000000	0.009206800
1502	-0.312500000	0.009206800
1503	-0.300000000	0.009206800
1504	-0.287500000	0.009206800
1505	-0.275000000	0.009206800
1506	-0.262500000	0.009206800
1507	-0.250000000	0.009206800
1508	-0.237500000	0.009206800
1509	-0.225000000	0.009206800
1510	-0.212500000	0.009206800
1511	-0.200000000	0.009206800
1512	-0.187500000	0.009206800
1513	-0.175000000	0.009206800
1514	-0.162500000	0.009206800
1515	-0.150000000	0.009206800
1516	-0.137500000	0.009206800
1517	-0.125000000	0.009206800
1518	-0.112500000	0.009206800
1519	-0.100000000	0.009206800
1520	-0.087500000	0.009206800
1521	-0.075000000	0.009206800
1522	-0.062500000	0.009206800
1523	-0.050000000	0.009206800
1524	-0.037500000	0.009206800
1525	-0.025000000	0.009206800
1526	-0.012500000	0.009206800
1527	0.000000000	0.009206800
1528	0.012500000	0.010762734
1529	0.025000000	0.012316269
1530	0.037500000	0.013865010
1531	0.050000000	0.015406568
1532	0.062500000	0.016938566
1533	0.075000000	0.018458643
1534	0.087500000	0.019964454
1535	0.100000000	0.021453677
1536	0.112500000	0.022924017
1537	0.125000000	0.024373205
1538	0.137500000	0.025799009
1539	0.150000000	0.027199228
1540	0.162500000	0.028571704
1541	0.175000000	0.029914321
1542	0.187500000	0.031225008
1543	0.200000000	0.032501745
1544	0.212500000	0.033742563
1545	0.225000000	0.034945548
1546	0.237500000	0.036108846
1547	0.250000000	0.037230663
1548	0.262500000	0.038309270
1549	0.275000000	0.039343002
1550	0.287500000	0.040330267
1551	0.300000000	0.041269541
1552	0.312500000	0.042159377
1553	0.325000000	0.042998403
1554	0.337500000	0.043785324
1555	0.350000000	0.044518928
1556	0.362500000	0.045198083
1557	0.375000000	0.045821742
1558	0.387500000	0.046388944
1559	0.400000000	0.046898813
1560	0.412500000	0.047350564
1561	0.425000000	0.047743500
1562	0.437500000	0.048077015
1563	0.450000000	0.048350595
1564	0.462500000	0.048563819
1565	0.475000000	0.048716356
1566	0.487500000	0.048807973
1567	0.500000000	0.048838528
1568	0.512500000	0.048807973
1569	0.525000000	0.048716356
1570	0.537500000	0.048563819
1571	0.550000000	0.048350595
1572	0.562500000	0.048077015
1573	0.575000000	0.047743500
1574	0.587500000	0.047350564
1575	0.600000000	0.046898813
1576	0.612500000	0.046388944
1577	0.625000000	0.045821742
1578	0.637500000	0.045198083
1579	0.650000000	0.044518928
1580	0.662500000	0.043785324
1581	0.675000000	0.042998403
1582	0.687500000	0.042159377
1583	0.700000000	0.041269541
1584	0.712500000	0.040330267
1585	0.725000000	0.039343002
1586	0.737500000	0.038309270
1587	0.750000000	0.037230663
1588	0.762500000	0.036108846
1589	0.775000000	0.034945548
1590	0.787500000	0.033742563
1591	0.800000000	0.032501745
1592	0.812500000	0.031225008
1593	0.825000000	0.029914321
1594	0.837500000	0.028571704
1595	0.850000000	0.027199228
1596	0.862500000	0.025799009
1597	0.875000000	0.024373205
1598	0.887500000	0.022924017
1599	0.900000000	0.021453677
1600	0.912500000	0.019964454
1601	0.925000000	0.018458643
1602	0.937500000	0.016938566
1603	0.950000000	0.015406568
1604	0.962500000	0.013865010
1605	0.975000000	0.012316269
1606	0.987500000	0.010762734
1607	1.000000000	0.009206800
1608	1.012500000	0.009206800
1609	1.025000000	0.009206800
1610	1.037500000	0.009206800
1611	1.050000000	0.009206800
1612	1.062500000	0.009206800
1613	1.075000000	0.009206800
1614	1.087500000	0.009206800
1615	1.100000000	0.009206800
1616	1.112500000	0.009206800
1617	1.125000000	0.009206800
1618	1.137500000	0.009206800
1619	1.150000000	0.009206800
1620	1.162500000	0.009206800
1621	1.175000000	0.009206800
1622	1.187500000	0.009206800
1623	1.200000000	0.009206800
1624	1.212500000	0.009206800
1625	1.225000000	0.009206800
1626	1.237500000	0.009206800
1627	1.250000000	0.009206800
1628	1.262500000	0.009206800
1629	1.275000000	0.009206800
1630	1.287500000	0.009206800
1631	1.300000000	0.009206800
1632	1.312500000	0.009206800
1633	1.325000000	0.009206800
1634	1.337500000	0.009206800
1635	1.350000000	0.009206800
1636	1.362500000	0.009206800
1637	1.375000000	0.009206800
1638	1.387500000	0.009206800
1639	1.400000000	0.009206800
1640	1.412500000	0.009206800
1641	1.425000000	0.009206800
1642	1.437500000	0.009206800
1643	1.450000000	0.009206800
1644	1.462500000	0.009206800
1645	1.475000000	0.009206800
1646	1.487500000	0.009206800
1647	1.500000000	0.009206800
1648	1.512500000	0.009206800
1649	1.525000000	0.009206800
1650	1.537500000	0.009206800
1651	1.550000000	0.009206800
1652	1.562500000	0.009206800
1653	1.575000000	0.009206800
1654	1.587500000	0.009206800
1655	1.600000000	0.009206800
1656	1.612500000	0.009206800
1657	1.625000000	0.009206800
1658	1.637500000	0.009206800
1659	1.650000000	0.009206800
1660	1.662500000	0.009206800
1661	1.675000000	0.009206800
1662	1.687500000	0.009206800
1663	1.700000000	0.009206800
1664	1.712500000	0.009206800
1665	1.725000000	0.009206800
1666	1.737500000	0.009206800
1667	1.750000000	0.009206800
1668	1.762500000	0.009206800
1669	1.775000000	0.009206800
1670	1.787500000	0.009206800
1671	1.800000000	0.009206800
1672	1.812500000	0.009206800
1673	1.825000000	0.009206800
1674	1.837500000	0.009206800
1675	1.850000000	0.009206800
1676	1.862500000	0.009206800
1677	1.875000000	0.009206800
1678	1.887500000	0.009206800
1679	1.900000000	0.009206800
1680	1.912500000	0.009206800
1681	1.925000000	0.009206800
1682	1.937500000	0.009206800
1683	1.950000000	0.009206800
1684	1.962500000	0.009206800
1685	1.975000000	0.009206800
1686	1.987500000	0.009206800
1687	2.000000000	0.009206800
1688	-1.000000000	0.010991799
1689	-0.987500000	0.010991799
1690	-0.975000000	0.010991799
1691	-0.962500000	0.010991799
1692	-0.950000000	0.010991799
1693	-0.937500000	0.010991799
1694	-0.925000000	0.010991799
1695	-0.912500000	0.010991799
1696	-0.900000000	0.010991799
1697	-0.887500000	0.010991799
1698	-0.875000000	0.010991799
1699	-0.862500000	0.010991799
1700	-0.850000000	0.010991799
1701	-0.837500000	0.010991799
1702	-0.825000000	0.010991799
1703	-0.812500000	0.010991799
1704	-0.800000000	0.010991799
1705	-0.787500000	0.010991799
1706	-0.775000000	0.010991799
1707	-0.762500000	0.010991799
1708	-0.750000000	0.010991799
1709	-0.737500000	0.010991799
1710	-0.725000000	0.010991799
1711	-0.712500000	0.010991799
1712	-0.700000000	0.010991799
1713	-0.687500000	0.010991799
1714	-0.675000000	0.010991799
1715	-0.662500000	0.010991799
1716	-0.650000000	0.010991799
1717	-0.637500000	0.010991799
1718	-0.625000000	0.010991799
1719	-0.612500000	0.010991799
1720	-0.600000000	0.010991799
1721	-0.587500000	0.010991799
1722	-0.575000000	0.010991799
1723	-0.562500000	0.010991799
1724	-0.550000000	0.010991799
1725	-0.537500000	0.010991799
1726	-0.525000000	0.010991799
1727	-0.512500000	0.010991799
1728	-0.500000000	0.010991799
1729	-0.487500000	0.010991799
1730	-0.475000000	0.010991799
1731	-0.462500000	0.010991799
1732	-0.450000000	0.010991799
1733	-0.437500000	0.010991799
1734	-0.425000000	0.010991799
1735	-0.412500000	0.010991799
1736	-0.400000000	0.010991799
1737	-0.387500000	0.010991799
1738	-0.375000000	0.010991799
1739	-0.362500000	0.010991799
1740	-0.350000000	0.010991799
1741	-0.337500000	0.010991799
1742	-0.325000000	0.010991799
1743	-0.312500000	0.010991799
1744	-0.300000000	0.010991799
1745	-0.287500000	0.010991799
1746	-0.275000000	0.010991799
1747	-0.262500000	0.010991799
1748	-0.250000000	0.010991799
1749	-0.237500000	0.010991799
1750	-0.225000000	0.010991799
1751	-0.212500000	0.010991799
1752	-0.200000000	0.010991799
1753	-0.187500000	0.010991799
1754	-0.175000000	0.010991799
1755	-0.162500000	0.010991799
1756	-0.150000000	0.010991799
1757	-0.137500000	0.010991799
1758	-0.125000000	0.010991799
1759	-0.112500000	0.010991799
1760	-0.100000000	0.010991799
1761	-0.087500000	0.010991799
1762	-0.075000000	0.010991799
1763	-0.062500000	0.010991799
1764	-0.050000000	0.010991799
1765	-0.037500000	0.010991799
1766	-0.025000000	0.010991799
1767	-0.012500000	0.010991799
1768	0.000000000	0.010991799
1769	0.012500000	0.012544930
1770	0.025000000	0.014095667
1771	0.037500000	0.015641617
1772	0.050000000	0.017180398
1773	0.062500000	0.018709636
1774	0.075000000	0.020226974
1775	0.087500000	0.021730073
1776	0.100000000	0.023216613
1777	0.112500000	0.024684304
1778	0.125000000	0.026130881
1779	0.137500000	0.027554116
1780	0.150000000	0.028951812
1781	0.162500000	0.030321816
1782	0.175000000	0.031662014
1783	0.187500000	0.032970340
1784	0.200000000	0.034244777
1785	0.212500000	0.035483359
1786	0.225000000	0.036684177
1787	0.237500000	0.037845379
1788	0.250000000	0.038965175
1789	0.262500000	0.040041839
1790	0.275000000	0.041073709
1791	0.287500000	0.042059195
1792	0.300000000	0.042996777
1793	0.312500000	0.043885010
1794	0.325000000	0.044722524
1795	0.337500000	0.045508028
1796	0.350000000	0.046240310
1797	0.362500000	0.046918241
1798	0.375000000	0.047540777
1799	0.387500000	0.048106956
1800	0.400000000	0.048615907
1801	0.412500000	0.049066844
1802	0.425000000	0.049459072
1803	0.437500000	0.049791987
1804	0.450000000	0.050065074
1805	0.462500000	0.050277913
1806	0.475000000	0.050430176
1807	0.487500000	0.050521628
1808	0.500000000	0.050552127
1809	0.512500000	0.050521628
1810	0.525000000	0.050430176
1811	0.537500000	0.050277913
1812	0.550000000	0.050065074
1813	0.562500000	0.049791987
1814	0.575000000	0.049459072
1815	0.587500000	0.049066844
1816	0.600000000	0.048615907
1817	0.612500000	0.048106956
1818	0.625000000	0.047540777
1819	0.637500000	0.046918241
1820	0.650000000	0.046240310
1821	0.662500000	0.045508028
1822	0.675000000	0.044722524
1823	0.687500000	0.043885010
1824	0.700000000	0.042996777
1825	0.712500000	0.042059195
1826	0.725000000	0.041073709
1827	0.737500000	0.040041839
1828	0.750000000	0.038965175
1829	0.762500000	0.037845379
1830	0.775000000	0.036684177
1831	0.787500000	0.035483359
1832	0.800000000	0.034244777
1833	0.812500000	0.032970340
1834	0.825000000	0.031662014
1835	0.837500000	0.030321816
1836	0.850000000	0.028951812
1837	0.862500000	0.027554116
1838	0.875000000	0.026130881
1839	0.887500000	0.024684304
1840	0.900000000	0.023216613
1841	0.912500000	0.021730073
1842	0.925000000	0.020226974
1843	0.937500000	0.018709636
1844	0.950000000	0.017180398
1845	0.962500000	0.015641617
1846	0.975000000	0.014095667
1847	0.987500000	0.012544930
1848	1.000000000	0.010991799
1849	1.012500000	0.010991799
1850	1.025000000	0.010991799
1851	1.037500000	0.010991799
1852	1.050000000	0.010991799
1853	1.062500000	0.010991799
1854	1.075000000	0.010991799
1855	1.087500000	0.010991799
1856	1.100000000	0.010991799
1857	1.112500000	0.010991799
1858	1.125000000	0.010991799
1859	1.137500000	0.010991799
1860	1.150000000	0.010991799
1861	1.162500000	0.010991799
1862	1.175000000	0.010991799
1863	1.187500000	0.010991799
1864	1.200000000	0.010991799
1865	1.212500000	0.010991799
1866	1.225000000	0.010991799
1867	1.237500000	0.010991799
1868	1.250000000	0.010991799
1869	1.262500000	0.010991799
1870	1.275000000	0.010991799
1871	1.287500000	0.010991799
1872	1.300000000	0.010991799
1873	1.312500000	0.010991799
1874	1.325000000	0.010991799
1875	1.337500000	0.010991799
1876	1.350000000	0.010991799
1877	1.362500000	0.010991799
1878	1.375000000	0.010991799
1879	1.387500000	0.010991799
1880	1.400000000	0.010991799
1881	1.412500000	0.010991799
1882	1.425000000	0.010991799
1883	1.437500000	0.010991799
1884	1.450000000	0.010991799
1885	1.462500000	0.010991799
1886	1.475000000	0.010991799
1887	1.487500000	0.010991799
1888	1.500000000	0.010991799
1889	1.512500000	0.010991799
1890	1.525000000	0.010991799
1891	1.537500000	0.010991799
1892	1.550000000	0.010991799
1893	1.562500000	0.010991799
1894	1.575000000	0.010991799
1895	1.587500000	0.010991799
1896	1.600000000	0.010991799
1897	1.612500000	0.010991799
1898	1.625000000	0.010991799
1899	1.637500000	0.010991799
1900	1.650000000	0.010991799
1901	1.662500000	0.010991799
1902	1.675000000	0.010991799
1903	1.687500000	0.010991799
1904	1.700000000	0.010991799
1905	1.712500000	0.010991799
1906	1.725000000	0.010991799
1907	1.737500000	0.010991799
1908	1.750000000	0.010991799
1909	1.762500000	0.010991799
1910	1.775000000	0.010991799
1911	1.787500000	0.010991799
1912	1.800000000	0.010991799
1913	1.812500000	0.010991799
1914	1.825000000	0.010991799
1915	1.837500000	0.010991799
1916	1.850000000	0.010991799
1917	1.862500000	0.010991799
1918	1.875000000	0.010991799
1919	1.887500000	0.010991799
1920	1.900000000	0.010991799
1921	1.912500000	0.010991799
1922	1.925000000	0.010991799
1923	1.937500000	0.010991799
1924	1.950000000	0.010991799
1925	1.962500000	0.010991799
1926	1.975000000	0.010991799
1927	1.987500000	0.010991799
1928	2.000000000	0.010991799
1929	-1.000000000	0.012857124
1930	-0.987500000	0.012857124
1931	-0.975000000	0.012857124
1932	-0.962500000	0.012857124
1933	-0.950000000	0.012857124
1934	-0.937500000	0.012857124
1935	-0.925000000	0.012857124
1936	-0.912500000	0.012857124
1937	-0.900000000	0.012857124
1938	-0.887500000	0.012857124
1939	-0.875000000	0.012857124
1940	-0.862500000	0.012857124
1941	-0.850000000	0.012857124
1942	-0.837500000	0.012857124
1943	-0.825000000	0.012857124
1944	-0.812500000	0.012857124
1945	-0.800000000	0.012857124
1946	-0.787500000	0.012857124
1947	-0.775000000	0.012857124
1948	-0.762500000	0.012857124
1949	-0.750000000	0.012857124
1950	-0.737500000	0.012857124
1951	-0.725000000	0.012857124
1952	-0.712500000	0.012857124
1953	-0.700000000	0.012857124
1954	-0.687500000	0.012857124
1955	-0.675000000	0.012857124
1956	-0.662500000	0.012857124
1957	-0.650000000	0.012857124
1958	-0.637500000	0.012857124
1959	-0.625000000	0.012857124
1960	-0.612500000	0.012857124
1961	-0.600000000	0.012857124
1962	-0.587500000	0.012857124
1963	-0.575000000	0.012857124
1964	-0.562500000	0.012857124
1965	-0.550000000	0.012857124
1966	-0.537500000	0.012857124
1967	-0.525000000	0.012857124
1968	-0.512500000	0.012857124
1969	-0.500000000	0.012857124
1970	-0.487500000	0.012857124
1971	-0.475000000	0.012857124
1972	-0.462500000	0.012857124
1973	-0.450000000	0.012857124
1974	-0.437500000	0.012857124
1975	-0.425000000	0.012857124
1976	-0.412500000	0.012857124
1977	-0.400000000	0.012857124
1978	-0.387500000	0.012857124
1979	-0.375000000	0.012857124
1980	-0.362500000	0.012857124
1981	-0.350000000	0.012857124
1982	-0.337500000	0.012857124
1983	-0.325000000	0.012857124
1984	-0.312500000	0.012857124
1985	-0.300000000	0.012857124
1986	-0.287500000	0.012857124
1987	-0.275000000	0.012857124
1988	-0.262500000	0.012857124
1989	-0.250000000	0.012857124
1990	-0.237500000	0.012857124
1991	-0.225000000	0.012857124
1992	-0.212500000	0.012857124
1993	-0.200000000	0.012857124
1994	-0.187500000	0.012857124
1995	-0.175000000	0.012857124
1996	-0.162500000	0.012857124
1997	-0.150000000	0.012857124
1998	-0.137500000	0.012857124
1999	-0.125000000	0.012857124
2000	-0.112500000	0.012857124
2001	-0.100000000	0.012857124
2002	-0.087500000	0.012857124
2003	-0.075000000	0.012857124
2004	-0.062500000	0.012857124
2005	-0.050000000	0.012857124
2006	-0.037500000	0.012857124
2007	-0.025000000	0.012857124
2008	-0.012500000	0.012857124
2009	0.000000000	0.012857124
2010	0.012500000	0.014407326
2011	0.025000000	0.015955137
2012	0.037500000	0.017498172
2013	0.050000000	0.019034050
2014	0.062500000	0.020560405
2015	0.075000000	0.022074881
2016	0.087500000	0.023575144
2017	0.100000000	0.025058881
2018	0.112500000	0.026523803
2019	0.125000000	0.027967653
2020	0.137500000	0.029388203
2021	0.150000000	0.030783263
2022	0.162500000	0.032150683
2023	0.175000000	0.033488353
2024	0.187500000	0.034794212
2025	0.200000000	0.036066245
2026	0.212500000	0.037302491
2027	0.225000000	0.038501044
2028	0.237500000	0.039660057
2029	0.250000000	0.040777741
2030	0.262500000	0.041852373
2031	0.275000000	0.042882297
2032	0.287500000	0.043865924
2033	0.300000000	0.044801738
2034	0.312500000	0.045688296
2035	0.325000000	0.046524230
2036	0.337500000	0.047308252
2037	0.350000000	0.048039153
2038	0.362500000	0.048715806
2039	0.375000000	0.049337168
2040	0.387500000	0.049902280
2041	0.400000000	0.050410270
2042	0.412500000	0.050860357
2043	0.425000000	0.051251845
2044	0.437500000	0.051584132
2045	0.450000000	0.051856704
2046	0.462500000	0.052069142
2047	0.475000000	0.052221118
2048	0.487500000	0.052312397
2049	0.500000000	0.052342839
2050	0.512500000	0.052312397
2051	0.525000000	0.052221118
2052	0.537500000	0.052069142
2053	0.550000000	0.051856704
2054	0.562500000	0.051584132
2055	0.575000000	0.051251845
2056	0.587500000	0.050860357
2057	0.600000000	0.050410270
2058	0.612500000	0.049902280
2059	0.625000000	0.049337168
2060	0.637500000	0.048715806
2061	0.650000000	0.048039153
2062	0.662500000	0.047308252
2063	0.675000000	0.046524230
2064	0.687500000	0.045688296
2065	0.700000000	0.044801738
2066	0.712500000	0.043865924
2067	0.725000000	0.042882297
2068	0.737500000	0.041852373
2069	0.750000000	0.040777741
2070	0.762500000	0.039660057
2071	0.775000000	0.038501044
2072	0.787500000	0.037302491
2073	0.800000000	0.036066245
2074	0.812500000	0.034794212
2075	0.825000000	0.033488353
2076	0.837500000	0.032150683
2077	0.850000000	0.030783263
2078	0.862500000	0.029388203
2079	0.875000000	0.027967653
2080	0.887500000	0.026523803
2081	0.900000000	0.025058881
2082	0.912500000	0.023575144
2083	0.925000000	0.022074881
2084	0.937500000	0.020560405
2085	0.950000000	0.019034050
2086	0.962500000	0.017498172
2087	0.975000000	0.015955137
2088	0.987500000	0.014407326
2089	1.000000000	0.012857124
2090	1.012500000	0.012857124
2091	1.025000000	0.012857124
2092	1.037500000	0.012857124
2093	1.050000000	0.012857124
2094	1.062500000	0.012857124
2095	1.075000000	0.012857124
2096	1.087500000	0.012857124
2097	1.100000000	0.012857124
2098	1.112500000	0.012857124
2099	1.125000000	0.012857124
2100	1.137500000	0.012857124
2101	1.150000000	0.012857124
2102	1.162500000	0.012857124
2103	1.175000000	0.012857124
2104	1.187500000	0.012857124
2105	1.200000000	0.012857124
2106	1.212500000	0.012857124
2107	1.225000000	0.012857124
2108	1.237500000	0.012857124
2109	1.250000000	0.012857124
2110	1.262500000	0.012857124
2111	1.275000000	0.012857124
2112	1.287500000	0.012857124
2113	1.300000000	0.012857124
2114	1.312500000	0.012857124
2115	1.325000000	0.012857124
2116	1.337500000	0.012857124
2117	1.350000000	0.012857124
2118	1.362500000	0.012857124
2119	1.375000000	0.012857124
2120	1.387500000	0.012857124
2121	1.400000000	0.012857124
2122	1.412500000	0.012857124
2123	1.425000000	0.012857124
2124	1.437500000	0.012857124
2125	1.450000000	0.012857124
2126	1.462500000	0.012857124
2127	1.475000000	0.012857124
2128	1.487500000	0.012857124
2129	1.500000000	0.012857124
2130	1.512500000	0.012857124
2131	1.525000000	0.012857124
2132	1.537500000	0.012857124
2133	1.550000000	0.012857124
2134	1.562500000	0.012857124
2135	1.575000000	0.012857124
2136	1.587500000	0.012857124
2137	1.600000000	0.012857124
2138	1.612500000	0.012857124
2139	1.625000000	0.012857124
2140	1.637500000	0.012857124
2141	1.650000000	0.012857124
2142	1.662500000	0.012857124
2143	1.675000000	0.012857124
2144	1.687500000	0.012857124
2145	1.700000000	0.012857124
2146	1.712500000	0.012857124
2147	1.725000000	0.012857124
2148	1.737500000	0.012857124
2149	1.750000000	0.012857124
2150	1.762500000	0.012857124
2151	1.775000000	0.012857124
2152	1.787500000	0.012857124
2153	1.800000000	0.012857124
2154	1.812500000	0.012857124
2155	1.825000000	0.012857124
2156	1.837500000	0.012857124
2157	1.850000000	0.012857124
2158	1.862500000	0.012857124
2159	1.875000000	0.012857124
2160	1.887500000	0.012857124
2161	1.900000000	0.012857124
2162	1.912500000	0.012857124
2163	1.925000000	0.012857124
2164	1.937500000	0.012857124
2165	1.950000000	0.012857124
2166	1.962500000	0.012857124
2167	1.975000000	0.012857124
2168	1.987500000	0.012857124
2169	2.000000000	0.012857124
2170	-1.000000000	0.014806388
2171	-0.987500000	0.014806388
2172	-0.975000000	0.014806388
2173	-0.962500000	0.014806388
2174	-0.950000000	0.014806388
2175	-0.937500000	0.014806388
2176	-0.925000000	0.014806388
2177	-0.912500000	0.014806388
2178	-0.900000000	0.014806388
2179	-0.887500000	0.014806388
2180	-0.875000000	0.014806388
2181	-0.862500000	0.014806388
2182	-0.850000000	0.014806388
2183	-0.837500000	0.014806388
2184	-0.825000000	0.014806388
2185	-0.812500000	0.014806388
2186	-0.800000000	0.014806388
2187	-0.787500000	0.014806388
2188	-0.775000000	0.014806388
2189	-0.762500000	0.014806388
2190	-0.750000000	0.014806388
2191	-0.737500000	0.014806388
2192	-0.725000000	0.014806388
2193	-0.712500000	0.014806388
2194	-0.700000000	0.014806388
2195	-0.687500000	0.014806388
2196	-0.675000000	0.014806388
2197	-0.662500000	0.014806388
2198	-0.650000000	0.014806388
2199	-0.637500000	0.014806388
2200	-0.625000000	0.014806388
2201	-0.612500000	0.014806388
2202	-0.600000000	0.014806388
2203	-0.587500000	0.014806388
2204	-0.575000000	0.014806388
2205	-0.562500000	0.014806388
2206	-0.550000000	0.014806388
2207	-0.537500000	0.014806388
2208	-0.525000000	0.014806388
2209	-0.512500000	0.014806388
2210	-0.500000000	0.014806388
2211	-0.487500000	0.014806388
2212	-0.475000000	0.014806388
2213	-0.462500000	0.014806388
2214	-0.450000000	0.014806388
2215	-0.437500000	0.014806388
2216	-0.425000000	0.014806388
2217	-0.412500000	0.014806388
2218	-0.400000000	0.014806388
2219	-0.387500000	0.014806388
2220	-0.375000000	0.014806388
2221	-0.362500000	0.014806388
2222	-0.350000000	0.014806388
2223	-0.337500000	0.014806388
2224	-0.325000000	0.014806388
2225	-0.312500000	0.014806388
2226	-0.300000000	0.014806388
2227	-0.287500000	0.014806388
2228	-0.275000000	0.014806388
2229	-0.262500000	0.014806388
2230	-0.250000000	0.014806388
2231	-0.237500000	0.014806388
2232	-0.225000000	0.014806388
2233	-0.212500000	0.014806388
2234	-0.200000000	0.014806388
2235	-0.187500000	0.014806388
2236	-0.175000000	0.014806388
2237	-0.162500000	0.014806388
2238	-0.150000000	0.014806388
2239	-0.137500000	0.014806388
2240	-0.125000000	0.014806388
2241	-0.112500000	0.014806388
2242	-0.100000000	0.014806388
2243	-0.087500000	0.014806388
2244	-0.075000000	0.014806388
2245	-0.062500000	0.014806388
2246	-0.050000000	0.014806388
2247	-0.037500000	0.014806388
2248	-0.025000000	0.014806388
2249	-0.012500000	0.014806388
2250	0.000000000	0.014806388
2251	0.012500000	0.016353529
2252	0.025000000	0.017898284
2253	0.037500000	0.019438272
2254	0.050000000	0.020971117
2255	0.062500000	0.022494457
2256	0.075000000	0.024005943
2257	0.087500000	0.025503244
2258	0.100000000	0.026984051
2259	0.112500000	0.028446080
2260	0.125000000	0.029887079
2261	0.137500000	0.031304824
2262	0.150000000	0.032697129
2263	0.162500000	0.034061849
2264	0.175000000	0.035396878
2265	0.187500000	0.036700158
2266	0.200000000	0.037969679
2267	0.212500000	0.039203484
2268	0.225000000	0.040399671
2269	0.237500000	0.041556394
2270	0.250000000	0.042671871
2271	0.262500000	0.043744382
2272	0.275000000	0.044772272
2273	0.287500000	0.045753957
2274	0.300000000	0.046687923
2275	0.312500000	0.047572730
2276	0.325000000	0.048407014
2277	0.337500000	0.049189488
2278	0.350000000	0.049918945
2279	0.362500000	0.050594262
2280	0.375000000	0.051214396
2281	0.387500000	0.051778392
2282	0.400000000	0.052285380
2283	0.412500000	0.052734578
2284	0.425000000	0.053125293
2285	0.437500000	0.053456924
2286	0.450000000	0.053728958
2287	0.462500000	0.053940976
2288	0.475000000	0.054092651
2289	0.487500000	0.054183750
2290	0.500000000	0.054214132
2291	0.512500000	0.054183750
2292	0.525000000	0.054092651
2293	0.537500000	0.053940976
2294	0.550000000	0.053728958
2295	0.562500000	0.053456924
2296	0.575000000	0.053125293
2297	0.587500000	0.052734578
2298	0.600000000	0.052285380
2299	0.612500000	0.051778392
2300	0.625000000	0.051214396
2301	0.637500000	0.050594262
2302	0.650000000	0.049918945
2303	0.662500000	0.049189488
2304	0.675000000	0.048407014
2305	0.687500000	0.047572730
2306	0.700000000	0.046687923
2307	0.712500000	0.045753957
2308	0.725000000	0.044772272
2309	0.737500000	0.043744382
2310	0.750000000	0.042671871
2311	0.762500000	0.041556394
2312	0.775000000	0.040399671
2313	0.787500000	0.039203484
2314	0.800000000	0.037969679
2315	0.812500000	0.036700158
2316	0.825000000	0.035396878
2317	0.837500000	0.034061849
2318	0.850000000	0.032697129
2319	0.862500000	0.031304824
2320	0.875000000	0.029887079
2321	0.887500000	0.028446080
2322	0.900000000	0.026984051
2323	0.912500000	0.025503244
2324	0.925000000	0.024005943
2325	0.937500000	0.022494457
2326	0.950000000	0.020971117
2327	0.962500000	0.019438272
2328	0.975000000	0.017898284
2329	0.987500000	0.016353529
2330	1.000000000	0.014806388
2331	1.012500000	0.014806388
2332	1.025000000	0.014806388
2333	1.037500000	0.014806388
2334	1.050000000	0.014806388
2335	1.062500000	0.014806388
2336	1.075000000	0.014806388
2337	1.087500000	0.014806388
2338	1.100000000	0.014806388
2339	1.112500000	0.014806388
2340	1.125000000	0.014806388
2341	1.137500000	0.014806388
2342	1.150000000	0.014806388
2343	1.162500000	0.014806388
2344	1.175000000	0.014806388
2345	1.187500000	0.014806388
2346	1.200000000	0.014806388
2347	1.212500000	0.014806388
2348	1.225000000	0.014806388
2349	1.237500000	0.014806388
2350	1.250000000	0.014806388
2351	1.262500000	0.014806388
2352	1.275000000	0.014806388
2353	1.287500000	0.014806388
2354	1.300000000	0.014806388
2355	1.312500000	0.014806388
2356	1.325000000	0.014806388
2357	1.337500000	0.014806388
2358	1.350000000	0.014806388
2359	1.362500000	0.014806388
2360	1.375000000	0.014806388
2361	1.387500000	0.014806388
2362	1.400000000	0.014806388
2363	1.412500000	0.014806388
2364	1.425000000	0.014806388
2365	1.437500000	0.014806388
2366	1.450000000	0.014806388
2367	1.462500000	0.014806388
2368	1.475000000	0.014806388
2369	1.487500000	0.014806388
2370	1.500000000	0.014806388
2371	1.512500000	0.014806388
2372	1.525000000	0.014806388
2373	1.537500000	0.014806388
2374	1.550000000	0.014806388
2375	1.562500000	0.014806388
2376	1.575000000	0.014806388
2377	1.587500000	0.014806388
2378	1.600000000	0.014806388
2379	1.612500000	0.014806388
2380	1.625000000	0.014806388
2381	1.637500000	0.014806388
2382	1.650000000	0.014806388
2383	1.662500000	0.014806388
2384	1.675000000	0.014806388
2385	1.687500000	0.014806388
2386	1.700000000	0.014806388
2387	1.712500000	0.014806388
2388	1.725000000	0.014806388
2389	1.737500000	0.014806388
2390	1.750000000	0.014806388
2391	1.762500000	0.014806388
2392	1.775000000	0.014806388
2393	1.787500000	0.014806388
2394	1.800000000	0.014806388
2395	1.812500000	0.014806388
2396	1.825000000	0.014806388
2397	1.837500000	0.014806388
2398	1.850000000	0.014806388
2399	1.862500000	0.014806388
2400	1.875000000	0.014806388
2401	1.887500000	0.014806388
2402	1.900000000	0.014806388
2403	1.912500000	0.014806388
2404	1.925000000	0.014806388
2405	1.937500000	0.014806388
2406	1.950000000	0.014806388
2407	1.962500000	0.014806388
2408	1.975000000	0.014806388
2409	1.987500000	0.014806388
2410	2.000000000	0.014806388
2411	-1.000000000	0.016843369
2412	-0.987500000	0.016843369
2413	-0.975000000	0.016843369
2414	-0.962500000	0.016843369
2415	-0.950000000	0.016843369
2416	-0.937500000	0.016843369
2417	-0.925000000	0.016843369
2418	-0.912500000	0.016843369
2419	-0.900000000	0.016843369
2420	-0.887500000	0.016843369
2421	-0.875000000	0.016843369
2422	-0.862500000	0.016843369
2423	-0.850000000	0.016843369
2424	-0.837500000	0.016843369
2425	-0.825000000	0.016843369
2426	-0.812500000	0.016843369
2427	-0.800000000	0.016843369
2428	-0.787500000	0.016843369
2429	-0.775000000	0.016843369
2430	-0.762500000	0.016843369
2431	-0.750000000	0.016843369
2432	-0.737500000	0.016843369
2433	-0.725000000	0.016843369
2434	-0.712500000	0.016843369
2435	-0.700000000	0.016843369
2436	-0.687500000	0.016843369
2437	-0.675000000	0.016843369
2438	-0.662500000	0.016843369
2439	-0.650000000	0.016843369
2440	-0.637500000	0.016843369
2441	-0.625000000	0.016843369
2442	-0.612500000	0.016843369
2443	-0.600000000	0.016843369
2444	-0.587500000	0.016843369
2445	-0.575000000	0.016843369
2446	-0.562500000	0.016843369
2447	-0.550000000	0.016843369
2448	-0.537500000	0.016843369
2449	-0.525000000	0.016843369
2450	-0.512500000	0.016843369
2451	-0.500000000	0.016843369
2452	-0.487500000	0.016843369
2453	-0.475000000	0.016843369
2454	-0.462500000	0.016843369
2455	-0.450000000	0.016843369
2456	-0.437500000	0.016843369
2457	-0.425000000	0.016843369
2458	-0.412500000	0.016843369
2459	-0.400000000	0.016843369
2460	-0.387500000	0.016843369
2461	-0.375000000	0.016843369
2462	-0.362500000	0.016843369
2463	-0.350000000	0.016843369
2464	-0.337500000	0.016843369
2465	-0.325000000	0.016843369
2466	-0.312500000	0.016843369
2467	-0.300000000	0.016843369
2468	-0.287500000	0.016843369
2469	-0.275000000	0.016843369
2470	-0.262500000	0.016843369
2471	-0.250000000	0.016843369
2472	-0.237500000	0.016843369
2473	-0.225000000	0.016843369
2474	-0.212500000	0.016843369
2475	-0.200000000	0.016843369
2476	-0.187500000	0.016843369
2477	-0.175000000	0.016843369
2478	-0.162500000	0.016843369
2479	-0.150000000	0.016843369
2480	-0.137500000	0.016843369
2481	-0.125000000	0.016843369
2482	-0.112500000	0.016843369
2483	-0.100000000	0.016843369
2484	-0.087500000	0.016843369
2485	-0.075000000	0.016843369
2486	-0.062500000	0.016843369
2487	-0.050000000	0.016843369
2488	-0.037500000	0.016843369
2489	-0.025000000	0.016843369
2490	-0.012500000	0.016843369
2491	0.000000000	0.016843369
2492	0.012500000	0.018387311
2493	0.025000000	0.019928872
2494	0.037500000	0.021465676
2495	0.050000000	0.022995352
2496	0.062500000	0.024515543
2497	0.075000000	0.026023903
2498	0.087500000	0.027518108
2499	0.100000000	0.028995853
2500	0.112500000	0.030454860
2501	0.125000000	0.031892879
2502	0.137500000	0.033307693
2503	0.150000000	0.034697120
2504	0.162500000	0.036059017
2505	0.175000000	0.037391286
2506	0.187500000	0.038691871
2507	0.200000000	0.039958768
2508	0.212500000	0.041190022
2509	0.225000000	0.042383735
2510	0.237500000	0.043538067
2511	0.250000000	0.044651238
2512	0.262500000	0.045721531
2513	0.275000000	0.046747295
2514	0.287500000	0.047726951
2515	0.300000000	0.048658986
2516	0.312500000	0.049541963
2517	0.325000000	0.050374522
2518	0.337500000	0.051155378
2519	0.350000000	0.051883328
2520	0.362500000	0.052557248
2521	0.375000000	0.053176100
2522	0.387500000	0.053738930
2523	0.400000000	0.054244870
2524	0.412500000	0.054693139
2525	0.425000000	0.055083046
2526	0.437500000	0.055413991
2527	0.450000000	0.055685462
2528	0.462500000	0.055897042
2529	0.475000000	0.056048404
2530	0.487500000	0.056139315
2531	0.500000000	0.056169634
2532	0.512500000	0.056139315
2533	0.525000000	0.056048404
2534	0.537500000	0.055897042
2535	0.550000000	0.055685462
2536	0.562500000	0.055413991
2537	0.575000000	0.055083046
2538	0.587500000	0.054693139
2539	0.600000000	0.054244870
2540	0.612500000	0.053738930
2541	0.625000000	0.053176100
2542	0.637500000	0.052557248
2543	0.650000000	0.051883328
2544	0.662500000	0.051155378
2545	0.675000000	0.050374522
2546	0.687500000	0.049541963
2547	0.700000000	0.048658986
2548	0.712500000	0.047726951
2549	0.725000000	0.046747295
2550	0.737500000	0.045721531
2551	0.750000000	0.044651238
2552	0.762500000	0.043538067
2553	0.775000000	0.042383735
2554	0.787500000	0.041190022
2555	0.800000000	0.039958768
2556	0.812500000	0.038691871
2557	0.825000000	0.037391286
2558	0.837500000	0.036059017
2559	0.850000000	0.034697120
2560	0.862500000	0.033307693
2561	0.875000000	0.031892879
2562	0.887500000	0.030454860
2563	0.900000000	0.028995853
2564	0.912500000	0.027518108
2565	0.925000000	0.026023903
2566	0.937500000	0.024515543
2567	0.950000000	0.022995352
2568	0.962500000	0.021465676
2569	0.975000000	0.019928872
2570	0.987500000	0.018387311
2571	1.000000000	0.016843369
2572	1.012500000	0.016843369
2573	1.025000000	0.016843369
2574	1.037500000	0.016843369
2575	1.050000000	0.016843369
2576	1.062500000	0.016843369
2577	1.075000000	0.016843369
2578	1.087500000	0.016843369
2579	1.100000000	0.016843369
2580	1.112500000	0.016843369
2581	1.125000000	0.016843369
2582	1.137500000	0.016843369
2583	1.150000000	0.016843369
2584	1.162500000	0.016843369
2585	1.175000000	0.016843369
2586	1.187500000	0.016843369
2587	1.200000000	0.016843369
2588	1.212500000	0.016843369
2589	1.225000000	0.016843369
2590	1.237500000	0.016843369
2591	1.250000000	0.016843369
2592	1.262500000	0.016843369
2593	1.275000000	0.016843369
2594	1.287500000	0.016843369
2595	1.300000000	0.016843369
2596	1.312500000	0.016843369
2597	1.325000000	0.016843369
2598	1.337500000	0.016843369
2599	1.350000000	0.016843369
2600	1.362500000	0.016843369
2601	1.375000000	0.016843369
2602	1.387500000	0.016843369
2603	1.400000000	0.016843369
2604	1.412500000	0.016843369
2605	1.425000000	0.016843369
2606	1.437500000	0.016843369
2607	1.450000000	0.016843369
2608	1.462500000	0.016843369
2609	1.475000000	0.016843369
2610	1.487500000	0.016843369
2611	1.500000000	0.016843369
2612	1.512500000	0.016843369
2613	1.525000000	0.016843369
2614	1.537500000	0.016843369
2615	1.550000000	0.016843369
2616	1.562500000	0.016843369
2617	1.575000000	0.016843369
2618	1.587500000	0.016843369
2619	1.600000000	0.016843369
2620	1.612500000	0.016843369
2621	1.625000000	0.016843369
2622	1.637500000	0.016843369
2623	1.650000000	0.016843369
2624	1.662500000	0.016843369
2625	1.675000000	0.016843369
2626	1.687500000	0.016843369
2627	1.700000000	0.016843369
2628	1.712500000	0.016843369
2629	1.725000000	0.016843369
2630	1.737500000	0.016843369
2631	1.750000000	0.016843369
2632	1.762500000	0.016843369
2633	1.775000000	0.016843369
2634	1.787500000	0.016843369
2635	1.800000000	0.016843369
2636	1.812500000	0.016843369
2637	1.825000000	0.016843369
2638	1.837500000	0.016843369
2639	1.850000000	0.016843369
2640	1.862500000	0.016843369
2641	1.875000000	0.016843369
2642	1.887500000	0.016843369
2643	1.900000000	0.016843369
2644	1.912500000	0.016843369
2645	1.925000000	0.016843369
2646	1.937500000	0.016843369
2647	1.950000000	0.016843369
2648	1.962500000	0.016843369
2649	1.975000000	0.016843369
2650	1.987500000	0.016843369
2651	2.000000000	0.016843369
2652	-1.000000000	0.018972014
2653	-0.987500000	0.018972014
2654	-0.975000000	0.018972014
2655	-0.962500000	0.018972014
2656	-0.950000000	0.018972014
2657	-0.937500000	0.018972014
2658	-0.925000000	0.018972014
2659	-0.912500000	0.018972014
2660	-0.900000000	0.018972014
2661	-0.887500000	0.018972014
2662	-0.875000000	0.018972014
2663	-0.862500000	0.018972014
2664	-0.850000000	0.018972014
2665	-0.837500000	0.018972014
2666	-0.825000000	0.018972014
2667	-0.812500000	0.018972014
2668	-0.800000000	0.018972014
2669	-0.787500000	0.018972014
2670	-0.775000000	0.018972014
2671	-0.762500000	0.018972014
2672	-0.750000000	0.018972014
2673	-0.737500000	0.018972014
2674	-0.725000000	0.018972014
2675	-0.712500000	0.018972014
2676	-0.700000000	0.018972014
2677	-0.687500000	0.018972014
2678	-0.675000000	0.018972014
2679	-0.662500000	0.018972014
2680	-0.650000000	0.018972014
2681	-0.637500000	0.018972014
2682	-0.625000000	0.018972014
2683	-0.612500000	0.018972014
2684	-0.600000000	0.018972014
2685	-0.587500000	0.018972014
2686	-0.575000000	0.018972014
2687	-0.562500000	0.018972014
2688	-0.550000000	0.018972014
2689	-0.537500000	0.018972014
2690	-0.525000000	0.018972014
2691	-0.512500000	0.018972014
2692	-0.500000000	0.018972014
2693	-0.487500000	0.018972014
2694	-0.475000000	0.018972014
2695	-0.462500000	0.018972014
2696	-0.450000000	0.018972014
2697	-0.437500000	0.018972014
2698	-0.425000000	0.018972014
2699	-0.412500000	0.018972014
2700	-0.400000000	0.018972014
2701	-0.387500000	0.018972014
2702	-0.375000000	0.018972014
2703	-0.362500000	0.018972014
2704	-0.350000000	0.018972014
2705	-0.337500000	0.018972014
2706	-0.325000000	0.018972014
2707	-0.312500000	0.018972014
2708	-0.300000000	0.018972014
2709	-0.287500000	0.018972014
2710	-0.275000000	0.018972014
2711	-0.262500000	0.018972014
2712	-0.250000000	0.018972014
2713	-0.237500000	0.018972014
2714	-0.225000000	0.018972014
2715	-0.212500000	0.018972014
2716	-0.200000000	0.018972014
2717	-0.187500000	0.018972014
2718	-0.175000000	0.018972014
2719	-0.162500000	0.018972014
2720	-0.150000000	0.018972014
2721	-0.137500000	0.018972014
2722	-0.125000000	0.018972014
2723	-0.112500000	0.018972014
2724	-0.100000000	0.018972014
2725	-0.087500000	0.018972014
2726	-0.075000000	0.018972014
2727	-0.062500000	0.018972014
2728	-0.050000000	0.018972014
2729	-0.037500000	0.018972014
2730	-0.025000000	0.018972014
2731	-0.012500000	0.018972014
2732	0.000000000	0.018972014
2733	0.012500000	0.020512613
2734	0.025000000	0.022050837
2735	0.037500000	0.023584313
2736	0.050000000	0.025110677
2737	0.062500000	0.026627577
2738	0.075000000	0.028132671
2739	0.087500000	0.029623641
2740	0.100000000	0.031098187
2741	0.112500000	0.032554035
2742	0.125000000	0.033988940
2743	0.137500000	0.035400691
2744	0.150000000	0.036787109
2745	0.162500000	0.038146058
2746	0.175000000	0.039475442
2747	0.187500000	0.040773212
2748	0.200000000	0.042037365
2749	0.212500000	0.043265954
2750	0.225000000	0.044457082
2751	0.237500000	0.045608915
2752	0.250000000	0.046719676
2753	0.262500000	0.047787651
2754	0.275000000	0.048811195
2755	0.287500000	0.049788729
2756	0.300000000	0.050718746
2757	0.312500000	0.051599812
2758	0.325000000	0.052430568
2759	0.337500000	0.053209734
2760	0.350000000	0.053936107
2761	0.362500000	0.054608569
2762	0.375000000	0.055226081
2763	0.387500000	0.055787692
2764	0.400000000	0.056292536
2765	0.412500000	0.056739835
2766	0.425000000	0.057128898
2767	0.437500000	0.057459126
2768	0.450000000	0.057730010
2769	0.462500000	0.057941132
2770	0.475000000	0.058092166
2771	0.487500000	0.058182880
2772	0.500000000	0.058213133
2773	0.512500000	0.058182880
2774	0.525000000	0.058092166
2775	0.537500000	0.057941132
2776	0.550000000	0.057730010
2777	0.562500000	0.057459126
2778	0.575000000	0.057128898
2779	0.587500000	0.056739835
2780	0.600000000	0.056292536
2781	0.612500000	0.055787692
2782	0.625000000	0.055226081
2783	0.637500000	0.054608569
2784	0.650000000	0.053936107
2785	0.662500000	0.053209734
2786	0.675000000	0.052430568
2787	0.687500000	0.051599812
2788	0.700000000	0.050718746
2789	0.712500000	0.049788729
2790	0.725000000	0.048811195
2791	0.737500000	0.047787651
2792	0.750000000	0.046719676
2793	0.762500000	0.045608915
2794	0.775000000	0.044457082
2795	0.787500000	0.043265954
2796	0.800000000	0.042037365
2797	0.812500000	0.040773212
2798	0.825000000	0.039475442
2799	0.837500000	0.038146058
2800	0.850000000	0.036787109
2801	0.862500000	0.035400691
2802	0.875000000	0.033988940
2803	0.887500000	0.032554035
2804	0.900000000	0.031098187
2805	0.912500000	0.029623641
2806	0.925000000	0.028132671
2807	0.937500000	0.026627577
2808	0.950000000	0.025110677
2809	0.962500000	0.023584313
2810	0.975000000	0.022050837
2811	0.987500000	0.020512613
2812	1.000000000	0.018972014
2813	1.012500000	0.018972014
2814	1.025000000	0.018972014
2815	1.037500000	0.018972014
2816	1.050000000	0.018972014
2817	1.062500000	0.018972014
2818	1.075000000	0.018972014
2819	1.087500000	0.018972014
2820	1.100000000	0.018972014
2821	1.112500000	0.018972014
2822	1.125000000	0.018972014
2823	1.137500000	0.018972014
2824	1.150000000	0.018972014
2825	1.162500000	0.018972014
2826	1.175000000	0.018972014
2827	1.187500000	0.018972014
2828	1.200000000	0.018972014
2829	1.212500000	0.018972014
2830	1.225000000	0.018972014
2831	1.237500000	0.018972014
2832	1.250000000	0.018972014
2833	1.262500000	0.018972014
2834	1.275000000	0.018972014
2835	1.287500000	0.018972014
2836	1.300000000	0.018972014
2837	1.312500000	0.018972014
2838	1.325000000	0.018972014
2839	1.337500000	0.018972014
2840	1.350000000	0.018972014
2841	1.362500000	0.018972014
2842	1.375000000	0.018972014
2843	1.387500000	0.018972014
2844	1.400000000	0.018972014
2845	1.412500000	0.018972014
2846	1.425000000	0.018972014
2847	1.437500000	0.018972014
2848	1.450000000	0.018972014
2849	1.462500000	0.018972014
2850	1.475000000	0.018972014
2851	1.487500000	0.018972014
2852	1.500000000	0.018972014
2853	1.512500000	0.018972014
2854	1.525000000	0.018972014
2855	1.537500000	0.018972014
2856	1.550000000	0.018972014
2857	1.562500000	0.018972014
2858	1.575000000	0.018972014
2859	1.587500000	0.018972014
2860	1.600000000	0.018972014
2861	1.612500000	0.018972014
2862	1.625000000	0.018972014
2863	1.637500000	0.018972014
2864	1.650000000	0.018972014
2865	1.662500000	0.018972014
2866	1.675000000	0.018972014
2867	1.687500000	0.018972014
2868	1.700000000	0.018972014
2869	1.712500000	0.018972014
2870	1.725000000	0.018972014
2871	1.737500000	0.018972014
2872	1.750000000	0.018972014
2873	1.762500000	0.018972014
2874	1.775000000	0.018972014
2875	1.787500000	0.018972014
2876	1.800000000	0.018972014
2877	1.812500000	0.018972014
2878	1.825000000	0.018972014
2879	1.837500000	0.018972014
2880	1.850000000	0.018972014
2881	1.862500000	0.018972014
2882	1.875000000	0.018972014
2883	1.887500000	0.018972014
2884	1.900000000	0.018972014
2885	1.912500000	0.018972014
2886	1.925000000	0.018972014
2887	1.937500000	0.018972014
2888	1.950000000	0.018972014
2889	1.962500000	0.018972014
2890	1.975000000	0.018972014
2891	1.987500000	0.018972014
2892	2.000000000	0.018972014
2893	-1.000000000	0.021196448
2894	-0.987500000	0.021196448
2895	-0.975000000	0.021196448
2896	-0.962500000	0.021196448
2897	-0.950000000	0.021196448
2898	-0.937500000	0.021196448
2899	-0.925000000	0.021196448
2900	-0.912500000	0.021196448
2901	-0.900000000	0.021196448
2902	-0.887500000	0.021196448
2903	-0.875000000	0.021196448
2904	-0.862500000	0.021196448
2905	-0.850000000	0.021196448
2906	-0.837500000	0.021196448
2907	-0.825000000	0.021196448
2908	-0.812500000	0.021196448
2909	-0.800000000	0.021196448
2910	-0.787500000	0.021196448
2911	-0.775000000	0.021196448
2912	-0.762500000	0.021196448
2913	-0.750000000	0.021196448
2914	-0.737500000	0.021196448
2915	-0.725000000	0.021196448
2916	-0.712500000	0.021196448
2917	-0.700000000	0.021196448
2918	-0.687500000	0.021196448
2919	-0.675000000	0.021196448
2920	-0.662500000	0.021196448
2921	-0.650000000	0.021196448
2922	-0.637500000	0.021196448
2923	-0.625000000	0.021196448
2924	-0.612500000	0.021196448
2925	-0.600000000	0.021196448
2926	-0.587500000	0.021196448
2927	-0.575000000	0.021196448
2928	-0.562500000	0.021196448
2929	-0.550000000	0.021196448
2930	-0.537500000	0.021196448
2931	-0.525000000	0.021196448
2932	-0.512500000	0.021196448
2933	-0.500000000	0.021196448
2934	-0.487500000	0.021196448
2935	-0.475000000	0.021196448
2936	-0.462500000	0.021196448
2937	-0.450000000	0.021196448
2938	-0.437500000	0.021196448
2939	-0.425000000	0.021196448
2940	-0.412500000	0.021196448
2941	-0.400000000	0.021196448
2942	-0.387500000	0.021196448
2943	-0.375000000	0.021196448
2944	-0.362500000	0.021196448
2945	-0.350000000	0.021196448
2946	-0.337500000	0.021196448
2947	-0.325000000	0.021196448
2948	-0.312500000	0.021196448
2949	-0.300000000	0.021196448
2950	-0.287500000	0.021196448
2951	-0.275000000	0.021196448
2952	-0.262500000	0.021196448
2953	-0.250000000	0.021196448
2954	-0.237500000	0.021196448
2955	-0.225000000	0.021196448
2956	-0.212500000	0.021196448
2957	-0.200000000	0.021196448
2958	-0.187500000	0.021196448
2959	-0.175000000	0.021196448
2960	-0.162500000	0.021196448
2961	-0.150000000	0.021196448
2962	-0.137500000	0.021196448
2963	-0.125000000	0.021196448
2964	-0.112500000	0.021196448
2965	-0.100000000	0.021196448
2966	-0.087500000	0.021196448
2967	-0.075000000	0.021196448
2968	-0.062500000	0.021196448
2969	-0.050000000	0.021196448
2970	-0.037500000	0.021196448
2971	-0.025000000	0.021196448
2972	-0.012500000	0.021196448
2973	0.000000000	0.021196448
2974	0.012500000	0.022733554
2975	0.025000000	0.024268290
2976	0.037500000	0.025798289
2977	0.050000000	0.027321192
2978	0.062500000	0.028834652
2979	0.075000000	0.030336334
2980	0.087500000	0.031823923
2981	0.100000000	0.033295125
2982	0.112500000	0.034747672
2983	0.125000000	0.036179324
2984	0.137500000	0.037587874
2985	0.150000000	0.038971149
2986	0.162500000	0.040327016
2987	0.175000000	0.041653386
2988	0.187500000	0.042948213
2989	0.200000000	0.044209500
2990	0.212500000	0.045435302
2991	0.225000000	0.046623730
2992	0.237500000	0.047772951
2993	0.250000000	0.048881193
2994	0.262500000	0.049946747
2995	0.275000000	0.050967970
2996	0.287500000	0.051943288
2997	0.300000000	0.052871196
2998	0.312500000	0.053750264
2999	0.325000000	0.054579137
3000	0.337500000	0.055356536
3001	0.350000000	0.056081262
3002	0.362500000	0.056752199
3003	0.375000000	0.057368311
3004	0.387500000	0.057928649
3005	0.400000000	0.058432348
3006	0.412500000	0.058878632
3007	0.425000000	0.059266813
3008	0.437500000	0.059596293
3009	0.450000000	0.059866562
3010	0.462500000	0.060077205
3011	0.475000000	0.060227897
3012	0.487500000	0.060318405
3013	0.500000000	0.060348590
3014	0.512500000	0.060318405
3015	0.525000000	0.060227897
3016	0.537500000	0.060077205
3017	0.550000000	0.059866562
3018	0.562500000	0.059596293
3019	0.575000000	0.059266813
3020	0.587500000	0.058878632
3021	0.600000000	0.058432348
3022	0.612500000	0.057928649
3023	0.625000000	0.057368311
3024	0.637500000	0.056752199
3025	0.650000000	0.056081262
3026	0.662500000	0.055356536
3027	0.675000000	0.054579137
3028	0.687500000	0.053750264
3029	0.700000000	0.052871196
3030	0.712500000	0.051943288
3031	0.725000000	0.050967970
3032	0.737500000	0.049946747
3033	0.750000000	0.048881193
3034	0.762500000	0.047772951
3035	0.775000000	0.046623730
3036	0.787500000	0.045435302
3037	0.800000000	0.044209500
3038	0.812500000	0.042948213
3039	0.825000000	0.041653386
3040	0.837500000	0.040327016
3041	0.850000000	0.038971149
3042	0.862500000	0.037587874
3043	0.875000000	0.036179324
3044	0.887500000	0.034747672
3045	0.900000000	0.033295125
3046	0.912500000	0.031823923
3047	0.925000000	0.030336334
3048	0.937500000	0.028834652
3049	0.950000000	0.027321192
3050	0.962500000	0.025798289
3051	0.975000000	0.024268290
3052	0.987500000	0.022733554
3053	1.000000000	0.021196448
3054	1.012500000	0.021196448
3055	1.025000000	0.021196448
3056	1.037500000	0.021196448
3057	1.050000000	0.021196448
3058	1.062500000	0.021196448
3059	1.075000000	0.021196448
3060	1.087500000	0.021196448
3061	1.100000000	0.021196448
3062	1.112500000	0.021196448
3063	1.125000000	0.021196448
3064	1.137500000	0.021196448
3065	1.150000000	0.021196448
3066	1.162500000	0.021196448
3067	1.175000000	0.021196448
3068	1.187500000	0.021196448
3069	1.200000000	0.021196448
3070	1.212500000	0.021196448
3071	1.225000000	0.021196448
3072	1.237500000	0.021196448
3073	1.250000000	0.021196448
3074	1.262500000	0.021196448
3075	1.275000000	0.021196448
3076	1.287500000	0.021196448
3077	1.300000000	0.021196448
3078	1.312500000	0.021196448
3079	1.325000000	0.021196448
3080	1.337500000	0.021196448
3081	1.350000000	0.021196448
3082	1.362500000	0.021196448
3083	1.375000000	0.021196448
3084	1.387500000	0.021196448
3085	1.400000000	0.021196448
3086	1.412500000	0.021196448
3087	1.425000000	0.021196448
3088	1.437500000	0.021196448
3089	1.450000000	0.021196448
3090	1.462500000	0.021196448
3091	1.475000000	0.021196448
3092	1.487500000	0.021196448
3093	1.500000000	0.021196448
3094	1.512500000	0.021196448
3095	1.525000000	0.021196448
3096	1.537500000	0.021196448
3097	1.550000000	0.021196448
3098	1.562500000	0.021196448
3099	1.575000000	0.021196448
3100	1.587500000	0.021196448
3101	1.600000000	0.021196448
3102	1.612500000	0.021196448
3103	1.625000000	0.021196448
3104	1.637500000	0.021196448
3105	1.650000000	0.021196448
3106	1.662500000	0.021196448
3107	1.675000000	0.021196448
3108	1.687500000	0.021196448
3109	1.700000000	0.021196448
3110	1.712500000	0.021196448
3111	1.725000000	0.021196448
3112	1.737500000	0.021196448
3113	1.750000000	0.021196448
3114	1.762500000	0.021196448
3115	1.775000000	0.021196448
3116	1.787500000	0.021196448
3117	1.800000000	0.021196448
3118	1.812500000	0.021196448
3119	1.825000000	0.021196448
3120	1.837500000	0.021196448
3121	1.850000000	0.021196448
3122	1.862500000	0.021196448
3123	1.875000000	0.021196448
3124	1.887500000	0.021196448
3125	1.900000000	0.021196448
3126	1.912500000	0.021196448
3127	1.925000000	0.021196448
3128	1.937500000	0.021196448
3129	1.950000000	0.021196448
3130	1.962500000	0.021196448
3131	1.975000000	0.021196448
3132	1.987500000	0.021196448
3133	2.000000000	0.021196448
3134	-1.000000000	0.023520982
3135	-0.987500000	0.023520982
3136	-0.975000000	0.023520982
3137	-0.962500000	0.023520982
3138	-0.950000000	0.023520982
3139	-0.937500000	0.023520982
3140	-0.925000000	0.023520982
3141	-0.912500000	0.023520982
3142	-0.900000000	0.023520982
3143	-0.887500000	0.023520982
3144	-0.875000000	0.023520982
3145	-0.862500000	0.023520982
3146	-0.850000000	0.023520982
3147	-0.837500000	0.023520982
3148	-0.825000000	0.023520982
3149	-0.812500000	0.023520982
3150	-0.800000000	0.023520982
3151	-0.787500000	0.023520982
3152	-0.775000000	0.023520982
3153	-0.762500000	0.023520982
3154	-0.750000000	0.023520982
3155	-0.737500000	0.023520982
3156	-0.725000000	0.023520982
3157	-0.712500000	0.023520982
3158	-0.700000000	0.023520982
3159	-0.687500000	0.023520982
3160	-0.675000000	0.023520982
3161	-0.662500000	0.023520982
3162	-0.650000000	0.023520982
3163	-0.637500000	0.023520982
3164	-0.625000000	0.023520982
3165	-0.612500000	0.023520982
3166	-0.600000000	0.023520982
3167	-0.587500000	0.023520982
3168	-0.575000000	0.023520982
3169	-0.562500000	0.023520982
3170	-0.550000000	0.023520982
3171	-0.537500000	0.023520982
3172	-0.525000000	0.023520982
3173	-0.512500000	0.023520982
3174	-0.500000000	0.023520982
3175	-0.487500000	0.023520982
3176	-0.475000000	0.023520982
3177	-0.462500000	0.023520982
3178	-0.450000000	0.023520982
3179	-0.437500000	0.023520982
3180	-0.425000000	0.023520982
3181	-0.412500000	0.023520982
3182	-0.400000000	0.023520982
3183	-0.387500000	0.023520982
3184	-0.375000000	0.023520982
3185	-0.362500000	0.023520982
3186	-0.350000000	0.023520982
3187	-0.337500000	0.023520982
3188	-0.325000000	0.023520982
3189	-0.312500000	0.023520982
3190	-0.300000000	0.023520982
3191	-0.287500000	0.023520982
3192	-0.275000000	0.023520982
3193	-0.262500000	0.023520982
3194	-0.250000000	0.023520982
3195	-0.237500000	0.023520982
3196	-0.225000000	0.023520982
3197	-0.212500000	0.023520982
3198	-0.200000000	0.023520982
3199	-0.187500000	0.023520982
3200	-0.175000000	0.023520982
3201	-0.162500000	0.023520982
3202	-0.150000000	0.023520982
3203	-0.137500000	0.023520982
3204	-0.125000000	0.023520982
3205	-0.112500000	0.023520982
3206	-0.100000000	0.023520982
3207	-0.087500000	0.023520982
3208	-0.075000000	0.023520982
3209	-0.062500000	0.023520982
3210	-0.050000000	0.023520982
3211	-0.037500000	0.023520982
3212	-0.025000000	0.023520982
3213	-0.012500000	0.023520982
3214	0.000000000	0.023520982
3215	0.012500000	0.025054437
3216	0.025000000	0.026585528
3217	0.037500000	0.028111894
3218	0.050000000	0.029631181
3219	0.062500000	0.031141046
3220	0.075000000	0.032639162
3221	0.087500000	0.034123218
3222	0.100000000	0.035590926
3223	0.112500000	0.037040023
3224	0.125000000	0.038468275
3225	0.137500000	0.039873480
3226	0.150000000	0.041253470
3227	0.162500000	0.042606117
3228	0.175000000	0.043929337
3229	0.187500000	0.045221089
3230	0.200000000	0.046479380
3231	0.212500000	0.047702272
3232	0.225000000	0.048887877
3233	0.237500000	0.050034369
3234	0.250000000	0.051139979
3235	0.262500000	0.052203003
3236	0.275000000	0.053221801
3237	0.287500000	0.054194802
3238	0.300000000	0.055120507
3239	0.312500000	0.055997487
3240	0.325000000	0.056824391
3241	0.337500000	0.057599943
3242	0.350000000	0.058322949
3243	0.362500000	0.058992292
3244	0.375000000	0.059606941
3245	0.387500000	0.060165948
3246	0.400000000	0.060668451
3247	0.412500000	0.061113675
3248	0.425000000	0.061500935
3249	0.437500000	0.061829632
3250	0.450000000	0.062099259
3251	0.462500000	0.062309402
3252	0.475000000	0.062459736
3253	0.487500000	0.062550029
3254	0.500000000	0.062580142
3255	0.512500000	0.062550029
3256	0.525000000	0.062459736
3257	0.537500000	0.062309402
3258	0.550000000	0.062099259
3259	0.562500000	0.061829632
3260	0.575000000	0.061500935
3261	0.587500000	0.061113675
3262	0.600000000	0.060668451
3263	0.612500000	0.060165948
3264	0.625000000	0.059606941
3265	0.637500000	0.058992292
3266	0.650000000	0.058322949
3267	0.662500000	0.057599943
3268	0.675000000	0.056824391
3269	0.687500000	0.055997487
3270	0.700000000	0.055120507
3271	0.712500000	0.054194802
3272	0.725000000	0.053221801
3273	0.737500000	0.052203003
3274	0.750000000	0.051139979
3275	0.762500000	0.050034369
3276	0.775000000	0.048887877
3277	0.787500000	0.047702272
3278	0.800000000	0.046479380
3279	0.812500000	0.045221089
3280	0.825000000	0.043929337
3281	0.837500000	0.042606117
3282	0.850000000	0.041253470
3283	0.862500000	0.039873480
3284	0.875000000	0.038468275
3285	0.887500000	0.037040023
3286	0.900000000	0.035590926
3287	0.912500000	0.034123218
3288	0.925000000	0.032639162
3289	0.937500000	0.031141046
3290	0.950000000	0.029631181
3291	0.962500000	0.028111894
3292	0.975000000	0.026585528
3293	0.987500000	0.025054437
3294	1.000000000	0.023520982
3295	1.012500000	0.023520982
3296	1.025000000	0.023520982
3297	1.037500000	0.023520982
3298	1.050000000	0.023520982
3299	1.062500000	0.023520982
3300	1.075000000	0.023520982
3301	1.087500000	0.023520982
3302	1.100000000	0.023520982
3303	1.112500000	0.023520982
3304	1.125000000	0.023520982
3305	1.137500000	0.023520982
3306	1.150000000	0.023520982
3307	1.162500000	0.023520982
3308	1.175000000	0.023520982
3309	1.187500000	0.023520982
3310	1.200000000	0.023520982
3311	1.212500000	0.023520982
3312	1.225000000	0.023520982
3313	1.237500000	0.023520982
3314	1.250000000	0.023520982
3315	1.262500000	0.023520982
3316	1.275000000	0.023520982
3317	1.287500000	0.023520982
3318	1.300000000	0.023520982
3319	1.312500000	0.023520982
3320	1.325000000	0.023520982
3321	1.337500000	0.023520982
3322	1.350000000	0.023520982
3323	1.362500000	0.023520982
3324	1.375000000	0.023520982
3325	1.387500000	0.023520982
3326	1.400000000	0.023520982
3327	1.412500000	0.023520982
3328	1.425000000	0.023520982
3329	1.437500000	0.023520982
3330	1.450000000	0.023520982
3331	1.462500000	0.023520982
3332	1.475000000	0.023520982
3333	1.487500000	0.023520982
3334	1.500000000	0.023520982
3335	1.512500000	0.023520982
3336	1.525000000	0.023520982
3337	1.537500000	0.023520982
3338	1.550000000	0.023520982
3339	1.562500000	0.023520982
3340	1.575000000	0.023520982
3341	1.587500000	0.023520982
3342	1.600000000	0.023520982
3343	1.612500000	0.023520982
3344	1.625000000	0.023520982
3345	1.637500000	0.023520982
3346	1.650000000	0.023520982
3347	1.662500000	0.023520982
3348	1.675000000	0.023520982
3349	1.687500000	0.023520982
3350	1.700000000	0.023520982
3351	1.712500000	0.023520982
3352	1.725000000	0.023520982
3353	1.737500000	0.023520982
3354	1.750000000	0.023520982
3355	1.762500000	0.023520982
3356	1.775000000	0.023520982
3357	1.787500000	0.023520982
3358	1.800000000	0.023520982
3359	1.812500000	0.023520982
3360	1.825000000	0.023520982
3361	1.837500000	0.023520982
3362	1.850000000	0.023520982
3363	1.862500000	0.023520982
3364	1.875000000	0.023520982
3365	1.887500000	0.023520982
3366	1.900000000	0.023520982
3367	1.912500000	0.023520982
3368	1.925000000	0.023520982
3369	1.937500000	0.023520982
3370	1.950000000	0.023520982
3371	1.962500000	0.023520982
3372	1.975000000	0.023520982
3373	1.987500000	0.023520982
3374	2.000000000	0.023520982
3375	-1.000000000	0.025950119
3376	-0.987500000	0.025950119
3377	-0.975000000	0.025950119
3378	-0.962500000	0.025950119
3379	-0.950000000	0.025950119
3380	-0.937500000	0.025950119
3381	-0.925000000	0.025950119
3382	-0.912500000	0.025950119
3383	-0.900000000	0.025950119
3384	-0.887500000	0.025950119
3385	-0.875000000	0.025950119
3386	-0.862500000	0.025950119
3387	-0.850000000	0.025950119
3388	-0.837500000	0.025950119
3389	-0.825000000	0.025950119
3390	-0.812500000	0.025950119
3391	-0.800000000	0.025950119
3392	-0.787500000	0.025950119
3393	-0.775000000	0.025950119
3394	-0.762500000	0.025950119
3395	-0.750000000	0.025950119
3396	-0.737500000	0.025950119
3397	-0.725000000	0.025950119
3398	-0.712500000	0.025950119
3399	-0.700000000	0.025950119
3400	-0.687500000	0.025950119
3401	-0.675000000	0.025950119
3402	-0.662500000	0.025950119
3403	-0.650000000	0.025950119
3404	-0.637500000	0.025950119
3405	-0.625000000	0.025950119
3406	-0.612500000	0.025950119
3407	-0.600000000	0.025950119
3408	-0.587500000	0.025950119
3409	-0.575000000	0.025950119
3410	-0.562500000	0.025950119
3411	-0.550000000	0.025950119
3412	-0.537500000	0.025950119
3413	-0.525000000	0.025950119
3414	-0.512500000	0.025950119
3415	-0.500000000	0.025950119
3416	-0.487500000	0.025950119
3417	-0.475000000	0.025950119
3418	-0.462500000	0.025950119
3419	-0.450000000	0.025950119
3420	-0.437500000	0.025950119
3421	-0.425000000	0.025950119
3422	-0.412500000	0.025950119
3423	-0.400000000	0.025950119
3424	-0.387500000	0.025950119
3425	-0.375000000	0.025950119
3426	-0.362500000	0.025950119
3427	-0.350000000	0.025950119
3428	-0.337500000	0.025950119
3429	-0.325000000	0.025950119
3430	-0.312500000	0.025950119
3431	-0.300000000	0.025950119
3432	-0.287500000	0.025950119
3433	-0.275000000	0.025950119
3434	-0.262500000	0.025950119
3435	-0.250000000	0.025950119
3436	-0.237500000	0.025950119
3437	-0.225000000	0.025950119
3438	-0.212500000	0.025950119
3439	-0.200000000	0.025950119
3440	-0.187500000	0.025950119
3441	-0.175000000	0.025950119
3442	-0.162500000	0.025950119
3443	-0.150000000	0.025950119
3444	-0.137500000	0.025950119
3445	-0.125000000	0.025950119
3446	-0.112500000	0.025950119
3447	-0.100000000	0.025950119
3448	-0.087500000	0.025950119
3449	-0.075000000	0.025950119
3450	-0.062500000	0.025950119
3451	-0.050000000	0.025950119
3452	-0.037500000	0.025950119
3453	-0.025000000	0.025950119
3454	-0.012500000	0.025950119
3455	0.000000000	0.025950119
3456	0.012500000	0.027479760
3457	0.025000000	0.029007042
3458	0.037500000	0.030529611
3459	0.050000000	0.032045118
3460	0.062500000	0.033551228
3461	0.075000000	0.035045617
3462	0.087500000	0.036525981
3463	0.100000000	0.037990038
3464	0.112500000	0.039435531
3465	0.125000000	0.040860229
3466	0.137500000	0.042261938
3467	0.150000000	0.043638495
3468	0.162500000	0.044987778
3469	0.175000000	0.046307706
3470	0.187500000	0.047596244
3471	0.200000000	0.048851406
3472	0.212500000	0.050071255
3473	0.225000000	0.051253911
3474	0.237500000	0.052397551
3475	0.250000000	0.053500410
3476	0.262500000	0.054560789
3477	0.275000000	0.055577053
3478	0.287500000	0.056547634
3479	0.300000000	0.057471036
3480	0.312500000	0.058345834
3481	0.325000000	0.059170681
3482	0.337500000	0.059944305
3483	0.350000000	0.060665511
3484	0.362500000	0.061333189
3485	0.375000000	0.061946309
3486	0.387500000	0.062503926
3487	0.400000000	0.063005179
3488	0.412500000	0.063449296
3489	0.425000000	0.063835592
3490	0.437500000	0.064163471
3491	0.450000000	0.064432428
3492	0.462500000	0.064642048
3493	0.475000000	0.064792008
3494	0.487500000	0.064882076
3495	0.500000000	0.064912115
3496	0.512500000	0.064882076
3497	0.525000000	0.064792008
3498	0.537500000	0.064642048
3499	0.550000000	0.064432428
3500	0.562500000	0.064163471
3501	0.575000000	0.063835592
3502	0.587500000	0.063449296
3503	0.600000000	0.063005179
3504	0.612500000	0.062503926
3505	0.625000000	0.061946309
3506	0.637500000	0.061333189
3507	0.650000000	0.060665511
3508	0.662500000	0.059944305
3509	0.675000000	0.059170681
3510	0.687500000	0.058345834
3511	0.700000000	0.057471036
3512	0.712500000	0.056547634
3513	0.725000000	0.055577053
3514	0.737500000	0.054560789
3515	0.750000000	0.053500410
3516	0.762500000	0.052397551
3517	0.775000000	0.051253911
3518	0.787500000	0.050071255
3519	0.800000000	0.048851406
3520	0.812500000	0.047596244
3521	0.825000000	0.046307706
3522	0.837500000	0.044987778
3523	0.850000000	0.043638495
3524	0.862500000	0.042261938
3525	0.875000000	0.040860229
3526	0.887500000	0.039435531
3527	0.900000000	0.037990038
3528	0.912500000	0.036525981
3529	0.925000000	0.035045617
3530	0.937500000	0.033551228
3531	0.950000000	0.032045118
3532	0.962500000	0.030529611
3533	0.975000000	0.029007042
3534	0.987500000	0.027479760
3535	1.000000000	0.025950119
3536	1.012500000	0.025950119
3537	1.025000000	0.025950119
3538	1.037500000	0.025950119
3539	1.050000000	0.025950119
3540	1.062500000	0.025950119
3541	1.075000000	0.025950119
3542	1.087500000	0.025950119
3543	1.100000000	0.025950119
3544	1.112500000	0.025950119
3545	1.125000000	0.025950119
3546	1.137500000	0.025950119
3547	1.150000000	0.025950119
3548	1.162500000	0.025950119
3549	1.175000000	0.025950119
3550	1.187500000	0.025950119
3551	1.200000000	0.025950119
3552	1.212500000	0.025950119
3553	1.225000000	0.025950119
3554	1.237500000	0.025950119
3555	1.250000000	0.025950119
3556	1.262500000	0.025950119
3557	1.275000000	0.025950119
3558	1.287500000	0.025950119
3559	1.300000000	0.025950119
3560	1.312500000	0.025950119
3561	1.325000000	0.025950119
3562	1.337500000	0.025950119
3563	1.350000000	0.025950119
3564	1.362500000	0.025950119
3565	1.375000000	0.025950119
3566	1.387500000	0.025950119
3567	1.400000000	0.025950119
3568	1.412500000	0.025950119
3569	1.425000000	0.025950119
3570	1.437500000	0.025950119
3571	1.450000000	0.025950119
3572	1.462500000	0.025950119
3573	1.475000000	0.025950119
3574	1.487500000	0.025950119
3575	1.500000000	0.025950119
3576	1.512500000	0.025950119
3577	1.525000000	0.025950119
3578	1.537500000	0.025950119
3579	1.550000000	0.025950119
3580	1.562500000	0.025950119
3581	1.575000000	0.025950119
3582	1.587500000	0.025950119
3583	1.600000000	0.025950119
3584	1.612500000	0.025950119
3585	1.625000000	0.025950119
3586	1.637500000	0.025950119
3587	1.650000000	0.025950119
3588	1.662500000	0.025950119
3589	1.675000000	0.025950119
3590	1.687500000	0.025950119
3591	1.700000000	0.025950119
3592	1.712500000	0.025950119
3593	1.725000000	0.025950119
3594	1.737500000	0.025950119
3595	1.750000000	0.025950119
3596	1.762500000	0.025950119
3597	1.775000000	0.025950119
3598	1.787500000	0.025950119
3599	1.800000000	0.025950119
3600	1.812500000	0.025950119
3601	1.825000000	0.025950119
3602	1.837500000	0.025950119
3603	1.850000000	0.025950119
3604	1.862500000	0.025950119
3605	1.875000000	0.025950119
3606	1.887500000	0.025950119
3607	1.900000000	0.025950119
3608	1.912500000	0.025950119
3609	1.925000000	0.025950119
3610	1.937500000	0.025950119
3611	1.950000000	0.025950119
3612	1.962500000	0.025950119
3613	1.975000000	0.025950119
3614	1.987500000	0.025950119
3615	2.000000000	0.025950119
3616	-1.000000000	0.028488568
3617	-0.987500000	0.028488568
3618	-0.975000000	0.028488568
3619	-0.962500000	0.028488568
3620	-0.950000000	0.028488568
3621	-0.937500000	0.028488568
3622	-0.925000000	0.028488568
3623	-0.912500000	0.028488568
3624	-0.900000000	0.028488568
3625	-0.887500000	0.028488568
3626	-0.875000000	0.028488568
3627	-0.862500000	0.028488568
3628	-0.850000000	0.028488568
3629	-0.837500000	0.028488568
3630	-0.825000000	0.028488568
3631	-0.812500000	0.028488568
3632	-0.800000000	0.028488568
3633	-0.787500000	0.028488568
3634	-0.775000000	0.028488568
3635	-0.762500000	0.028488568
3636	-0.750000000	0.028488568
3637	-0.737500000	0.028488568
3638	-0.725000000	0.028488568
3639	-0.712500000	0.028488568
3640	-0.700000000	0.028488568
3641	-0.687500000	0.028488568
3642	-0.675000000	0.028488568
3643	-0.662500000	0.028488568
3644	-0.650000000	0.028488568
3645	-0.637500000	0.028488568
3646	-0.625000000	0.028488568
3647	-0.612500000	0.028488568
3648	-0.600000000	0.028488568
3649	-0.587500000	0.028488568
3650	-0.575000000	0.028488568
3651	-0.562500000	0.028488568
3652	-0.550000000	0.028488568
3653	-0.537500000	0.028488568
3654	-0.525000000	0.028488568
3655	-0.512500000	0.028488568
3656	-0.500000000	0.028488568
3657	-0.487500000	0.028488568
3658	-0.475000000	0.028488568
3659	-0.462500000	0.028488568
3660	-0.450000000	0.028488568
3661	-0.437500000	0.028488568
3662	-0.425000000	0.028488568
3663	-0.412500000	0.028488568
3664	-0.400000000	0.028488568
3665	-0.387500000	0.028488568
3666	-0.375000000	0.028488568
3667	-0.362500000	0.028488568
3668	-0.350000000	0.028488568
3669	-0.337500000	0.028488568
3670	-0.325000000	0.028488568
3671	-0.312500000	0.028488568
3672	-0.300000000	0.028488568
3673	-0.287500000	0.028488568
3674	-0.275000000	0.028488568
3675	-0.262500000	0.028488568
3676	-0.250000000	0.028488568
3677	-0.237500000	0.028488568
3678	-0.225000000	0.028488568
3679	-0.212500000	0.028488568
3680	-0.200000000	0.028488568
3681	-0.187500000	0.028488568
3682	-0.175000000	0.028488568
3683	-0.162500000	0.028488568
3684	-0.150000000	0.028488568
3685	-0.137500000	0.028488568
3686	-0.125000000	0.028488568
3687	-0.112500000	0.028488568
3688	-0.100000000	0.028488568
3689	-0.087500000	0.028488568
3690	-0.075000000	0.028488568
3691	-0.062500000	0.028488568
3692	-0.050000000	0.028488568
3693	-0.037500000	0.028488568
3694	-0.025000000	0.028488568
3695	-0.012500000	0.028488568
3696	0.000000000	0.028488568
3697	0.012500000	0.030014223
3698	0.025000000	0.031537525
3699	0.037500000	0.033056125
3700	0.050000000	0.034567683
3701	0.062500000	0.036069867
3702	0.075000000	0.037560362
3703	0.087500000	0.039036868
3704	0.100000000	0.040497110
3705	0.112500000	0.041938835
3706	0.125000000	0.043359821
3707	0.137500000	0.044757877
3708	0.150000000	0.046130847
3709	0.162500000	0.047476613
3710	0.175000000	0.048793101
3711	0.187500000	0.050078282
3712	0.200000000	0.051330172
3713	0.212500000	0.052546842
3714	0.225000000	0.053726416
3715	0.237500000	0.054867076
3716	0.250000000	0.055967061
3717	0.262500000	0.057024677
3718	0.275000000	0.058038292
3719	0.287500000	0.059006343
3720	0.300000000	0.059927339
3721	0.312500000	0.060799858
3722	0.325000000	0.061622555
3723	0.337500000	0.062394162
3724	0.350000000	0.063113489
3725	0.362500000	0.063779427
3726	0.375000000	0.064390949
3727	0.387500000	0.064947113
3728	0.400000000	0.065447059
3729	0.412500000	0.065890019
3730	0.425000000	0.066275308
3731	0.437500000	0.066602333
3732	0.450000000	0.066870589
3733	0.462500000	0.067079663
3734	0.475000000	0.067229232
3735	0.487500000	0.067319066
3736	0.500000000	0.067349026
3737	0.512500000	0.067319066
3738	0.525000000	0.067229232
3739	0.537500000	0.067079663
3740	0.550000000	0.066870589
3741	0.562500000	0.066602333
3742	0.575000000	0.066275308
3743	0.587500000	0.065890019
3744	0.600000000	0.065447059
3745	0.612500000	0.064947113
3746	0.625000000	0.064390949
3747	0.637500000	0.063779427
3748	0.650000000	0.063113489
3749	0.662500000	0.062394162
3750	0.675000000	0.061622555
3751	0.687500000	0.060799858
3752	0.700000000	0.059927339
3753	0.712500000	0.059006343
3754	0.725000000	0.058038292
3755	0.737500000	0.057024677
3756	0.750000000	0.055967061
3757	0.762500000	0.054867076
3758	0.775000000	0.053726416
3759	0.787500000	0.052546842
3760	0.800000000	0.051330172
3761	0.812500000	0.050078282
3762	0.825000000	0.048793101
3763	0.837500000	0.047476613
3764	0.850000000	0.046130847
3765	0.862500000	0.044757877
3766	0.875000000	0.043359821
3767	0.887500000	0.041938835
3768	0.900000000	0.040497110
3769	0.912500000	0.039036868
3770	0.925000000	0.037560362
3771	0.937500000	0.036069867
3772	0.950000000	0.034567683
3773	0.962500000	0.033056125
3774	0.975000000	0.031537525
3775	0.987500000	0.030014223
3776	1.000000000	0.028488568
3777	1.012500000	0.028488568
3778	1.025000000	0.028488568
3779	1.037500000	0.028488568
3780	1.050000000	0.028488568
3781	1.062500000	0.028488568
3782	1.075000000	0.028488568
3783	1.087500000	0.028488568
3784	1.100000000	0.028488568
3785	1.112500000	0.028488568
3786	1.125000000	0.028488568
3787	1.137500000	0.028488568
3788	1.150000000	0.028488568
3789	1.162500000	0.028488568
3790	1.175000000	0.028488568
3791	1.187500000	0.028488568
3792	1.200000000	0.028488568
3793	1.212500000	0.028488568
3794	1.225000000	0.028488568
3795	1.237500000	0.028488568
3796	1.250000000	0.028488568
3797	1.262500000	0.028488568
3798	1.275000000	0.028488568
3799	1.287500000	0.028488568
3800	1.300000000	0.028488568
3801	1.312500000	0.028488568
3802	1.325000000	0.028488568
3803	1.337500000	0.028488568
3804	1.350000000	0.028488568
3805	1.362500000	0.028488568
3806	1.375000000	0.028488568
3807	1.387500000	0.028488568
3808	1.400000000	0.028488568
3809	1.412500000	0.028488568
3810	1.425000000	0.028488568
3811	1.437500000	0.028488568
3812	1.450000000	0.028488568
3813	1.462500000	0.028488568
3814	1.475000000	0.028488568
3815	1.487500000	0.028488568
3816	1.500000000	0.028488568
3817	1.512500000	0.028488568
3818	1.525000000	0.028488568
3819	1.537500000	0.028488568
3820	1.550000000	0.028488568
3821	1.562500000	0.028488568
3822	1.575000000	0.028488568
3823	1.587500000	0.028488568
3824	1.600000000	0.028488568
3825	1.612500000	0.028488568
3826	1.625000000	0.028488568
3827	1.637500000	0.028488568
3828	1.650000000	0.028488568
3829	1.662500000	0.028488568
3830	1.675000000	0.028488568
3831	1.687500000	0.028488568
3832	1.700000000	0.028488568
3833	1.712500000	0.028488568
3834	1.725000000	0.028488568
3835	1.737500000	0.028488568
3836	1.750000000	0.028488568
3837	1.762500000	0.028488568
3838	1.775000000	0.028488568
3839	1.787500000	0.028488568
3840	1.800000000	0.028488568
3841	1.812500000	0.028488568
3842	1.825000000	0.028488568
3843	1.837500000	0.028488568
3844	1.850000000	0.028488568
3845	1.862500000	0.028488568
3846	1.875000000	0.028488568
3847	1.887500000	0.028488568
3848	1.900000000	0.028488568
3849	1.912500000	0.028488568
3850	1.925000000	0.028488568
3851	1.937500000	0.028488568
3852	1.950000000	0.028488568
3853	1.962500000	0.028488568
3854	1.975000000	0.028488568
3855	1.987500000	0.028488568
3856	2.000000000	0.028488568
3857	-1.000000000	0.031141247
3858	-0.987500000	0.031141247
3859	-0.975000000	0.031141247
3860	-0.962500000	0.031141247
3861	-0.950000000	0.031141247
3862	-0.937500000	0.031141247
3863	-0.925000000	0.031141247
3864	-0.912500000	0.031141247
3865	-0.900000000	0.031141247
3866	-0.887500000	0.031141247
3867	-0.875000000	0.031141247
3868	-0.862500000	0.031141247
3869	-0.850000000	0.031141247
3870	-0.837500000	0.031141247
3871	-0.825000000	0.031141247
3872	-0.812500000	0.031141247
3873	-0.800000000	0.031141247
3874	-0.787500000	0.031141247
3875	-0.775000000	0.031141247
3876	-0.762500000	0.031141247
3877	-0.750000000	0.031141247
3878	-0.737500000	0.031141247
3879	-0.725000000	0.031141247
3880	-0.712500000	0.031141247
3881	-0.700000000	0.031141247
3882	-0.687500000	0.031141247
3883	-0.675000000	0.031141247
3884	-0.662500000	0.031141247
3885	-0.650000000	0.031141247
3886	-0.637500000	0.031141247
3887	-0.625000000	0.031141247
3888	-0.612500000	0.031141247
3889	-0.600000000	0.031141247
3890	-0.587500000	0.031141247
3891	-0.575000000	0.031141247
3892	-0.562500000	0.031141247
3893	-0.550000000	0.031141247
3894	-0.537500000	0.031141247
3895	-0.525000000	0.031141247
3896	-0.512500000	0.031141247
3897	-0.500000000	0.031141247
3898	-0.487500000	0.031141247
3899	-0.475000000	0.031141247
3900	-0.462500000	0.031141247
3901	-0.450000000	0.031141247
3902	-0.437500000	0.031141247
3903	-0.425000000	0.031141247
3904	-0.412500000	0.031141247
3905	-0.400000000	0.031141247
3906	-0.387500000	0.031141247
3907	-0.375000000	0.031141247
3908	-0.362500000	0.031141247
3909	-0.350000000	0.031141247
3910	-0.337500000	0.031141247
3911	-0.325000000	0.031141247
3912	-0.312500000	0.031141247
3913	-0.300000000	0.031141247
3914	-0.287500000	0.031141247
3915	-0.275000000	0.031141247
3916	-0.262500000	0.031141247
3917	-0.250000000	0.031141247
3918	-0.237500000	0.031141247
3919	-0.225000000	0.031141247
3920	-0.212500000	0.031141247
3921	-0.200000000	0.031141247
3922	-0.187500000	0.031141247
3923	-0.175000000	0.031141247
3924	-0.162500000	0.031141247
3925	-0.150000000	0.031141247
3926	-0.137500000	0.031141247
3927	-0.125000000	0.031141247
3928	-0.112500000	0.031141247
3929	-0.100000000	0.031141247
3930	-0.087500000	0.031141247
3931	-0.075000000	0.031141247
3932	-0.062500000	0.031141247
3933	-0.050000000	0.031141247
3934	-0.037500000	0.031141247
3935	-0.025000000	0.031141247
3936	-0.012500000	0.031141247
3937	0.000000000	0.031141247
3938	0.012500000	0.032662736
3939	0.025000000	0.034181879
3940	0.037500000	0.035696333
3941	0.050000000	0.037203763
3942	0.062500000	0.038701846
3943	0.075000000	0.040188271
3944	0.087500000	0.041660746
3945	0.100000000	0.043117000
3946	0.112500000	0.044554789
3947	0.125000000	0.045971895
3948	0.137500000	0.047366133
3949	0.150000000	0.048735354
3950	0.162500000	0.050077446
3951	0.175000000	0.051390340
3952	0.187500000	0.052672011
3953	0.200000000	0.053920483
3954	0.212500000	0.055133831
3955	0.225000000	0.056310184
3956	0.237500000	0.057447729
3957	0.250000000	0.058544711
3958	0.262500000	0.059599439
3959	0.275000000	0.060610286
3960	0.287500000	0.061575695
3961	0.300000000	0.062494175
3962	0.312500000	0.063364312
3963	0.325000000	0.064184763
3964	0.337500000	0.064954263
3965	0.350000000	0.065671626
3966	0.362500000	0.066335746
3967	0.375000000	0.066945598
3968	0.387500000	0.067500243
3969	0.400000000	0.067998825
3970	0.412500000	0.068440575
3971	0.425000000	0.068824812
3972	0.437500000	0.069150943
3973	0.450000000	0.069418467
3974	0.462500000	0.069626970
3975	0.475000000	0.069776131
3976	0.487500000	0.069865719
3977	0.500000000	0.069895597
3978	0.512500000	0.069865719
3979	0.525000000	0.069776131
3980	0.537500000	0.069626970
3981	0.550000000	0.069418467
3982	0.562500000	0.069150943
3983	0.575000000	0.068824812
3984	0.587500000	0.068440575
3985	0.600000000	0.067998825
3986	0.612500000	0.067500243
3987	0.625000000	0.066945598
3988	0.637500000	0.066335746
3989	0.650000000	0.065671626
3990	0.662500000	0.064954263
3991	0.675000000	0.064184763
3992	0.687500000	0.063364312
3993	0.700000000	0.062494175
3994	0.712500000	0.061575695
3995	0.725000000	0.060610286
3996	0.737500000	0.059599439
3997	0.750000000	0.058544711
3998	0.762500000	0.057447729
3999	0.775000000	0.056310184
4000	0.787500000	0.055133831
4001	0.800000000	0.053920483
4002	0.812500000	0.052672011
4003	0.825000000	0.051390340
4004	0.837500000	0.050077446
4005	0.850000000	0.048735354
4006	0.862500000	0.047366133
4007	0.875000000	0.045971895
4008	0.887500000	0.044554789
4009	0.900000000	0.043117000
4010	0.912500000	0.041660746
4011	0.925000000	0.040188271
4012	0.937500000	0.038701846
4013	0.950000000	0.037203763
4014	0.962500000	0.035696333
4015	0.975000000	0.034181879
4016	0.987500000	0.032662736
4017	1.000000000	0.031141247
4018	1.012500000	0.031141247
4019	1.025000000	0.031141247
4020	1.037500000	0.031141247
4021	1.050000000	0.031141247
4022	1.062500000	0.031141247
4023	1.075000000	0.031141247
4024	1.087500000	0.031141247
4025	1.100000000	0.031141247
4026	1.112500000	0.031141247
4027	1.125000000	0.031141247
4028	1.137500000	0.031141247
4029	1.150000000	0.031141247
4030	1.162500000	0.031141247
4031	1.175000000	0.031141247
4032	1.187500000	0.031141247
4033	1.200000000	0.031141247
4034	1.212500000	0.031141247
4035	1.225000000	0.031141247
4036	1.237500000	0.031141247
4037	1.250000000	0.031141247
4038	1.262500000	0.031141247
4039	1.275000000	0.031141247
4040	1.287500000	0.031141247
4041	1.300000000	0.031141247
4042	1.312500000	0.031141247
4043	1.325000000	0.031141247
4044	1.337500000	0.031141247
4045	1.350000000	0.031141247
4046	1.362500000	0.031141247
4047	1.375000000	0.031141247
4048	1.387500000	0.031141247
4049	1.400000000	0.031141247
4050	1.412500000	0.031141247
4051	1.425000000	0.031141247
4052	1.437500000	0.031141247
4053	1.450000000	0.031141247
4054	1.462500000	0.031141247
4055	1.475000000	0.031141247
4056	1.487500000	0.031141247
4057	1.500000000	0.031141247
4058	1.512500000	0.031141247
4059	1.525000000	0.031141247
4060	1.537500000	0.031141247
4061	1.550000000	0.031141247
4062	1.562500000	0.031141247
4063	1.575000000	0.031141247
4064	1.587500000	0.031141247
4065	1.600000000	0.031141247
4066	1.612500000	0.031141247
4067	1.625000000	0.031141247
4068	1.637500000	0.031141247
4069	1.650000000	0.031141247
4070	1.662500000	0.031141247
4071	1.675000000	0.031141247
4072	1.687500000	0.031141247
4073	1.700000000	0.031141247
4074	1.712500000	0.031141247
4075	1.725000000	0.031141247
4076	1.737500000	0.031141247
4077	1.750000000	0.031141247
4078	1.762500000	0.031141247
4079	1.775000000	0.031141247
4080	1.787500000	0.031141247
4081	1.800000000	0.031141247
4082	1.812500000	0.031141247
4083	1.825000000	0.031141247
4084	1.837500000	0.031141247
4085	1.850000000	0.031141247
4086	1.862500000	0.031141247
4087	1.875000000	0.031141247
4088	1.887500000	0.031141247
4089	1.900000000	0.031141247
4090	1.912500000	0.031141247
4091	1.925000000	0.031141247
4092	1.937500000	0.031141247
4093	1.950000000	0.031141247
4094	1.962500000	0.031141247
4095	1.975000000	0.031141247
4096	1.987500000	0.031141247
4097	2.000000000	0.031141247
4098	-1.000000000	0.033913297
4099	-0.987500000	0.033913297
4100	-0.975000000	0.033913297
4101	-0.962500000	0.033913297
4102	-0.950000000	0.033913297
4103	-0.937500000	0.033913297
4104	-0.925000000	0.033913297
4105	-0.912500000	0.033913297
4106	-0.900000000	0.033913297
4107	-0.887500000	0.033913297
4108	-0.875000000	0.033913297
4109	-0.862500000	0.033913297
4110	-0.850000000	0.033913297
4111	-0.837500000	0.033913297
4112	-0.825000000	0.033913297
4113	-0.812500000	0.033913297
4114	-0.800000000	0.033913297
4115	-0.787500000	0.033913297
4116	-0.775000000	0.033913297
4117	-0.762500000	0.033913297
4118	-0.750000000	0.033913297
4119	-0.737500000	0.033913297
4120	-0.725000000	0.033913297
4121	-0.712500000	0.033913297
4122	-0.700000000	0.033913297
4123	-0.687500000	0.033913297
4124	-0.675000000	0.033913297
4125	-0.662500000	0.033913297
4126	-0.650000000	0.033913297
4127	-0.637500000	0.033913297
4128	-0.625000000	0.033913297
4129	-0.612500000	0.033913297
4130	-0.600000000	0.033913297
4131	-0.587500000	0.033913297
4132	-0.575000000	0.033913297
4133	-0.562500000	0.033913297
4134	-0.550000000	0.033913297
4135	-0.537500000	0.033913297
4136	-0.525000000	0.033913297
4137	-0.512500000	0.033913297
4138	-0.500000000	0.033913297
4139	-0.487500000	0.033913297
4140	-0.475000000	0.033913297
4141	-0.462500000	0.033913297
4142	-0.450000000	0.033913297
4143	-0.437500000	0.033913297
4144	-0.425000000	0.033913297
4145	-0.412500000	0.033913297
4146	-0.400000000	0.033913297
4147	-0.387500000	0.033913297
4148	-0.375000000	0.033913297
4149	-0.362500000	0.033913297
4150	-0.350000000	0.033913297
4151	-0.337500000	0.033913297
4152	-0.325000000	0.033913297
4153	-0.312500000	0.033913297
4154	-0.300000000	0.033913297
4155	-0.287500000	0.033913297
4156	-0.275000000	0.033913297
4157	-0.262500000	0.033913297
4158	-0.250000000	0.033913297
4159	-0.237500000	0.033913297
4160	-0.225000000	0.033913297
4161	-0.212500000	0.033913297
4162	-0.200000000	0.033913297
4163	-0.187500000	0.033913297
4164	-0.175000000	0.033913297
4165	-0.162500000	0.033913297
4166	-0.150000000	0.033913297
4167	-0.137500000	0.033913297
4168	-0.125000000	0.033913297
4169	-0.112500000	0.033913297
4170	-0.100000000	0.033913297
4171	-0.087500000	0.033913297
4172	-0.075000000	0.033913297
4173	-0.062500000	0.033913297
4174	-0.050000000	0.033913297
4175	-0.037500000	0.033913297
4176	-0.025000000	0.033913297
4177	-0.012500000	0.033913297
4178	0.000000000	0.033913297
4179	0.012500000	0.035430432
4180	0.025000000	0.036945229
4181	0.037500000	0.038455350
4182	0.050000000	0.039958467
4183	0.062500000	0.041452264
4184	0.075000000	0.042934435
4185	0.087500000	0.044402697
4186	0.100000000	0.045854785
4187	0.112500000	0.047288460
4188	0.125000000	0.048701512
4189	0.137500000	0.050091761
4190	0.150000000	0.051457064
4191	0.162500000	0.052795316
4192	0.175000000	0.054104454
4193	0.187500000	0.055382458
4194	0.200000000	0.056627358
4195	0.212500000	0.057837234
4196	0.225000000	0.059010222
4197	0.237500000	0.060144512
4198	0.250000000	0.061238355
4199	0.262500000	0.062290065
4200	0.275000000	0.063298021
4201	0.287500000	0.064260667
4202	0.300000000	0.065176519
4203	0.312500000	0.066044166
4204	0.325000000	0.066862270
4205	0.337500000	0.067629569
4206	0.350000000	0.068344879
4207	0.362500000	0.069007099
4208	0.375000000	0.069615206
4209	0.387500000	0.070168264
4210	0.400000000	0.070665419
4211	0.412500000	0.071105905
4212	0.425000000	0.071489043
4213	0.437500000	0.071814242
4214	0.450000000	0.072081000
4215	0.462500000	0.072288906
4216	0.475000000	0.072437640
4217	0.487500000	0.072526972
4218	0.500000000	0.072556765
4219	0.512500000	0.072526972
4220	0.525000000	0.072437640
4221	0.537500000	0.072288906
4222	0.550000000	0.072081000
4223	0.562500000	0.071814242
4224	0.575000000	0.071489043
4225	0.587500000	0.071105905
4226	0.600000000	0.070665419
4227	0.612500000	0.070168264
4228	0.625000000	0.069615206
4229	0.637500000	0.069007099
4230	0.650000000	0.068344879
4231	0.662500000	0.067629569
4232	0.675000000	0.066862270
4233	0.687500000	0.066044166
4234	0.700000000	0.065176519
4235	0.712500000	0.064260667
4236	0.725000000	0.063298021
4237	0.737500000	0.062290065
4238	0.750000000	0.061238355
4239	0.762500000	0.060144512
4240	0.775000000	0.059010222
4241	0.787500000	0.057837234
4242	0.800000000	0.056627358
4243	0.812500000	0.055382458
4244	0.825000000	0.054104454
4245	0.837500000	0.052795316
4246	0.850000000	0.051457064
4247	0.862500000	0.050091761
4248	0.875000000	0.048701512
4249	0.887500000	0.047288460
4250	0.900000000	0.045854785
4251	0.912500000	0.044402697
4252	0.925000000	0.042934435
4253	0.937500000	0.041452264
4254	0.950000000	0.039958467
4255	0.962500000	0.038455350
4256	0.975000000	0.036945229
4257	0.987500000	0.035430432
4258	1.000000000	0.033913297
4259	1.012500000	0.033913297
4260	1.025000000	0.033913297
4261	1.037500000	0.033913297
4262	1.050000000	0.033913297
4263	1.062500000	0.033913297
4264	1.075000000	0.033913297
4265	1.087500000	0.033913297
4266	1.100000000	0.033913297
4267	1.112500000	0.033913297
4268	1.125000000	0.033913297
4269	1.137500000	0.033913297
4270	1.150000000	0.033913297
4271	1.162500000	0.033913297
4272	1.175000000	0.033913297
4273	1.187500000	0.033913297
4274	1.200000000	0.033913297
4275	1.212500000	0.033913297
4276	1.225000000	0.033913297
4277	1.237500000	0.033913297
4278	1.250000000	0.033913297
4279	1.262500000	0.033913297
4280	1.275000000	0.033913297
4281	1.287500000	0.033913297
4282	1.300000000	0.033913297
4283	1.312500000	0.033913297
4284	1.325000000	0.033913297
4285	1.337500000	0.033913297
4286	1.350000000	0.033913297
4287	1.362500000	0.033913297
4288	1.375000000	0.033913297
4289	1.387500000	0.033913297
4290	1.400000000	0.033913297
4291	1.412500000	0.033913297
4292	1.425000000	0.033913297
4293	1.437500000	0.033913297
4294	1.450000000	0.033913297
4295	1.462500000	0.033913297
4296	1.475000000	0.033913297
4297	1.487500000	0.033913297
4298	1.500000000	0.033913297
4299	1.512500000	0.033913297
4300	1.525000000	0.033913297
4301	1.537500000	0.033913297
4302	1.550000000	0.033913297
4303	1.562500000	0.033913297
4304	1.575000000	0.033913297
4305	1.587500000	0.033913297
4306	1.600000000	0.033913297
4307	1.612500000	0.033913297
4308	1.625000000	0.033913297
4309	1.637500000	0.033913297
4310	1.650000000	0.033913297
4311	1.662500000	0.033913297
4312	1.675000000	0.033913297
4313	1.687500000	0.033913297
4314	1.700000000	0.033913297
4315	1.712500000	0.033913297
4316	1.725000000	0.033913297
4317	1.737500000	0.033913297
4318	1.750000000	0.033913297
4319	1.762500000	0.033913297
4320	1.775000000	0.033913297
4321	1.787500000	0.033913297
4322	1.800000000	0.033913297
4323	1.812500000	0.033913297
4324	1.825000000	0.033913297
4325	1.837500000	0.033913297
4326	1.850000000	0.033913297
4327	1.862500000	0.033913297
4328	1.875000000	0.033913297
4329	1.887500000	0.033913297
4330	1.900000000	0.033913297
4331	1.912500000	0.033913297
4332	1.925000000	0.033913297
4333	1.937500000	0.033913297
4334	1.950000000	0.033913297
4335	1.962500000	0.033913297
4336	1.975000000	0.033913297
4337	1.987500000	0.033913297
4338	2.000000000	0.033913297
4339	-1.000000000	0.036810089
4340	-0.987500000	0.036810089
4341	-0.975000000	0.036810089
4342	-0.962500000	0.036810089
4343	-0.950000000	0.036810089
4344	-0.937500000	0.036810089
4345	-0.925000000	0.036810089
4346	-0.912500000	0.036810089
4347	-0.900000000	0.036810089
4348	-0.887500000	0.036810089
4349	-0.875000000	0.036810089
4350	-0.862500000	0.036810089
4351	-0.850000000	0.036810089
4352	-0.837500000	0.036810089
4353	-0.825000000	0.036810089
4354	-0.812500000	0.036810089
4355	-0.800000000	0.036810089
4356	-0.787500000	0.036810089
4357	-0.775000000	0.036810089
4358	-0.762500000	0.036810089
4359	-0.750000000	0.036810089
4360	-0.737500000	0.036810089
4361	-0.725000000	0.036810089
4362	-0.712500000	0.036810089
4363	-0.700000000	0.036810089
4364	-0.687500000	0.036810089
4365	-0.675000000	0.036810089
4366	-0.662500000	0.036810089
4367	-0.650000000	0.036810089
4368	-0.637500000	0.036810089
4369	-0.625000000	0.036810089
4370	-0.612500000	0.036810089
4371	-0.600000000	0.036810089
4372	-0.587500000	0.036810089
4373	-0.575000000	0.036810089
4374	-0.562500000	0.036810089
4375	-0.550000000	0.036810089
4376	-0.537500000	0.036810089
4377	-0.525000000	0.036810089
4378	-0.512500000	0.036810089
4379	-0.500000000	0.036810089
4380	-0.487500000	0.036810089
4381	-0.475000000	0.036810089
4382	-0.462500000	0.036810089
4383	-0.450000000	0.036810089
4384	-0.437500000	0.036810089
4385	-0.425000000	0.036810089
4386	-0.412500000	0.036810089
4387	-0.400000000	0.036810089
4388	-0.387500000	0.036810089
4389	-0.375000000	0.036810089
4390	-0.362500000	0.036810089
4391	-0.350000000	0.036810089
4392	-0.337500000	0.036810089
4393	-0.325000000	0.036810089
4394	-0.312500000	0.036810089
4395	-0.300000000	0.036810089
4396	-0.287500000	0.036810089
4397	-0.275000000	0.036810089
4398	-0.262500000	0.036810089
4399	-0.250000000	0.036810089
4400	-0.237500000	0.036810089
4401	-0.225000000	0.036810089
4402	-0.212500000	0.036810089
4403	-0.200000000	0.036810089
4404	-0.187500000	0.036810089
4405	-0.175000000	0.036810089
4406	-0.162500000	0.036810089
4407	-0.150000000	0.036810089
4408	-0.137500000	0.036810089
4409	-0.125000000	0.036810089
4410	-0.112500000	0.036810089
4411	-0.100000000	0.036810089
4412	-0.087500000	0.036810089
4413	-0.075000000	0.036810089
4414	-0.062500000	0.036810089
4415	-0.050000000	0.036810089
4416	-0.037500000	0.036810089
4417	-0.025000000	0.036810089
4418	-0.012500000	0.036810089
4419	0.000000000	0.036810089
4420	0.012500000	0.038322675
4421	0.025000000	0.039832929
4422	0.037500000	0.041338522
4423	0.050000000	0.042837133
4424	0.062500000	0.044326450
4425	0.075000000	0.045804178
4426	0.087500000	0.047268037
4427	0.100000000	0.048715771
4428	0.112500000	0.050145147
4429	0.125000000	0.051553962
4430	0.137500000	0.052940042
4431	0.150000000	0.054301252
4432	0.162500000	0.055635491
4433	0.175000000	0.056940703
4434	0.187500000	0.058214875
4435	0.200000000	0.059456042
4436	0.212500000	0.060662291
4437	0.225000000	0.061831761
4438	0.237500000	0.062962650
4439	0.250000000	0.064053214
4440	0.262500000	0.065101770
4441	0.275000000	0.066106703
4442	0.287500000	0.067066463
4443	0.300000000	0.067979569
4444	0.312500000	0.068844615
4445	0.325000000	0.069660265
4446	0.337500000	0.070425263
4447	0.350000000	0.071138429
4448	0.362500000	0.071798663
4449	0.375000000	0.072404947
4450	0.387500000	0.072956346
4451	0.400000000	0.073452010
4452	0.412500000	0.073891176
4453	0.425000000	0.074273165
4454	0.437500000	0.074597388
4455	0.450000000	0.074863347
4456	0.462500000	0.075070630
4457	0.475000000	0.075218918
4458	0.487500000	0.075307982
4459	0.500000000	0.075337685
4460	0.512500000	0.075307982
4461	0.525000000	0.075218918
4462	0.537500000	0.075070630
4463	0.550000000	0.074863347
4464	0.562500000	0.074597388
4465	0.575000000	0.074273165
4466	0.587500000	0.073891176
4467	0.600000000	0.073452010
4468	0.612500000	0.072956346
4469	0.625000000	0.072404947
4470	0.637500000	0.071798663
4471	0.650000000	0.071138429
4472	0.662500000	0.070425263
4473	0.675000000	0.069660265
4474	0.687500000	0.068844615
4475	0.700000000	0.067979569
4476	0.712500000	0.067066463
4477	0.725000000	0.066106703
4478	0.737500000	0.065101770
4479	0.750000000	0.064053214
4480	0.762500000	0.062962650
4481	0.775000000	0.061831761
4482	0.787500000	0.060662291
4483	0.800000000	0.059456042
4484	0.812500000	0.058214875
4485	0.825000000	0.056940703
4486	0.837500000	0.055635491
4487	0.850000000	0.054301252
4488	0.862500000	0.052940042
4489	0.875000000	0.051553962
4490	0.887500000	0.050145147
4491	0.900000000	0.048715771
4492	0.912500000	0.047268037
4493	0.925000000	0.045804178
4494	0.937500000	0.044326450
4495	0.950000000	0.042837133
4496	0.962500000	0.041338522
4497	0.975000000	0.039832929
4498	0.987500000	0.038322675
4499	1.000000000	0.036810089
4500	1.012500000	0.036810089
4501	1.025000000	0.036810089
4502	1.037500000	0.036810089
4503	1.050000000	0.036810089
4504	1.062500000	0.036810089
4505	1.075000000	0.036810089
4506	1.087500000	0.036810089
4507	1.100000000	0.036810089
4508	1.112500000	0.036810089
4509	1.125000000	0.036810089
4510	1.137500000	0.036810089
4511	1.150000000	0.036810089
4512	1.162500000	0.036810089
4513	1.175000000	0.036810089
4514	1.187500000	0.036810089
4515	1.200000000	0.036810089
4516	1.212500000	0.036810089
4517	1.225000000	0.036810089
4518	1.237500000	0.036810089
4519	1.250000000	0.036810089
4520	1.262500000	0.036810089
4521	1.275000000	0.036810089
4522	1.287500000	0.036810089
4523	1.300000000	0.036810089
4524	1.312500000	0.036810089
4525	1.325000000	0.036810089
4526	1.337500000	0.036810089
4527	1.350000000	0.036810089
4528	1.362500000	0.036810089
4529	1.375000000	0.036810089
4530	1.387500000	0.036810089
4531	1.400000000	0.036810089
4532	1.412500000	0.036810089
4533	1.425000000	0.036810089
4534	1.437500000	0.036810089
4535	1.450000000	0.036810089
4536	1.462500000	0.036810089
4537	1.475000000	0.036810089
4538	1.487500000	0.036810089
4539	1.500000000	0.036810089
4540	1.512500000	0.036810089
4541	1.525000000	0.036810089
4542	1.537500000	0.036810089
4543	1.550000000	0.036810089
4544	1.562500000	0.036810089
4545	1.575000000	0.036810089
4546	1.587500000	0.036810089
4547	1.600000000	0.036810089
4548	1.612500000	0.036810089
4549	1.625000000	0.036810089
4550	1.637500000	0.036810089
4551	1.650000000	0.036810089
4552	1.662500000	0.036810089
4553	1.675000000	0.036810089
4554	1.687500000	0.036810089
4555	1.700000000	0.036810089
4556	1.712500000	0.036810089
4557	1.725000000	0.036810089
4558	1.737500000	0.036810089
4559	1.750000000	0.036810089
4560	1.762500000	0.036810089
4561	1.775000000	0.036810089
4562	1.787500000	0.036810089
4563	1.800000000	0.036810089
4564	1.812500000	0.036810089
4565	1.825000000	0.036810089
4566	1.837500000	0.036810089
4567	1.850000000	0.036810089
4568	1.862500000	0.036810089
4569	1.875000000	0.036810089
4570	1.887500000	0.036810089
4571	1.900000000	0.036810089
4572	1.912500000	0.036810089
4573	1.925000000	0.036810089
4574	1.937500000	0.036810089
4575	1.950000000	0.036810089
4576	1.962500000	0.036810089
4577	1.975000000	0.036810089
4578	1.987500000	0.036810089
4579	2.000000000	0.036810089
4580	-1.000000000	0.039837236
4581	-0.987500000	0.039837236
4582	-0.975000000	0.039837236
4583	-0.962500000	0.039837236
4584	-0.950000000	0.039837236
4585	-0.937500000	0.039837236
4586	-0.925000000	0.039837236
4587	-0.912500000	0.039837236
4588	-0.900000000	0.039837236
4589	-0.887500000	0.039837236
4590	-0.875000000	0.039837236
4591	-0.862500000	0.039837236
4592	-0.850000000	0.039837236
4593	-0.837500000	0.039837236
4594	-0.825000000	0.039837236
4595	-0.812500000	0.039837236
4596	-0.800000000	0.039837236
4597	-0.787500000	0.039837236
4598	-0.775000000	0.039837236
4599	-0.762500000	0.039837236
4600	-0.750000000	0.039837236
4601	-0.737500000	0.039837236
4602	-0.725000000	0.039837236
4603	-0.712500000	0.039837236
4604	-0.700000000	0.039837236
4605	-0.687500000	0.039837236
4606	-0.675000000	0.039837236
4607	-0.662500000	0.039837236
4608	-0.650000000	0.039837236
4609	-0.637500000	0.039837236
4610	-0.625000000	0.039837236
4611	-0.612500000	0.039837236
4612	-0.600000000	0.039837236
4613	-0.587500000	0.039837236
4614	-0.575000000	0.039837236
4615	-0.562500000	0.039837236
4616	-0.550000000	0.039837236
4617	-0.537500000	0.039837236
4618	-0.525000000	0.039837236
4619	-0.512500000	0.039837236
4620	-0.500000000	0.039837236
4621	-0.487500000	0.039837236
4622	-0.475000000	0.039837236
4623	-0.462500000	0.039837236
4624	-0.450000000	0.039837236
4625	-0.437500000	0.039837236
4626	-0.425000000	0.039837236
4627	-0.412500000	0.039837236
4628	-0.400000000	0.039837236
4629	-0.387500000	0.039837236
4630	-0.375000000	0.039837236
4631	-0.362500000	0.039837236
4632	-0.350000000	0.039837236
4633	-0.337500000	0.039837236
4634	-0.325000000	0.039837236
4635	-0.312500000	0.039837236
4636	-0.300000000	0.039837236
4637	-0.287500000	0.039837236
4638	-0.275000000	0.039837236
4639	-0.262500000	0.039837236
4640	-0.250000000	0.039837236
4641	-0.237500000	0.039837236
4642	-0.225000000	0.039837236
4643	-0.212500000	0.039837236
4644	-0.200000000	0.039837236
4645	-0.187500000	0.039837236
4646	-0.175000000	0.039837236
4647	-0.162500000	0.039837236
4648	-0.150000000	0.039837236
4649	-0.137500000	0.039837236
4650	-0.125000000	0.039837236
4651	-0.112500000	0.039837236
4652	-0.100000000	0.039837236
4653	-0.087500000	0.039837236
4654	-0.075000000	0.039837236
4655	-0.062500000	0.039837236
4656	-0.050000000	0.039837236
4657	-0.037500000	0.039837236
4658	-0.025000000	0.039837236
4659	-0.012500000	0.039837236
4660	0.000000000	0.039837236
4661	0.012500000	0.041345069
4662	0.025000000	0.042850576
4663	0.037500000	0.044351438
4664	0.050000000	0.045845338
4665	0.062500000	0.047329975
4666	0.075000000	0.048803058
4667	0.087500000	0.050262317
4668	0.100000000	0.051705501
4669	0.112500000	0.053130385
4670	0.125000000	0.054534772
4671	0.137500000	0.055916496
4672	0.150000000	0.057273427
4673	0.162500000	0.058603473
4674	0.175000000	0.059904583
4675	0.187500000	0.061174750
4676	0.200000000	0.062412017
4677	0.212500000	0.063614475
4678	0.225000000	0.064780270
4679	0.237500000	0.065907604
4680	0.250000000	0.066994740
4681	0.262500000	0.068040002
4682	0.275000000	0.069041776
4683	0.287500000	0.069998519
4684	0.300000000	0.070908756
4685	0.312500000	0.071771083
4686	0.325000000	0.072584170
4687	0.337500000	0.073346763
4688	0.350000000	0.074057688
4689	0.362500000	0.074715847
4690	0.375000000	0.075320225
4691	0.387500000	0.075869892
4692	0.400000000	0.076363998
4693	0.412500000	0.076801784
4694	0.425000000	0.077182572
4695	0.437500000	0.077505777
4696	0.450000000	0.077770899
4697	0.462500000	0.077977531
4698	0.475000000	0.078125352
4699	0.487500000	0.078214137
4700	0.500000000	0.078243747
4701	0.512500000	0.078214137
4702	0.525000000	0.078125352
4703	0.537500000	0.077977531
4704	0.550000000	0.077770899
4705	0.562500000	0.077505777
4706	0.575000000	0.077182572
4707	0.587500000	0.076801784
4708	0.600000000	0.076363998
4709	0.612500000	0.075869892
4710	0.625000000	0.075320225
4711	0.637500000	0.074715847
4712	0.650000000	0.074057688
4713	0.662500000	0.073346763
4714	0.675000000	0.072584170
4715	0.687500000	0.071771083
4716	0.700000000	0.070908756
4717	0.712500000	0.069998519
4718	0.725000000	0.069041776
4719	0.737500000	0.068040002
4720	0.750000000	0.066994740
4721	0.762500000	0.065907604
4722	0.775000000	0.064780270
4723	0.787500000	0.063614475
4724	0.800000000	0.062412017
4725	0.812500000	0.061174750
4726	0.825000000	0.059904583
4727	0.837500000	0.058603473
4728	0.850000000	0.057273427
4729	0.862500000	0.055916496
4730	0.875000000	0.054534772
4731	0.887500000	0.053130385
4732	0.900000000	0.051705501
4733	0.912500000	0.050262317
4734	0.925000000	0.048803058
4735	0.937500000	0.047329975
4736	0.950000000	0.045845338
4737	0.962500000	0.044351438
4738	0.975000000	0.042850576
4739	0.987500000	0.041345069
4740	1.000000000	0.039837236
4741	1.012500000	0.039837236
4742	1.025000000	0.039837236
4743	1.037500000	0.039837236
4744	1.050000000	0.039837236
4745	1.062500000	0.039837236
4746	1.075000000	0.039837236
4747	1.087500000	0.039837236
4748	1.100000000	0.039837236
4749	1.112500000	0.039837236
4750	1.125000000	0.039837236
4751	1.137500000	0.039837236
4752	1.150000000	0.039837236
4753	1.162500000	0.039837236
4754	1.175000000	0.039837236
4755	1.187500000	0.039837236
4756	1.200000000	0.039837236
4757	1.212500000	0.039837236
4758	1.225000000	0.039837236
4759	1.237500000	0.039837236
4760	1.250000000	0.039837236
4761	1.262500000	0.039837236
4762	1.275000000	0.039837236
4763	1.287500000	0.039837236
4764	1.300000000	0.039837236
4765	1.312500000	0.039837236
4766	1.325000000	0.039837236
4767	1.337500000	0.039837236
4768	1.350000000	0.039837236
4769	1.362500000	0.039837236
4770	1.375000000	0.039837236
4771	1.387500000	0.039837236
4772	1.400000000	0.039837236
4773	1.412500000	0.039837236
4774	1.425000000	0.039837236
4775	1.437500000	0.039837236
4776	1.450000000	0.039837236
4777	1.462500000	0.039837236
4778	1.475000000	0.039837236
4779	1.487500000	0.039837236
4780	1.500000000	0.039837236
4781	1.512500000	0.039837236
4782	1.525000000	0.039837236
4783	1.537500000	0.039837236
4784	1.550000000	0.039837236
4785	1.562500000	0.039837236
4786	1.575000000	0.039837236
4787	1.587500000	0.039837236
4788	1.600000000	0.039837236
4789	1.612500000	0.039837236
4790	1.625000000	0.039837236
4791	1.637500000	0.039837236
4792	1.650000000	0.039837236
4793	1.662500000	0.039837236
4794	1.675000000	0.039837236
4795	1.687500000	0.039837236
4796	1.700000000	0.039837236
4797	1.712500000	0.039837236
4798	1.725000000	0.039837236
4799	1.737500000	0.039837236
4800	1.750000000	0.039837236
4801	1.762500000	0.039837236
4802	1.775000000	0.039837236
4803	1.787500000	0.039837236
4804	1.800000000	0.039837236
4805	1.812500000	0.039837236
4806	1.825000000	0.039837236
4807	1.837500000	0.039837236
4808	1.850000000	0.039837236
4809	1.862500000	0.039837236
4810	1.875000000	0.039837236
4811	1.887500000	0.039837236
4812	1.900000000	0.039837236
4813	1.912500000	0.039837236
4814	1.925000000	0.039837236
4815	1.937500000	0.039837236
4816	1.950000000	0.039837236
4817	1.962500000	0.039837236
4818	1.975000000	0.039837236
4819	1.987500000	0.039837236
4820	2.000000000	0.039837236
4821	-1.000000000	0.043000605
4822	-0.987500000	0.043000605
4823	-0.975000000	0.043000605
4824	-0.962500000	0.043000605
4825	-0.950000000	0.043000605
4826	-0.937500000	0.043000605
4827	-0.925000000	0.043000605
4828	-0.912500000	0.043000605
4829	-0.900000000	0.043000605
4830	-0.887500000	0.043000605
4831	-0.875000000	0.043000605
4832	-0.862500000	0.043000605
4833	-0.850000000	0.043000605
4834	-0.837500000	0.043000605
4835	-0.825000000	0.043000605
4836	-0.812500000	0.043000605
4837	-0.800000000	0.043000605
4838	-0.787500000	0.043000605
4839	-0.775000000	0.043000605
4840	-0.762500000	0.043000605
4841	-0.750000000	0.043000605
4842	-0.737500000	0.043000605
4843	-0.725000000	0.043000605
4844	-0.712500000	0.043000605
4845	-0.700000000	0.043000605
4846	-0.687500000	0.043000605
4847	-0.675000000	0.043000605
4848	-0.662500000	0.043000605
4849	-0.650000000	0.043000605
4850	-0.637500000	0.043000605
4851	-0.625000000	0.043000605
4852	-0.612500000	0.043000605
4853	-0.600000000	0.043000605
4854	-0.587500000	0.043000605
4855	-0.575000000	0.043000605
4856	-0.562500000	0.043000605
4857	-0.550000000	0.043000605
4858	-0.537500000	0.043000605
4859	-0.525000000	0.043000605
4860	-0.512500000	0.043000605
4861	-0.500000000	0.043000605
4862	-0.487500000	0.043000605
4863	-0.475000000	0.043000605
4864	-0.462500000	0.043000605
4865	-0.450000000	0.043000605
4866	-0.437500000	0.043000605
4867	-0.425000000	0.043000605
4868	-0.412500000	0.043000605
4869	-0.400000000	0.043000605
4870	-0.387500000	0.043000605
4871	-0.375000000	0.043000605
4872	-0.362500000	0.043000605
4873	-0.350000000	0.043000605
4874	-0.337500000	0.043000605
4875	-0.325000000	0.043000605
4876	-0.312500000	0.043000605
4877	-0.300000000	0.043000605
4878	-0.287500000	0.043000605
4879	-0.275000000	0.043000605
4880	-0.262500000	0.043000605
4881	-0.250000000	0.043000605
4882	-0.237500000	0.043000605
4883	-0.225000000	0.043000605
4884	-0.212500000	0.043000605
4885	-0.200000000	0.043000605
4886	-0.187500000	0.043000605
4887	-0.175000000	0.043000605
4888	-0.162500000	0.043000605
4889	-0.150000000	0.043000605
4890	-0.137500000	0.043000605
4891	-0.125000000	0.043000605
4892	-0.112500000	0.043000605
4893	-0.100000000	0.043000605
4894	-0.087500000	0.043000605
4895	-0.075000000	0.043000605
4896	-0.062500000	0.043000605
4897	-0.050000000	0.043000605
4898	-0.037500000	0.043000605
4899	-0.025000000	0.043000605
4900	-0.012500000	0.043000605
4901	0.000000000	0.043000605
4902	0.012500000	0.044503470
4903	0.025000000	0.046004018
4904	0.037500000	0.047499934
4905	0.050000000	0.048988913
4906	0.062500000	0.050468658
4907	0.075000000	0.051936888
4908	0.087500000	0.053391339
4909	0.100000000	0.054829769
4910	0.112500000	0.056249958
4911	0.125000000	0.057649718
4912	0.137500000	0.059026890
4913	0.150000000	0.060379351
4914	0.162500000	0.061705015
4915	0.175000000	0.063001838
4916	0.187500000	0.064267821
4917	0.200000000	0.065501011
4918	0.212500000	0.066699507
4919	0.225000000	0.067861461
4920	0.237500000	0.068985082
4921	0.250000000	0.070068636
4922	0.262500000	0.071110453
4923	0.275000000	0.072108927
4924	0.287500000	0.073062519
4925	0.300000000	0.073969756
4926	0.312500000	0.074829242
4927	0.325000000	0.075639650
4928	0.337500000	0.076399732
4929	0.350000000	0.077108314
4930	0.362500000	0.077764304
4931	0.375000000	0.078366692
4932	0.387500000	0.078914547
4933	0.400000000	0.079407026
4934	0.412500000	0.079843369
4935	0.425000000	0.080222902
4936	0.437500000	0.080545042
4937	0.450000000	0.080809291
4938	0.462500000	0.081015242
4939	0.475000000	0.081162577
4940	0.487500000	0.081251069
4941	0.500000000	0.081280581
4942	0.512500000	0.081251069
4943	0.525000000	0.081162577
4944	0.537500000	0.081015242
4945	0.550000000	0.080809291
4946	0.562500000	0.080545042
4947	0.575000000	0.080222902
4948	0.587500000	0.079843369
4949	0.600000000	0.079407026
4950	0.612500000	0.078914547
4951	0.625000000	0.078366692
4952	0.637500000	0.077764304
4953	0.650000000	0.077108314
4954	0.662500000	0.076399732
4955	0.675000000	0.075639650
4956	0.687500000	0.074829242
4957	0.700000000	0.073969756
4958	0.712500000	0.073062519
4959	0.725000000	0.072108927
4960	0.737500000	0.071110453
4961	0.750000000	0.070068636
4962	0.762500000	0.068985082
4963	0.775000000	0.067861461
4964	0.787500000	0.066699507
4965	0.800000000	0.065501011
4966	0.812500000	0.064267821
4967	0.825000000	0.063001838
4968	0.837500000	0.061705015
4969	0.850000000	0.060379351
4970	0.862500000	0.059026890
4971	0.875000000	0.057649718
4972	0.887500000	0.056249958
4973	0.900000000	0.054829769
4974	0.912500000	0.053391339
4975	0.925000000	0.051936888
4976	0.937500000	0.050468658
4977	0.950000000	0.048988913
4978	0.962500000	0.047499934
4979	0.975000000	0.046004018
4980	0.987500000	0.044503470
4981	1.000000000	0.043000605
4982	1.012500000	0.043000605
4983	1.025000000	0.043000605
4984	1.037500000	0.043000605
4985	1.050000000	0.043000605
4986	1.062500000	0.043000605
4987	1.075000000	0.043000605
4988	1.087500000	0.043000605
4989	1.100000000	0.043000605
4990	1.112500000	0.043000605
4991	1.125000000	0.043000605
4992	1.137500000	0.043000605
4993	1.150000000	0.043000605
4994	1.162500000	0.043000605
4995	1.175000000	0.043000605
4996	1.187500000	0.043000605
4997	1.200000000	0.043000605
4998	1.212500000	0.043000605
4999	1.225000000	0.043000605
5000	1.237500000	0.043000605
5001	1.250000000	0.043000605
5002	1.262500000	0.043000605
5003	1.275000000	0.043000605
5004	1.287500000	0.043000605
5005	1.300000000	0.043000605
5006	1.312500000	0.043000605
5007	1.325000000	0.043000605
5008	1.337500000	0.043000605
5009	1.350000000	0.043000605
5010	1.362500000	0.043000605
5011	1.375000000	0.043000605
5012	1.387500000	0.043000605
5013	1.400000000	0.043000605
5014	1.412500000	0.043000605
5015	1.425000000	0.043000605
5016	1.437500000	0.043000605
5017	1.450000000	0.043000605
5018	1.462500000	0.043000605
5019	1.475000000	0.043000605
5020	1.487500000	0.043000605
5021	1.500000000	0.043000605
5022	1.512500000	0.043000605
5023	1.525000000	0.043000605
5024	1.537500000	0.043000605
5025	1.550000000	0.043000605
5026	1.562500000	0.043000605
5027	1.575000000	0.043000605
5028	1.587500000	0.043000605
5029	1.600000000	0.043000605
5030	1.612500000	0.043000605
5031	1.625000000	0.043000605
5032	1.637500000	0.043000605
5033	1.650000000	0.043000605
5034	1.662500000	0.043000605
5035	1.675000000	0.043000605
5036	1.687500000	0.043000605
5037	1.700000000	0.043000605
5038	1.712500000	0.043000605
5039	1.725000000	0.043000605
5040	1.737500000	0.043000605
5041	1.750000000	0.043000605
5042	1.762500000	0.043000605
5043	1.775000000	0.043000605
5044	1.787500000	0.043000605
5045	1.800000000	0.043000605
5046	1.812500000	0.043000605
5047	1.825000000	0.043000605
5048	1.837500000	0.043000605
5049	1.850000000	0.043000605
5050	1.862500000	0.043000605
5051	1.875000000	0.043000605
5052	1.887500000	0.043000605
5053	1.900000000	0.043000605
5054	1.912500000	0.043000605
5055	1.925000000	0.043000605
5056	1.937500000	0.043000605
5057	1.950000000	0.043000605
5058	1.962500000	0.043000605
5059	1.975000000	0.043000605
5060	1.987500000	0.043000605
5061	2.000000000	0.043000605
5062	-1.000000000	0.046306326
5063	-0.987500000	0.046306326
5064	-0.975000000	0.046306326
5065	-0.962500000	0.046306326
5066	-0.950000000	0.046306326
5067	-0.937500000	0.046306326
5068	-0.925000000	0.046306326
5069	-0.912500000	0.046306326
5070	-0.900000000	0.046306326
5071	-0.887500000	0.046306326
5072	-0.875000000	0.046306326
5073	-0.862500000	0.046306326
5074	-0.850000000	0.046306326
5075	-0.837500000	0.046306326
5076	-0.825000000	0.046306326
5077	-0.812500000	0.046306326
5078	-0.800000000	0.046306326
5079	-0.787500000	0.046306326
5080	-0.775000000	0.046306326
5081	-0.762500000	0.046306326
5082	-0.750000000	0.046306326
5083	-0.737500000	0.046306326
5084	-0.725000000	0.046306326
5085	-0.712500000	0.046306326
5086	-0.700000000	0.046306326
5087	-0.687500000	0.046306326
5088	-0.675000000	0.046306326
5089	-0.662500000	0.046306326
5090	-0.650000000	0.046306326
5091	-0.637500000	0.046306326
5092	-0.625000000	0.046306326
5093	-0.612500000	0.046306326
5094	-0.600000000	0.046306326
5095	-0.587500000	0.046306326
5096	-0.575000000	0.046306326
5097	-0.562500000	0.046306326
5098	-0.550000000	0.046306326
5099	-0.537500000	0.046306326
5100	-0.525000000	0.046306326
5101	-0.512500000	0.046306326
5102	-0.500000000	0.046306326
5103	-0.487500000	0.046306326
5104	-0.475000000	0.046306326
5105	-0.462500000	0.046306326
5106	-0.450000000	0.046306326
5107	-0.437500000	0.046306326
5108	-0.425000000	0.046306326
5109	-0.412500000	0.046306326
5110	-0.400000000	0.046306326
5111	-0.387500000	0.046306326
5112	-0.375000000	0.046306326
5113	-0.362500000	0.046306326
5114	-0.350000000	0.046306326
5115	-0.337500000	0.046306326
5116	-0.325000000	0.046306326
5117	-0.312500000	0.046306326
5118	-0.300000000	0.046306326
5119	-0.287500000	0.046306326
5120	-0.275000000	0.046306326
5121	-0.262500000	0.046306326
5122	-0.250000000	0.046306326
5123	-0.237500000	0.046306326
5124	-0.225000000	0.046306326
5125	-0.212500000	0.046306326
5126	-0.200000000	0.046306326
5127	-0.187500000	0.046306326
5128	-0.175000000	0.046306326
5129	-0.162500000	0.046306326
5130	-0.150000000	0.046306326
5131	-0.137500000	0.046306326
5132	-0.125000000	0.046306326
5133	-0.112500000	0.046306326
5134	-0.100000000	0.046306326
5135	-0.087500000	0.046306326
5136	-0.075000000	0.046306326
5137	-0.062500000	0.046306326
5138	-0.050000000	0.046306326
5139	-0.037500000	0.046306326
5140	-0.025000000	0.046306326
5141	-0.012500000	0.046306326
5142	0.000000000	0.046306326
5143	0.012500000	0.047804000
5144	0.025000000	0.049299364
5145	0.037500000	0.050790113
5146	0.050000000	0.052273949
5147	0.062500000	0.053748582
5148	0.075000000	0.055211741
5149	0.087500000	0.056661168
5150	0.100000000	0.058094628
5151	0.112500000	0.059509912
5152	0.125000000	0.060904837
5153	0.137500000	0.062277252
5154	0.150000000	0.063625041
5155	0.162500000	0.064946126
5156	0.175000000	0.066238469
5157	0.187500000	0.067500079
5158	0.200000000	0.068729009
5159	0.212500000	0.069923366
5160	0.225000000	0.071081306
5161	0.237500000	0.072201045
5162	0.250000000	0.073280857
5163	0.262500000	0.074319076
5164	0.275000000	0.075314101
5165	0.287500000	0.076264398
5166	0.300000000	0.077168502
5167	0.312500000	0.078025019
5168	0.325000000	0.078832627
5169	0.337500000	0.079590083
5170	0.350000000	0.080296218
5171	0.362500000	0.080949942
5172	0.375000000	0.081550249
5173	0.387500000	0.082096212
5174	0.400000000	0.082586990
5175	0.412500000	0.083021825
5176	0.425000000	0.083400048
5177	0.437500000	0.083721075
5178	0.450000000	0.083984411
5179	0.462500000	0.084189650
5180	0.475000000	0.084336476
5181	0.487500000	0.084424663
5182	0.500000000	0.084454073
5183	0.512500000	0.084424663
5184	0.525000000	0.084336476
5185	0.537500000	0.084189650
5186	0.550000000	0.083984411
5187	0.562500000	0.083721075
5188	0.575000000	0.083400048
5189	0.587500000	0.083021825
5190	0.600000000	0.082586990
5191	0.612500000	0.082096212
5192	0.625000000	0.081550249
5193	0.637500000	0.080949942
5194	0.650000000	0.080296218
5195	0.662500000	0.079590083
5196	0.675000000	0.078832627
5197	0.687500000	0.078025019
5198	0.700000000	0.077168502
5199	0.712500000	0.076264398
5200	0.725000000	0.075314101
5201	0.737500000	0.074319076
5202	0.750000000	0.073280857
5203	0.762500000	0.072201045
5204	0.775000000	0.071081306
5205	0.787500000	0.069923366
5206	0.800000000	0.068729009
5207	0.812500000	0.067500079
5208	0.825000000	0.066238469
5209	0.837500000	0.064946126
5210	0.850000000	0.063625041
5211	0.862500000	0.062277252
5212	0.875000000	0.060904837
5213	0.887500000	0.059509912
5214	0.900000000	0.058094628
5215	0.912500000	0.056661168
5216	0.925000000	0.055211741
5217	0.937500000	0.053748582
5218	0.950000000	0.052273949
5219	0.962500000	0.050790113
5220	0.975000000	0.049299364
5221	0.987500000	0.047804000
5222	1.000000000	0.046306326
5223	1.012500000	0.046306326
5224	1.025000000	0.046306326
5225	1.037500000	0.046306326
5226	1.050000000	0.046306326
5227	1.062500000	0.046306326
5228	1.075000000	0.046306326
5229	1.087500000	0.046306326
5230	1.100000000	0.046306326
5231	1.112500000	0.046306326
5232	1.125000000	0.046306326
5233	1.137500000	0.046306326
5234	1.150000000	0.046306326
5235	1.162500000	0.046306326
5236	1.175000000	0.046306326
5237	1.187500000	0.046306326
5238	1.200000000	0.046306326
5239	1.212500000	0.046306326
5240	1.225000000	0.046306326
5241	1.237500000	0.046306326
5242	1.250000000	0.046306326
5243	1.262500000	0.046306326
5244	1.275000000	0.046306326
5245	1.287500000	0.046306326
5246	1.300000000	0.046306326
5247	1.312500000	0.046306326
5248	1.325000000	0.046306326
5249	1.337500000	0.046306326
5250	1.350000000	0.046306326
5251	1.362500000	0.046306326
5252	1.375000000	0.046306326
5253	1.387500000	0.046306326
5254	1.400000000	0.046306326
5255	1.412500000	0.046306326
5256	1.425000000	0.046306326
5257	1.437500000	0.046306326
5258	1.450000000	0.046306326
5259	1.462500000	0.046306326
5260	1.475000000	0.046306326
5261	1.487500000	0.046306326
5262	1.500000000	0.046306326
5263	1.512500000	0.046306326
5264	1.525000000	0.046306326
5265	1.537500000	0.046306326
5266	1.550000000	0.046306326
5267	1.562500000	0.046306326
5268	1.575000000	0.046306326
5269	1.587500000	0.046306326
5270	1.600000000	0.046306326
5271	1.612500000	0.046306326
5272	1.625000000	0.046306326
5273	1.637500000	0.046306326
5274	1.650000000	0.046306326
5275	1.662500000	0.046306326
5276	1.675000000	0.046306326
5277	1.687500000	0.046306326
5278	1.700000000	0.046306326
5279	1.712500000	0.046306326
5280	1.725000000	0.046306326
5281	1.737500000	0.046306326
5282	1.750000000	0.046306326
5283	1.762500000	0.046306326
5284	1.775000000	0.046306326
5285	1.787500000	0.046306326
5286	1.800000000	0.046306326
5287	1.812500000	0.046306326
5288	1.825000000	0.046306326
5289	1.837500000	0.046306326
5290	1.850000000	0.046306326
5291	1.862500000	0.046306326
5292	1.875000000	0.046306326
5293	1.887500000	0.046306326
5294	1.900000000	0.046306326
5295	1.912500000	0.046306326
5296	1.925000000	0.046306326
5297	1.937500000	0.046306326
5298	1.950000000	0.046306326
5299	1.962500000	0.046306326
5300	1.975000000	0.046306326
5301	1.987500000	0.046306326
5302	2.000000000	0.046306326
5303	-1.000000000	0.049760804
5304	-0.987500000	0.049760804
5305	-0.975000000	0.049760804
5306	-0.962500000	0.049760804
5307	-0.950000000	0.049760804
5308	-0.937500000	0.049760804
5309	-0.925000000	0.049760804
5310	-0.912500000	0.049760804
5311	-0.900000000	0.049760804
5312	-0.887500000	0.049760804
5313	-0.875000000	0.049760804
5314	-0.862500000	0.049760804
5315	-0.850000000	0.049760804
5316	-0.837500000	0.049760804
5317	-0.825000000	0.049760804
5318	-0.812500000	0.049760804
5319	-0.800000000	0.049760804
5320	-0.787500000	0.049760804
5321	-0.775000000	0.049760804
5322	-0.762500000	0.049760804
5323	-0.750000000	0.049760804
5324	-0.737500000	0.049760804
5325	-0.725000000	0.049760804
5326	-0.712500000	0.049760804
5327	-0.700000000	0.049760804
5328	-0.687500000	0.049760804
5329	-0.675000000	0.049760804
5330	-0.662500000	0.049760804
5331	-0.650000000	0.049760804
5332	-0.637500000	0.049760804
5333	-0.625000000	0.049760804
5334	-0.612500000	0.049760804
5335	-0.600000000	0.049760804
5336	-0.587500000	0.049760804
5337	-0.575000000	0.049760804
5338	-0.562500000	0.049760804
5339	-0.550000000	0.049760804
5340	-0.537500000	0.049760804
5341	-0.525000000	0.049760804
5342	-0.512500000	0.049760804
5343	-0.500000000	0.049760804
5344	-0.487500000	0.049760804
5345	-0.475000000	0.049760804
5346	-0.462500000	0.049760804
5347	-0.450000000	0.049760804
5348	-0.437500000	0.049760804
5349	-0.425000000	0.049760804
5350	-0.412500000	0.049760804
5351	-0.400000000	0.049760804
5352	-0.387500000	0.049760804
5353	-0.375000000	0.049760804
5354	-0.362500000	0.049760804
5355	-0.350000000	0.049760804
5356	-0.337500000	0.049760804
5357	-0.325000000	0.049760804
5358	-0.312500000	0.049760804
5359	-0.300000000	0.049760804
5360	-0.287500000	0.049760804
5361	-0.275000000	0.049760804
5362	-0.262500000	0.049760804
5363	-0.250000000	0.049760804
5364	-0.237500000	0.049760804
5365	-0.225000000	0.049760804
5366	-0.212500000	0.049760804
5367	-0.200000000	0.049760804
5368	-0.187500000	0.049760804
5369	-0.175000000	0.049760804
5370	-0.162500000	0.049760804
5371	-0.150000000	0.049760804
5372	-0.137500000	0.049760804
5373	-0.125000000	0.049760804
5374	-0.112500000	0.049760804
5375	-0.100000000	0.049760804
5376	-0.087500000	0.049760804
5377	-0.075000000	0.049760804
5378	-0.062500000	0.049760804
5379	-0.050000000	0.049760804
5380	-0.037500000	0.049760804
5381	-0.025000000	0.049760804
5382	-0.012500000	0.049760804
5383	0.000000000	0.049760804
5384	0.012500000	0.051253053
5385	0.025000000	0.052743001
5386	0.037500000	0.054228350
5387	0.050000000	0.055706811
5388	0.062500000	0.057176103
5389	0.075000000	0.058633962
5390	0.087500000	0.060078139
5391	0.100000000	0.061506407
5392	0.112500000	0.062916564
5393	0.125000000	0.064306436
5394	0.137500000	0.065673880
5395	0.150000000	0.067016787
5396	0.162500000	0.068333087
5397	0.175000000	0.069620749
5398	0.187500000	0.070877789
5399	0.200000000	0.072102268
5400	0.212500000	0.073292298
5401	0.225000000	0.074446044
5402	0.237500000	0.075561727
5403	0.250000000	0.076637628
5404	0.262500000	0.077672086
5405	0.275000000	0.078663507
5406	0.287500000	0.079610362
5407	0.300000000	0.080511191
5408	0.312500000	0.081364605
5409	0.325000000	0.082169289
5410	0.337500000	0.082924001
5411	0.350000000	0.083627577
5412	0.362500000	0.084278934
5413	0.375000000	0.084877066
5414	0.387500000	0.085421052
5415	0.400000000	0.085910052
5416	0.412500000	0.086343312
5417	0.425000000	0.086720165
5418	0.437500000	0.087040029
5419	0.450000000	0.087302411
5420	0.462500000	0.087506907
5421	0.475000000	0.087653201
5422	0.487500000	0.087741068
5423	0.500000000	0.087770372
5424	0.512500000	0.087741068
5425	0.525000000	0.087653201
5426	0.537500000	0.087506907
5427	0.550000000	0.087302411
5428	0.562500000	0.087040029
5429	0.575000000	0.086720165
5430	0.587500000	0.086343312
5431	0.600000000	0.085910052
5432	0.612500000	0.085421052
5433	0.625000000	0.084877066
5434	0.637500000	0.084278934
5435	0.650000000	0.083627577
5436	0.662500000	0.082924001
5437	0.675000000	0.082169289
5438	0.687500000	0.081364605
5439	0.700000000	0.080511191
5440	0.712500000	0.079610362
5441	0.725000000	0.078663507
5442	0.737500000	0.077672086
5443	0.750000000	0.076637628
5444	0.762500000	0.075561727
5445	0.775000000	0.074446044
5446	0.787500000	0.073292298
5447	0.800000000	0.072102268
5448	0.812500000	0.070877789
5449	0.825000000	0.069620749
5450	0.837500000	0.068333087
5451	0.850000000	0.067016787
5452	0.862500000	0.065673880
5453	0.875000000	0.064306436
5454	0.887500000	0.062916564
5455	0.900000000	0.061506407
5456	0.912500000	0.060078139
5457	0.925000000	0.058633962
5458	0.937500000	0.057176103
5459	0.950000000	0.055706811
5460	0.962500000	0.054228350
5461	0.975000000	0.052743001
5462	0.987500000	0.051253053
5463	1.000000000	0.049760804
5464	1.012500000	0.049760804
5465	1.025000000	0.049760804
5466	1.037500000	0.049760804
5467	1.050000000	0.049760804
5468	1.062500000	0.049760804
5469	1.075000000	0.049760804
5470	1.087500000	0.049760804
5471	1.100000000	0.049760804
5472	1.112500000	0.049760804
5473	1.125000000	0.049760804
5474	1.137500000	0.049760804
5475	1.150000000	0.049760804
5476	1.162500000	0.049760804
5477	1.175000000	0.049760804
5478	1.187500000	0.049760804
5479	1.200000000	0.049760804
5480	1.212500000	0.049760804
5481	1.225000000	0.049760804
5482	1.237500000	0.049760804
5483	1.250000000	0.049760804
5484	1.262500000	0.049760804
5485	1.275000000	0.049760804
5486	1.287500000	0.049760804
5487	1.300000000	0.049760804
5488	1.312500000	0.049760804
5489	1.325000000	0.049760804
5490	1.337500000	0.049760804
5491	1.350000000	0.049760804
5492	1.362500000	0.049760804
5493	1.375000000	0.049760804
5494	1.387500000	0.049760804
5495	1.400000000	0.049760804
5496	1.412500000	0.049760804
5497	1.425000000	0.049760804
5498	1.437500000	0.049760804
5499	1.450000000	0.049760804
5500	1.462500000	0.049760804
5501	1.475000000	0.049760804
5502	1.487500000	0.049760804
5503	1.500000000	0.049760804
5504	1.512500000	0.049760804
5505	1.525000000	0.049760804
5506	1.537500000	0.049760804
5507	1.550000000	0.049760804
5508	1.562500000	0.049760804
5509	1.575000000	0.049760804
5510	1.587500000	0.049760804
5511	1.600000000	0.049760804
5512	1.612500000	0.049760804
5513	1.625000000	0.049760804
5514	1.637500000	0.049760804
5515	1.650000000	0.049760804
5516	1.662500000	0.049760804
5517	1.675000000	0.049760804
5518	1.687500000	0.049760804
5519	1.700000000	0.049760804
5520	1.712500000	0.049760804
5521	1.725000000	0.049760804
5522	1.737500000	0.049760804
5523	1.750000000	0.049760804
5524	1.762500000	0.049760804
5525	1.775000000	0.049760804
5526	1.787500000	0.049760804
5527	1.800000000	0.049760804
5528	1.812500000	0.049760804
5529	1.825000000	0.049760804
5530	1.837500000	0.049760804
5531	1.850000000	0.049760804
5532	1.862500000	0.049760804
5533	1.875000000	0.049760804
5534	1.887500000	0.049760804
5535	1.900000000	0.049760804
5536	1.912500000	0.049760804
5537	1.925000000	0.049760804
5538	1.937500000	0.049760804
5539	1.950000000	0.049760804
5540	1.962500000	0.049760804
5541	1.975000000	0.049760804
5542	1.987500000	0.049760804
5543	2.000000000	0.049760804
5544	-1.000000000	0.053370734
5545	-0.987500000	0.053370734
5546	-0.975000000	0.053370734
5547	-0.962500000	0.053370734
5548	-0.950000000	0.053370734
5549	-0.937500000	0.053370734
5550	-0.925000000	0.053370734
5551	-0.912500000	0.053370734
5552	-0.900000000	0.053370734
5553	-0.887500000	0.053370734
5554	-0.875000000	0.053370734
5555	-0.862500000	0.053370734
5556	-0.850000000	0.053370734
5557	-0.837500000	0.053370734
5558	-0.825000000	0.053370734
5559	-0.812500000	0.053370734
5560	-0.800000000	0.053370734
5561	-0.787500000	0.053370734
5562	-0.775000000	0.053370734
5563	-0.762500000	0.053370734
5564	-0.750000000	0.053370734
5565	-0.737500000	0.053370734
5566	-0.725000000	0.053370734
5567	-0.712500000	0.053370734
5568	-0.700000000	0.053370734
5569	-0.687500000	0.053370734
5570	-0.675000000	0.053370734
5571	-0.662500000	0.053370734
5572	-0.650000000	0.053370734
5573	-0.637500000	0.053370734
5574	-0.625000000	0.053370734
5575	-0.612500000	0.053370734
5576	-0.600000000	0.053370734
5577	-0.587500000	0.053370734
5578	-0.575000000	0.053370734
5579	-0.562500000	0.053370734
5580	-0.550000000	0.053370734
5581	-0.537500000	0.053370734
5582	-0.525000000	0.053370734
5583	-0.512500000	0.053370734
5584	-0.500000000	0.053370734
5585	-0.487500000	0.053370734
5586	-0.475000000	0.053370734
5587	-0.462500000	0.053370734
5588	-0.450000000	0.053370734
5589	-0.437500000	0.053370734
5590	-0.425000000	0.053370734
5591	-0.412500000	0.053370734
5592	-0.400000000	0.053370734
5593	-0.387500000	0.053370734
5594	-0.375000000	0.053370734
5595	-0.362500000	0.053370734
5596	-0.350000000	0.053370734
5597	-0.337500000	0.053370734
5598	-0.325000000	0.053370734
5599	-0.312500000	0.053370734
5600	-0.300000000	0.053370734
5601	-0.287500000	0.053370734
5602	-0.275000000	0.053370734
5603	-0.262500000	0.053370734
5604	-0.250000000	0.053370734
5605	-0.237500000	0.053370734
5606	-0.225000000	0.053370734
5607	-0.212500000	0.053370734
5608	-0.200000000	0.053370734
5609	-0.187500000	0.053370734
5610	-0.175000000	0.053370734
5611	-0.162500000	0.053370734
5612	-0.150000000	0.053370734
5613	-0.137500000	0.053370734
5614	-0.125000000	0.053370734
5615	-0.112500000	0.053370734
5616	-0.100000000	0.053370734
5617	-0.087500000	0.053370734
5618	-0.075000000	0.053370734
5619	-0.062500000	0.053370734
5620	-0.050000000	0.053370734
5621	-0.037500000	0.053370734
5622	-0.025000000	0.053370734
5623	-0.012500000	0.053370734
5624	0.000000000	0.053370734
5625	0.012500000	0.054857314
5626	0.025000000	0.056341601
5627	0.037500000	0.057821308
5628	0.050000000	0.059294152
5629	0.062500000	0.060757862
5630	0.075000000	0.062210183
5631	0.087500000	0.063648873
5632	0.100000000	0.065071715
5633	0.112500000	0.066476516
5634	0.125000000	0.067861108
5635	0.137500000	0.069223357
5636	0.150000000	0.070561162
5637	0.162500000	0.071872461
5638	0.175000000	0.073155231
5639	0.187500000	0.074407496
5640	0.200000000	0.075627323
5641	0.212500000	0.076812832
5642	0.225000000	0.077962195
5643	0.237500000	0.079073640
5644	0.250000000	0.080145453
5645	0.262500000	0.081175981
5646	0.275000000	0.082163636
5647	0.287500000	0.083106894
5648	0.300000000	0.084004301
5649	0.312500000	0.084854473
5650	0.325000000	0.085656099
5651	0.337500000	0.086407944
5652	0.350000000	0.087108848
5653	0.362500000	0.087757730
5654	0.375000000	0.088353590
5655	0.387500000	0.088895509
5656	0.400000000	0.089382651
5657	0.412500000	0.089814266
5658	0.425000000	0.090189687
5659	0.437500000	0.090508336
5660	0.450000000	0.090769722
5661	0.462500000	0.090973441
5662	0.475000000	0.091119179
5663	0.487500000	0.091206712
5664	0.500000000	0.091235905
5665	0.512500000	0.091206712
5666	0.525000000	0.091119179
5667	0.537500000	0.090973441
5668	0.550000000	0.090769722
5669	0.562500000	0.090508336
5670	0.575000000	0.090189687
5671	0.587500000	0.089814266
5672	0.600000000	0.089382651
5673	0.612500000	0.088895509
5674	0.625000000	0.088353590
5675	0.637500000	0.087757730
5676	0.650000000	0.087108848
5677	0.662500000	0.086407944
5678	0.675000000	0.085656099
5679	0.687500000	0.084854473
5680	0.700000000	0.084004301
5681	0.712500000	0.083106894
5682	0.725000000	0.082163636
5683	0.737500000	0.081175981
5684	0.750000000	0.080145453
5685	0.762500000	0.079073640
5686	0.775000000	0.077962195
5687	0.787500000	0.076812832
5688	0.800000000	0.075627323
5689	0.812500000	0.074407496
5690	0.825000000	0.073155231
5691	0.837500000	0.071872461
5692	0.850000000	0.070561162
5693	0.862500000	0.069223357
5694	0.875000000	0.067861108
5695	0.887500000	0.066476516
5696	0.900000000	0.065071715
5697	0.912500000	0.063648873
5698	0.925000000	0.062210183
5699	0.937500000	0.060757862
5700	0.950000000	0.059294152
5701	0.962500000	0.057821308
5702	0.975000000	0.056341601
5703	0.987500000	0.054857314
5704	1.000000000	0.053370734
5705	1.012500000	0.053370734
5706	1.025000000	0.053370734
5707	1.037500000	0.053370734
5708	1.050000000	0.053370734
5709	1.062500000	0.053370734
5710	1.075000000	0.053370734
5711	1.087500000	0.053370734
5712	1.100000000	0.053370734
5713	1.112500000	0.053370734
5714	1.125000000	0.053370734
5715	1.137500000	0.053370734
5716	1.150000000	0.053370734
5717	1.162500000	0.053370734
5718	1.175000000	0.053370734
5719	1.187500000	0.053370734
5720	1.200000000	0.053370734
5721	1.212500000	0.053370734
5722	1.225000000	0.053370734
5723	1.237500000	0.053370734
5724	1.250000000	0.053370734
5725	1.262500000	0.053370734
5726	1.275000000	0.053370734
5727	1.287500000	0.053370734
5728	1.300000000	0.053370734
5729	1.312500000	0.053370734
5730	1.325000000	0.053370734
5731	1.337500000	0.053370734
5732	1.350000000	0.053370734
5733	1.362500000	0.053370734
5734	1.375000000	0.053370734
5735	1.387500000	0.053370734
5736	1.400000000	0.053370734
5737	1.412500000	0.053370734
5738	1.425000000	0.053370734
5739	1.437500000	0.053370734
5740	1.450000000	0.053370734
5741	1.462500000	0.053370734
5742	1.475000000	0.053370734
5743	1.487500000	0.053370734
5744	1.500000000	0.053370734
5745	1.512500000	0.053370734
5746	1.525000000	0.053370734
5747	1.537500000	0.053370734
5748	1.550000000	0.053370734
5749	1.562500000	0.053370734
5750	1.575000000	0.053370734
5751	1.587500000	0.053370734
5752	1.600000000	0.053370734
5753	1.612500000	0.053370734
5754	1.625000000	0.053370734
5755	1.637500000	0.053370734
5756	1.650000000	0.053370734
5757	1.662500000	0.053370734
5758	1.675000000	0.053370734
5759	1.687500000	0.053370734
5760	1.700000000	0.053370734
5761	1.712500000	0.053370734
5762	1.725000000	0.053370734
5763	1.737500000	0.053370734
5764	1.750000000	0.053370734
5765	1.762500000	0.053370734
5766	1.775000000	0.053370734
5767	1.787500000	0.053370734
5768	1.800000000	0.053370734
5769	1.812500000	0.053370734
5770	1.825000000	0.053370734
5771	1.837500000	0.053370734
5772	1.850000000	0.053370734
5773	1.862500000	0.053370734
5774	1.875000000	0.053370734
5775	1.887500000	0.053370734
5776	1.900000000	0.053370734
5777	1.912500000	0.053370734
5778	1.925000000	0.053370734
5779	1.937500000	0.053370734
5780	1.950000000	0.053370734
5781	1.962500000	0.053370734
5782	1.975000000	0.053370734
5783	1.987500000	0.053370734
5784	2.000000000	0.053370734
5785	-1.000000000	0.057143111
5786	-0.987500000	0.057143111
5787	-0.975000000	0.057143111
5788	-0.962500000	0.057143111
5789	-0.950000000	0.057143111
5790	-0.937500000	0.057143111
5791	-0.925000000	0.057143111
5792	-0.912500000	0.057143111
5793	-0.900000000	0.057143111
5794	-0.887500000	0.057143111
5795	-0.875000000	0.057143111
5796	-0.862500000	0.057143111
5797	-0.850000000	0.057143111
5798	-0.837500000	0.057143111
5799	-0.825000000	0.057143111
5800	-0.812500000	0.057143111
5801	-0.800000000	0.057143111
5802	-0.787500000	0.057143111
5803	-0.775000000	0.057143111
5804	-0.762500000	0.057143111
5805	-0.750000000	0.057143111
5806	-0.737500000	0.057143111
5807	-0.725000000	0.057143111
5808	-0.712500000	0.057143111
5809	-0.700000000	0.057143111
5810	-0.687500000	0.057143111
5811	-0.675000000	0.057143111
5812	-0.662500000	0.057143111
5813	-0.650000000	0.057143111
5814	-0.637500000	0.057143111
5815	-0.625000000	0.057143111
5816	-0.612500000	0.057143111
5817	-0.600000000	0.057143111
5818	-0.587500000	0.057143111
5819	-0.575000000	0.057143111
5820	-0.562500000	0.057143111
5821	-0.550000000	0.057143111
5822	-0.537500000	0.057143111
5823	-0.525000000	0.057143111
5824	-0.512500000	0.057143111
5825	-0.500000000	0.057143111
5826	-0.487500000	0.057143111
5827	-0.475000000	0.057143111
5828	-0.462500000	0.057143111
5829	-0.450000000	0.057143111
5830	-0.437500000	0.057143111
5831	-0.425000000	0.057143111
5832	-0.412500000	0.057143111
5833	-0.400000000	0.057143111
5834	-0.387500000	0.057143111
5835	-0.375000000	0.057143111
5836	-0.362500000	0.057143111
5837	-0.350000000	0.057143111
5838	-0.337500000	0.057143111
5839	-0.325000000	0.057143111
5840	-0.312500000	0.057143111
5841	-0.300000000	0.057143111
5842	-0.287500000	0.057143111
5843	-0.275000000	0.057143111
5844	-0.262500000	0.057143111
5845	-0.250000000	0.057143111
5846	-0.237500000	0.057143111
5847	-0.225000000	0.057143111
5848	-0.212500000	0.057143111
5849	-0.200000000	0.057143111
5850	-0.187500000	0.057143111
5851	-0.175000000	0.057143111
5852	-0.162500000	0.057143111
5853	-0.150000000	0.057143111
5854	-0.137500000	0.057143111
5855	-0.125000000	0.057143111
5856	-0.112500000	0.057143111
5857	-0.100000000	0.057143111
5858	-0.087500000	0.057143111
5859	-0.075000000	0.057143111
5860	-0.062500000	0.057143111
5861	-0.050000000	0.057143111
5862	-0.037500000	0.057143111
5863	-0.025000000	0.057143111
5864	-0.012500000	0.057143111
5865	0.000000000	0.057143111
5866	0.012500000	0.058623766
5867	0.025000000	0.060102139
5868	0.037500000	0.061575948
5869	0.050000000	0.063042923
5870	0.062500000	0.064500801
5871	0.075000000	0.065947333
5872	0.087500000	0.067380291
5873	0.100000000	0.068797463
5874	0.112500000	0.070196665
5875	0.125000000	0.071575739
5876	0.137500000	0.072932559
5877	0.150000000	0.074265033
5878	0.162500000	0.075571107
5879	0.175000000	0.076848766
5880	0.187500000	0.078096040
5881	0.200000000	0.079311006
5882	0.212500000	0.080491790
5883	0.225000000	0.081636573
5884	0.237500000	0.082743589
5885	0.250000000	0.083811131
5886	0.262500000	0.084837552
5887	0.275000000	0.085821271
5888	0.287500000	0.086760770
5889	0.300000000	0.087654601
5890	0.312500000	0.088501385
5891	0.325000000	0.089299817
5892	0.337500000	0.090048666
5893	0.350000000	0.090746776
5894	0.362500000	0.091393073
5895	0.375000000	0.091986558
5896	0.387500000	0.092526317
5897	0.400000000	0.093011518
5898	0.412500000	0.093441413
5899	0.425000000	0.093815338
5900	0.437500000	0.094132717
5901	0.450000000	0.094393061
5902	0.462500000	0.094595968
5903	0.475000000	0.094741126
5904	0.487500000	0.094828310
5905	0.500000000	0.094857386
5906	0.512500000	0.094828310
5907	0.525000000	0.094741126
5908	0.537500000	0.094595968
5909	0.550000000	0.094393061
5910	0.562500000	0.094132717
5911	0.575000000	0.093815338
5912	0.587500000	0.093441413
5913	0.600000000	0.093011518
5914	0.612500000	0.092526317
5915	0.625000000	0.091986558
5916	0.637500000	0.091393073
5917	0.650000000	0.090746776
5918	0.662500000	0.090048666
5919	0.675000000	0.089299817
5920	0.687500000	0.088501385
5921	0.700000000	0.087654601
5922	0.712500000	0.086760770
5923	0.725000000	0.085821271
5924	0.737500000	0.084837552
5925	0.750000000	0.083811131
5926	0.762500000	0.082743589
5927	0.775000000	0.081636573
5928	0.787500000	0.080491790
5929	0.800000000	0.079311006
5930	0.812500000	0.078096040
5931	0.825000000	0.076848766
5932	0.837500000	0.075571107
5933	0.850000000	0.074265033
5934	0.862500000	0.072932559
5935	0.875000000	0.071575739
5936	0.887500000	0.070196665
5937	0.900000000	0.068797463
5938	0.912500000	0.067380291
5939	0.925000000	0.065947333
5940	0.937500000	0.064500801
5941	0.950000000	0.063042923
5942	0.962500000	0.061575948
5943	0.975000000	0.060102139
5944	0.987500000	0.058623766
5945	1.000000000	0.057143111
5946	1.012500000	0.057143111
5947	1.025000000	0.057143111
5948	1.037500000	0.057143111
5949	1.050000000	0.057143111
5950	1.062500000	0.057143111
5951	1.075000000	0.057143111
5952	1.087500000	0.057143111
5953	1.100000000	0.057143111
5954	1.112500000	0.057143111
5955	1.125000000	0.057143111
5956	1.137500000	0.057143111
5957	1.150000000	0.057143111
5958	1.162500000	0.057143111
5959	1.175000000	0.057143111
5960	1.187500000	0.057143111
5961	1.200000000	0.057143111
5962	1.212500000	0.057143111
5963	1.225000000	0.057143111
5964	1.237500000	0.057143111
5965	1.250000000	0.057143111
5966	1.262500000	0.057143111
5967	1.275000000	0.057143111
5968	1.287500000	0.057143111
5969	1.300000000	0.057143111
5970	1.312500000	0.057143111
5971	1.325000000	0.057143111
5972	1.337500000	0.057143111
5973	1.350000000	0.057143111
5974	1.362500000	0.057143111
5975	1.375000000	0.057143111
5976	1.387500000	0.057143111
5977	1.400000000	0.057143111
5978	1.412500000	0.057143111
5979	1.425000000	0.057143111
5980	1.437500000	0.057143111
5981	1.450000000	0.057143111
5982	1.462500000	0.057143111
5983	1.475000000	0.057143111
5984	1.487500000	0.057143111
5985	1.500000000	0.057143111
5986	1.512500000	0.057143111
5987	1.525000000	0.057143111
5988	1.537500000	0.057143111
5989	1.550000000	0.057143111
5990	1.562500000	0.057143111
5991	1.575000000	0.057143111
5992	1.587500000	0.057143111
5993	1.600000000	0.057143111
5994	1.612500000	0.057143111
5995	1.625000000	0.057143111
5996	1.637500000	0.057143111
5997	1.650000000	0.057143111
5998	1.662500000	0.057143111
5999	1.675000000	0.057143111
6000	1.687500000	0.057143111
6001	1.700000000	0.057143111
6002	1.712500000	0.057143111
6003	1.725000000	0.057143111
6004	1.737500000	0.057143111
6005	1.750000000	0.057143111
6006	1.762500000	0.057143111
6007	1.775000000	0.057143111
6008	1.787500000	0.057143111
6009	1.800000000	0.057143111
6010	1.812500000	0.057143111
6011	1.825000000	0.057143111
6012	1.837500000	0.057143111
6013	1.850000000	0.057143111
6014	1.862500000	0.057143111
6015	1.875000000	0.057143111
6016	1.887500000	0.057143111
6017	1.900000000	0.057143111
6018	1.912500000	0.057143111
6019	1.925000000	0.057143111
6020	1.937500000	0.057143111
6021	1.950000000	0.057143111
6022	1.962500000	0.057143111
6023	1.975000000	0.057143111
6024	1.987500000	0.057143111
6025	2.000000000	0.057143111
6026	-1.000000000	0.061085244
6027	-0.987500000	0.061085244
6028	-0.975000000	0.061085244
6029	-0.962500000	0.061085244
6030	-0.950000000	0.061085244
6031	-0.937500000	0.061085244
6032	-0.925000000	0.061085244
6033	-0.912500000	0.061085244
6034	-0.900000000	0.061085244
6035	-0.887500000	0.061085244
6036	-0.875000000	0.061085244
6037	-0.862500000	0.061085244
6038	-0.850000000	0.061085244
6039	-0.837500000	0.061085244
6040	-0.825000000	0.061085244
6041	-0.812500000	0.061085244
6042	-0.800000000	0.061085244
6043	-0.787500000	0.061085244
6044	-0.775000000	0.061085244
6045	-0.762500000	0.061085244
6046	-0.750000000	0.061085244
6047	-0.737500000	0.061085244
6048	-0.725000000	0.061085244
6049	-0.712500000	0.061085244
6050	-0.700000000	0.061085244
6051	-0.687500000	0.061085244
6052	-0.675000000	0.061085244
6053	-0.662500000	0.061085244
6054	-0.650000000	0.061085244
6055	-0.637500000	0.061085244
6056	-0.625000000	0.061085244
6057	-0.612500000	0.061085244
6058	-0.600000000	0.061085244
6059	-0.587500000	0.061085244
6060	-0.575000000	0.061085244
6061	-0.562500000	0.061085244
6062	-0.550000000	0.061085244
6063	-0.537500000	0.061085244
6064	-0.525000000	0.061085244
6065	-0.512500000	0.061085244
6066	-0.500000000	0.061085244
6067	-0.487500000	0.061085244
6068	-0.475000000	0.061085244
6069	-0.462500000	0.061085244
6070	-0.450000000	0.061085244
6071	-0.437500000	0.061085244
6072	-0.425000000	0.061085244
6073	-0.412500000	0.061085244
6074	-0.400000000	0.061085244
6075	-0.387500000	0.061085244
6076	-0.375000000	0.061085244
6077	-0.362500000	0.061085244
6078	-0.350000000	0.061085244
6079	-0.337500000	0.061085244
6080	-0.325000000	0.061085244
6081	-0.312500000	0.061085244
6082	-0.300000000	0.061085244
6083	-0.287500000	0.061085244
6084	-0.275000000	0.061085244
6085	-0.262500000	0.061085244
6086	-0.250000000	0.061085244
6087	-0.237500000	0.061085244
6088	-0.225000000	0.061085244
6089	-0.212500000	0.061085244
6090	-0.200000000	0.061085244
6091	-0.187500000	0.061085244
6092	-0.175000000	0.061085244
6093	-0.162500000	0.061085244
6094	-0.150000000	0.061085244
6095	-0.137500000	0.061085244
6096	-0.125000000	0.061085244
6097	-0.112500000	0.061085244
6098	-0.100000000	0.061085244
6099	-0.087500000	0.061085244
6100	-0.075000000	0.061085244
6101	-0.062500000	0.061085244
6102	-0.050000000	0.061085244
6103	-0.037500000	0.061085244
6104	-0.025000000	0.061085244
6105	-0.012500000	0.061085244
6106	0.000000000	0.061085244
6107	0.012500000	0.062559709
6108	0.025000000	0.064031900
6109	0.037500000	0.065499548
6110	0.050000000	0.066960389
6111	0.062500000	0.068412171
6112	0.075000000	0.069852656
6113	0.087500000	0.071279622
6114	0.100000000	0.072690869
6115	0.112500000	0.074084221
6116	0.125000000	0.075457529
6117	0.137500000	0.076808676
6118	0.150000000	0.078135579
6119	0.162500000	0.079436192
6120	0.175000000	0.080708509
6121	0.187500000	0.081950568
6122	0.200000000	0.083160454
6123	0.212500000	0.084336302
6124	0.225000000	0.085476298
6125	0.237500000	0.086578686
6126	0.250000000	0.087641764
6127	0.262500000	0.088663894
6128	0.275000000	0.089643499
6129	0.287500000	0.090579070
6130	0.300000000	0.091469164
6131	0.312500000	0.092312408
6132	0.325000000	0.093107501
6133	0.337500000	0.093853219
6134	0.350000000	0.094548411
6135	0.362500000	0.095192005
6136	0.375000000	0.095783009
6137	0.387500000	0.096320512
6138	0.400000000	0.096803684
6139	0.412500000	0.097231781
6140	0.425000000	0.097604143
6141	0.437500000	0.097920195
6142	0.450000000	0.098179450
6143	0.462500000	0.098381509
6144	0.475000000	0.098526060
6145	0.487500000	0.098612880
6146	0.500000000	0.098641834
6147	0.512500000	0.098612880
6148	0.525000000	0.098526060
6149	0.537500000	0.098381509
6150	0.550000000	0.098179450
6151	0.562500000	0.097920195
6152	0.575000000	0.097604143
6153	0.587500000	0.097231781
6154	0.600000000	0.096803684
6155	0.612500000	0.096320512
6156	0.625000000	0.095783009
6157	0.637500000	0.095192005
6158	0.650000000	0.094548411
6159	0.662500000	0.093853219
6160	0.675000000	0.093107501
6161	0.687500000	0.092312408
6162	0.700000000	0.091469164
6163	0.712500000	0.090579070
6164	0.725000000	0.089643499
6165	0.737500000	0.088663894
6166	0.750000000	0.087641764
6167	0.762500000	0.086578686
6168	0.775000000	0.085476298
6169	0.787500000	0.084336302
6170	0.800000000	0.083160454
6171	0.812500000	0.081950568
6172	0.825000000	0.080708509
6173	0.837500000	0.079436192
6174	0.850000000	0.078135579
6175	0.862500000	0.076808676
6176	0.875000000	0.075457529
6177	0.887500000	0.074084221
6178	0.900000000	0.072690869
6179	0.912500000	0.071279622
6180	0.925000000	0.069852656
6181	0.937500000	0.068412171
6182	0.950000000	0.066960389
6183	0.962500000	0.065499548
6184	0.975000000	0.064031900
6185	0.987500000	0.062559709
6186	1.000000000	0.061085244
6187	1.012500000	0.061085244
6188	1.025000000	0.061085244
6189	1.037500000	0.061085244
6190	1.050000000	0.061085244
6191	1.062500000	0.061085244
6192	1.075000000	0.061085244
6193	1.087500000	0.061085244
6194	1.100000000	0.061085244
6195	1.112500000	0.061085244
6196	1.125000000	0.061085244
6197	1.137500000	0.061085244
6198	1.150000000	0.061085244
6199	1.162500000	0.061085244
6200	1.175000000	0.061085244
6201	1.187500000	0.061085244
6202	1.200000000	0.061085244
6203	1.212500000	0.061085244
6204	1.225000000	0.061085244
6205	1.237500000	0.061085244
6206	1.250000000	0.061085244
6207	1.262500000	0.061085244
6208	1.275000000	0.061085244
6209	1.287500000	0.061085244
6210	1.300000000	0.061085244
6211	1.312500000	0.061085244
6212	1.325000000	0.061085244
6213	1.337500000	0.061085244
6214	1.350000000	0.061085244
6215	1.362500000	0.061085244
6216	1.375000000	0.061085244
6217	1.387500000	0.061085244
6218	1.400000000	0.061085244
6219	1.412500000	0.061085244
6220	1.425000000	0.061085244
6221	1.437500000	0.061085244
6222	1.450000000	0.061085244
6223	1.462500000	0.061085244
6224	1.475000000	0.061085244
6225	1.487500000	0.061085244
6226	1.500000000	0.061085244
6227	1.512500000	0.061085244
6228	1.525000000	0.061085244
6229	1.537500000	0.061085244
6230	1.550000000	0.061085244
6231	1.562500000	0.061085244
6232	1.575000000	0.061085244
6233	1.587500000	0.061085244
6234	1.600000000	0.061085244
6235	1.612500000	0.061085244
6236	1.625000000	0.061085244
6237	1.637500000	0.061085244
6238	1.650000000	0.061085244
6239	1.662500000	0.061085244
6240	1.675000000	0.061085244
6241	1.687500000	0.061085244
6242	1.700000000	0.061085244
6243	1.712500000	0.061085244
6244	1.725000000	0.061085244
6245	1.737500000	0.061085244
6246	1.750000000	0.061085244
6247	1.762500000	0.061085244
6248	1.775000000	0.061085244
6249	1.787500000	0.061085244
6250	1.800000000	0.061085244
6251	1.812500000	0.061085244
6252	1.825000000	0.061085244
6253	1.837500000	0.061085244
6254	1.850000000	0.061085244
6255	1.862500000	0.061085244
6256	1.875000000	0.061085244
6257	1.887500000	0.061085244
6258	1.900000000	0.061085244
6259	1.912500000	0.061085244
6260	1.925000000	0.061085244
6261	1.937500000	0.061085244
6262	1.950000000	0.061085244
6263	1.962500000	0.061085244
6264	1.975000000	0.061085244
6265	1.987500000	0.061085244
6266	2.000000000	0.061085244
6267	-1.000000000	0.065204774
6268	-0.987500000	0.065204774
6269	-0.975000000	0.065204774
6270	-0.962500000	0.065204774
6271	-0.950000000	0.065204774
6272	-0.937500000	0.065204774
6273	-0.925000000	0.065204774
6274	-0.912500000	0.065204774
6275	-0.900000000	0.065204774
6276	-0.887500000	0.065204774
6277	-0.875000000	0.065204774
6278	-0.862500000	0.065204774
6279	-0.850000000	0.065204774
6280	-0.837500000	0.065204774
6281	-0.825000000	0.065204774
6282	-0.812500000	0.065204774
6283	-0.800000000	0.065204774
6284	-0.787500000	0.065204774
6285	-0.775000000	0.065204774
6286	-0.762500000	0.065204774
6287	-0.750000000	0.065204774
6288	-0.737500000	0.065204774
6289	-0.725000000	0.065204774
6290	-0.712500000	0.065204774
6291	-0.700000000	0.065204774
6292	-0.687500000	0.065204774
6293	-0.675000000	0.065204774
6294	-0.662500000	0.065204774
6295	-0.650000000	0.065204774
6296	-0.637500000	0.065204774
6297	-0.625000000	0.065204774
6298	-0.612500000	0.065204774
6299	-0.600000000	0.065204774
6300	-0.587500000	0.065204774
6301	-0.575000000	0.065204774
6302	-0.562500000	0.065204774
6303	-0.550000000	0.065204774
6304	-0.537500000	0.065204774
6305	-0.525000000	0.065204774
6306	-0.512500000	0.065204774
6307	-0.500000000	0.065204774
6308	-0.487500000	0.065204774
6309	-0.475000000	0.065204774
6310	-0.462500000	0.065204774
6311	-0.450000000	0.065204774
6312	-0.437500000	0.065204774
6313	-0.425000000	0.065204774
6314	-0.412500000	0.065204774
6315	-0.400000000	0.065204774
6316	-0.387500000	0.065204774
6317	-0.375000000	0.065204774
6318	-0.362500000	0.065204774
6319	-0.350000000	0.065204774
6320	-0.337500000	0.065204774
6321	-0.325000000	0.065204774
6322	-0.312500000	0.065204774
6323	-0.300000000	0.065204774
6324	-0.287500000	0.065204774
6325	-0.275000000	0.065204774
6326	-0.262500000	0.065204774
6327	-0.250000000	0.065204774
6328	-0.237500000	0.065204774
6329	-0.225000000	0.065204774
6330	-0.212500000	0.065204774
6331	-0.200000000	0.065204774
6332	-0.187500000	0.065204774
6333	-0.175000000	0.065204774
6334	-0.162500000	0.065204774
6335	-0.150000000	0.065204774
6336	-0.137500000	0.065204774
6337	-0.125000000	0.065204774
6338	-0.112500000	0.065204774
6339	-0.100000000	0.065204774
6340	-0.087500000	0.065204774
6341	-0.075000000	0.065204774
6342	-0.062500000	0.065204774
6343	-0.050000000	0.065204774
6344	-0.037500000	0.065204774
6345	-0.025000000	0.065204774
6346	-0.012500000	0.065204774
6347	0.000000000	0.065204774
6348	0.012500000	0.066672769
6349	0.025000000	0.068138501
6350	0.037500000	0.069599710
6351	0.050000000	0.071054141
6352	0.062500000	0.072499554
6353	0.075000000	0.073933718
6354	0.087500000	0.075354423
6355	0.100000000	0.076759478
6356	0.112500000	0.078146717
6357	0.125000000	0.079513999
6358	0.137500000	0.080859219
6359	0.150000000	0.082180300
6360	0.162500000	0.083475206
6361	0.175000000	0.084741940
6362	0.187500000	0.085978550
6363	0.200000000	0.087183128
6364	0.212500000	0.088353816
6365	0.225000000	0.089488811
6366	0.237500000	0.090586362
6367	0.250000000	0.091644775
6368	0.262500000	0.092662421
6369	0.275000000	0.093637728
6370	0.287500000	0.094569194
6371	0.300000000	0.095455383
6372	0.312500000	0.096294927
6373	0.325000000	0.097086532
6374	0.337500000	0.097828978
6375	0.350000000	0.098521119
6376	0.362500000	0.099161890
6377	0.375000000	0.099750301
6378	0.387500000	0.100285445
6379	0.400000000	0.100766497
6380	0.412500000	0.101192716
6381	0.425000000	0.101563444
6382	0.437500000	0.101878110
6383	0.450000000	0.102136227
6384	0.462500000	0.102337400
6385	0.475000000	0.102481316
6386	0.487500000	0.102567755
6387	0.500000000	0.102596583
6388	0.512500000	0.102567755
6389	0.525000000	0.102481316
6390	0.537500000	0.102337400
6391	0.550000000	0.102136227
6392	0.562500000	0.101878110
6393	0.575000000	0.101563444
6394	0.587500000	0.101192716
6395	0.600000000	0.100766497
6396	0.612500000	0.100285445
6397	0.625000000	0.099750301
6398	0.637500000	0.099161890
6399	0.650000000	0.098521119
6400	0.662500000	0.097828978
6401	0.675000000	0.097086532
6402	0.687500000	0.096294927
6403	0.700000000	0.095455383
6404	0.712500000	0.094569194
6405	0.725000000	0.093637728
6406	0.737500000	0.092662421
6407	0.750000000	0.091644775
6408	0.762500000	0.090586362
6409	0.775000000	0.089488811
6410	0.787500000	0.088353816
6411	0.800000000	0.087183128
6412	0.812500000	0.085978550
6413	0.825000000	0.084741940
6414	0.837500000	0.083475206
6415	0.850000000	0.082180300
6416	0.862500000	0.080859219
6417	0.875000000	0.079513999
6418	0.887500000	0.078146717
6419	0.900000000	0.076759478
6420	0.912500000	0.075354423
6421	0.925000000	0.073933718
6422	0.937500000	0.072499554
6423	0.950000000	0.071054141
6424	0.962500000	0.069599710
6425	0.975000000	0.068138501
6426	0.987500000	0.066672769
6427	1.000000000	0.065204774
6428	1.012500000	0.065204774
6429	1.025000000	0.065204774
6430	1.037500000	0.065204774
6431	1.050000000	0.065204774
6432	1.062500000	0.065204774
6433	1.075000000	0.065204774
6434	1.087500000	0.065204774
6435	1.100000000	0.065204774
6436	1.112500000	0.065204774
6437	1.125000000	0.065204774
6438	1.137500000	0.065204774
6439	1.150000000	0.065204774
6440	1.162500000	0.065204774
6441	1.175000000	0.065204774
6442	1.187500000	0.065204774
6443	1.200000000	0.065204774
6444	1.212500000	0.065204774
6445	1.225000000	0.065204774
6446	1.237500000	0.065204774
6447	1.250000000	0.065204774
6448	1.262500000	0.065204774
6449	1.275000000	0.065204774
6450	1.287500000	0.065204774
6451	1.300000000	0.065204774
6452	1.312500000	0.065204774
6453	1.325000000	0.065204774
6454	1.337500000	0.065204774
6455	1.350000000	0.065204774
6456	1.362500000	0.065204774
6457	1.375000000	0.065204774
6458	1.387500000	0.065204774
6459	1.400000000	0.065204774
6460	1.412500000	0.065204774
6461	1.425000000	0.065204774
6462	1.437500000	0.065204774
6463	1.450000000	0.065204774
6464	1.462500000	0.065204774
6465	1.475000000	0.065204774
6466	1.487500000	0.065204774
6467	1.500000000	0.065204774
6468	1.512500000	0.065204774
6469	1.525000000	0.065204774
6470	1.537500000	0.065204774
6471	1.550000000	0.065204774
6472	1.562500000	0.065204774
6473	1.575000000	0.065204774
6474	1.587500000	0.065204774
6475	1.600000000	0.065204774
6476	1.612500000	0.065204774
6477	1.625000000	0.065204774
6478	1.637500000	0.065204774
6479	1.650000000	0.065204774
6480	1.662500000	0.065204774
6481	1.675000000	0.065204774
6482	1.687500000	0.065204774
6483	1.700000000	0.065204774
6484	1.712500000	0.065204774
6485	1.725000000	0.065204774
6486	1.737500000	0.065204774
6487	1.750000000	0.065204774
6488	1.762500000	0.065204774
6489	1.775000000	0.065204774
6490	1.787500000	0.065204774
6491	1.800000000	0.065204774
6492	1.812500000	0.065204774
6493	1.825000000	0.065204774
6494	1.837500000	0.065204774
6495	1.850000000	0.065204774
6496	1.862500000	0.065204774
6497	1.875000000	0.065204774
6498	1.887500000	0.065204774
6499	1.900000000	0.065204774
6500	1.912500000	0.065204774
6501	1.925000000	0.065204774
6502	1.937500000	0.065204774
6503	1.950000000	0.065204774
6504	1.962500000	0.065204774
6505	1.975000000	0.065204774
6506	1.987500000	0.065204774
6507	2.000000000	0.065204774
6508	-1.000000000	0.069509682
6509	-0.987500000	0.069509682
6510	-0.975000000	0.069509682
6511	-0.962500000	0.069509682
6512	-0.950000000	0.069509682
6513	-0.937500000	0.069509682
6514	-0.925000000	0.069509682
6515	-0.912500000	0.069509682
6516	-0.900000000	0.069509682
6517	-0.887500000	0.069509682
6518	-0.875000000	0.069509682
6519	-0.862500000	0.069509682
6520	-0.850000000	0.069509682
6521	-0.837500000	0.069509682
6522	-0.825000000	0.069509682
6523	-0.812500000	0.069509682
6524	-0.800000000	0.069509682
6525	-0.787500000	0.069509682
6526	-0.775000000	0.069509682
6527	-0.762500000	0.069509682
6528	-0.750000000	0.069509682
6529	-0.737500000	0.069509682
6530	-0.725000000	0.069509682
6531	-0.712500000	0.069509682
6532	-0.700000000	0.069509682
6533	-0.687500000	0.069509682
6534	-0.675000000	0.069509682
6535	-0.662500000	0.069509682
6536	-0.650000000	0.069509682
6537	-0.637500000	0.069509682
6538	-0.625000000	0.069509682
6539	-0.612500000	0.069509682
6540	-0.600000000	0.069509682
6541	-0.587500000	0.069509682
6542	-0.575000000	0.069509682
6543	-0.562500000	0.069509682
6544	-0.550000000	0.069509682
6545	-0.537500000	0.069509682
6546	-0.525000000	0.069509682
6547	-0.512500000	0.069509682
6548	-0.500000000	0.069509682
6549	-0.487500000	0.069509682
6550	-0.475000000	0.069509682
6551	-0.462500000	0.069509682
6552	-0.450000000	0.069509682
6553	-0.437500000	0.069509682
6554	-0.425000000	0.069509682
6555	-0.412500000	0.069509682
6556	-0.400000000	0.069509682
6557	-0.387500000	0.069509682
6558	-0.375000000	0.069509682
6559	-0.362500000	0.069509682
6560	-0.350000000	0.069509682
6561	-0.337500000	0.069509682
6562	-0.325000000	0.069509682
6563	-0.312500000	0.069509682
6564	-0.300000000	0.069509682
6565	-0.287500000	0.069509682
6566	-0.275000000	0.069509682
6567	-0.262500000	0.069509682
6568	-0.250000000	0.069509682
6569	-0.237500000	0.069509682
6570	-0.225000000	0.069509682
6571	-0.212500000	0.069509682
6572	-0.200000000	0.069509682
6573	-0.187500000	0.069509682
6574	-0.175000000	0.069509682
6575	-0.162500000	0.069509682
6576	-0.150000000	0.069509682
6577	-0.137500000	0.069509682
6578	-0.125000000	0.069509682
6579	-0.112500000	0.069509682
6580	-0.100000000	0.069509682
6581	-0.087500000	0.069509682
6582	-0.075000000	0.069509682
6583	-0.062500000	0.069509682
6584	-0.050000000	0.069509682
6585	-0.037500000	0.069509682
6586	-0.025000000	0.069509682
6587	-0.012500000	0.069509682
6588	0.000000000	0.069509682
6589	0.012500000	0.070970917
6590	0.025000000	0.072429899
6591	0.037500000	0.073884378
6592	0.050000000	0.075332112
6593	0.062500000	0.076770868
6594	0.075000000	0.078198428
6595	0.087500000	0.079612590
6596	0.100000000	0.081011175
6597	0.112500000	0.082392025
6598	0.125000000	0.083753011
6599	0.137500000	0.085092035
6600	0.150000000	0.086407033
6601	0.162500000	0.087695975
6602	0.175000000	0.088956876
6603	0.187500000	0.090187791
6604	0.200000000	0.091386821
6605	0.212500000	0.092552119
6606	0.225000000	0.093681887
6607	0.237500000	0.094774383
6608	0.250000000	0.095827923
6609	0.262500000	0.096840881
6610	0.275000000	0.097811698
6611	0.287500000	0.098738874
6612	0.300000000	0.099620981
6613	0.312500000	0.100456659
6614	0.325000000	0.101244619
6615	0.337500000	0.101983645
6616	0.350000000	0.102672600
6617	0.362500000	0.103310419
6618	0.375000000	0.103896120
6619	0.387500000	0.104428800
6620	0.400000000	0.104907637
6621	0.412500000	0.105331893
6622	0.425000000	0.105700914
6623	0.437500000	0.106014130
6624	0.450000000	0.106271060
6625	0.462500000	0.106471305
6626	0.475000000	0.106614559
6627	0.487500000	0.106700600
6628	0.500000000	0.106729295
6629	0.512500000	0.106700600
6630	0.525000000	0.106614559
6631	0.537500000	0.106471305
6632	0.550000000	0.106271060
6633	0.562500000	0.106014130
6634	0.575000000	0.105700914
6635	0.587500000	0.105331893
6636	0.600000000	0.104907637
6637	0.612500000	0.104428800
6638	0.625000000	0.103896120
6639	0.637500000	0.103310419
6640	0.650000000	0.102672600
6641	0.662500000	0.101983645
6642	0.675000000	0.101244619
6643	0.687500000	0.100456659
6644	0.700000000	0.099620981
6645	0.712500000	0.098738874
6646	0.725000000	0.097811698
6647	0.737500000	0.096840881
6648	0.750000000	0.095827923
6649	0.762500000	0.094774383
6650	0.775000000	0.093681887
6651	0.787500000	0.092552119
6652	0.800000000	0.091386821
6653	0.812500000	0.090187791
6654	0.825000000	0.088956876
6655	0.837500000	0.087695975
6656	0.850000000	0.086407033
6657	0.862500000	0.085092035
6658	0.875000000	0.083753011
6659	0.887500000	0.082392025
6660	0.900000000	0.081011175
6661	0.912500000	0.079612590
6662	0.925000000	0.078198428
6663	0.937500000	0.076770868
6664	0.950000000	0.075332112
6665	0.962500000	0.073884378
6666	0.975000000	0.072429899
6667	0.987500000	0.070970917
6668	1.000000000	0.069509682
6669	1.012500000	0.069509682
6670	1.025000000	0.069509682
6671	1.037500000	0.069509682
6672	1.050000000	0.069509682
6673	1.062500000	0.069509682
6674	1.075000000	0.069509682
6675	1.087500000	0.069509682
6676	1.100000000	0.069509682
6677	1.112500000	0.069509682
6678	1.125000000	0.069509682
6679	1.137500000	0.069509682
6680	1.150000000	0.069509682
6681	1.162500000	0.069509682
6682	1.175000000	0.069509682
6683	1.187500000	0.069509682
6684	1.200000000	0.069509682
6685	1.212500000	0.069509682
6686	1.225000000	0.069509682
6687	1.237500000	0.069509682
6688	1.250000000	0.069509682
6689	1.262500000	0.069509682
6690	1.275000000	0.069509682
6691	1.287500000	0.069509682
6692	1.300000000	0.069509682
6693	1.312500000	0.069509682
6694	1.325000000	0.069509682
6695	1.337500000	0.069509682
6696	1.350000000	0.069509682
6697	1.362500000	0.069509682
6698	1.375000000	0.069509682
6699	1.387500000	0.069509682
6700	1.400000000	0.069509682
6701	1.412500000	0.069509682
6702	1.425000000	0.069509682
6703	1.437500000	0.069509682
6704	1.450000000	0.069509682
6705	1.462500000	0.069509682
6706	1.475000000	0.069509682
6707	1.487500000	0.069509682
6708	1.500000000	0.069509682
6709	1.512500000	0.069509682
6710	1.525000000	0.069509682
6711	1.537500000	0.069509682
6712	1.550000000	0.069509682
6713	1.562500000	0.069509682
6714	1.575000000	0.069509682
6715	1.587500000	0.069509682
6716	1.600000000	0.069509682
6717	1.612500000	0.069509682
6718	1.625000000	0.069509682
6719	1.637500000	0.069509682
6720	1.650000000	0.069509682
6721	1.662500000	0.069509682
6722	1.675000000	0.069509682
6723	1.687500000	0.069509682
6724	1.700000000	0.069509682
6725	1.712500000	0.069509682
6726	1.725000000	0.069509682
6727	1.737500000	0.069509682
6728	1.750000000	0.069509682
6729	1.762500000	0.069509682
6730	1.775000000	0.069509682
6731	1.787500000	0.069509682
6732	1.800000000	0.069509682
6733	1.812500000	0.069509682
6734	1.825000000	0.069509682
6735	1.837500000	0.069509682
6736	1.850000000	0.069509682
6737	1.862500000	0.069509682
6738	1.875000000	0.069509682
6739	1.887500000	0.069509682
6740	1.900000000	0.069509682
6741	1.912500000	0.069509682
6742	1.925000000	0.069509682
6743	1.937500000	0.069509682
6744	1.950000000	0.069509682
6745	1.962500000	0.069509682
6746	1.975000000	0.069509682
6747	1.987500000	0.069509682
6748	2.000000000	0.069509682
6749	-1.000000000	0.074008311
6750	-0.987500000	0.074008311
6751	-0.975000000	0.074008311
6752	-0.962500000	0.074008311
6753	-0.950000000	0.074008311
6754	-0.937500000	0.074008311
6755	-0.925000000	0.074008311
6756	-0.912500000	0.074008311
6757	-0.900000000	0.074008311
6758	-0.887500000	0.074008311
6759	-0.875000000	0.074008311
6760	-0.862500000	0.074008311
6761	-0.850000000	0.074008311
6762	-0.837500000	0.074008311
6763	-0.825000000	0.074008311
6764	-0.812500000	0.074008311
6765	-0.800000000	0.074008311
6766	-0.787500000	0.074008311
6767	-0.775000000	0.074008311
6768	-0.762500000	0.074008311
6769	-0.750000000	0.074008311
6770	-0.737500000	0.074008311
6771	-0.725000000	0.074008311
6772	-0.712500000	0.074008311
6773	-0.700000000	0.074008311
6774	-0.687500000	0.074008311
6775	-0.675000000	0.074008311
6776	-0.662500000	0.074008311
6777	-0.650000000	0.074008311
6778	-0.637500000	0.074008311
6779	-0.625000000	0.074008311
6780	-0.612500000	0.074008311
6781	-0.600000000	0.074008311
6782	-0.587500000	0.074008311
6783	-0.575000000	0.074008311
6784	-0.562500000	0.074008311
6785	-0.550000000	0.074008311
6786	-0.537500000	0.074008311
6787	-0.525000000	0.074008311
6788	-0.512500000	0.074008311
6789	-0.500000000	0.074008311
6790	-0.487500000	0.074008311
6791	-0.475000000	0.074008311
6792	-0.462500000	0.074008311
6793	-0.450000000	0.074008311
6794	-0.437500000	0.074008311
6795	-0.425000000	0.074008311
6796	-0.412500000	0.074008311
6797	-0.400000000	0.074008311
6798	-0.387500000	0.074008311
6799	-0.375000000	0.074008311
6800	-0.362500000	0.074008311
6801	-0.350000000	0.074008311
6802	-0.337500000	0.074008311
6803	-0.325000000	0.074008311
6804	-0.312500000	0.074008311
6805	-0.300000000	0.074008311
6806	-0.287500000	0.074008311
6807	-0.275000000	0.074008311
6808	-0.262500000	0.074008311
6809	-0.250000000	0.074008311
6810	-0.237500000	0.074008311
6811	-0.225000000	0.074008311
6812	-0.212500000	0.074008311
6813	-0.200000000	0.074008311
6814	-0.187500000	0.074008311
6815	-0.175000000	0.074008311
6816	-0.162500000	0.074008311
6817	-0.150000000	0.074008311
6818	-0.137500000	0.074008311
6819	-0.125000000	0.074008311
6820	-0.112500000	0.074008311
6821	-0.100000000	0.074008311
6822	-0.087500000	0.074008311
6823	-0.075000000	0.074008311
6824	-0.062500000	0.074008311
6825	-0.050000000	0.074008311
6826	-0.037500000	0.074008311
6827	-0.025000000	0.074008311
6828	-0.012500000	0.074008311
6829	0.000000000	0.074008311
6830	0.012500000	0.075462482
6831	0.025000000	0.076914410
6832	0.037500000	0.078361857
6833	0.050000000	0.079802592
6834	0.062500000	0.081234392
6835	0.075000000	0.082655050
6836	0.087500000	0.084062375
6837	0.100000000	0.085454198
6838	0.112500000	0.086828372
6839	0.125000000	0.088182778
6840	0.137500000	0.089515329
6841	0.150000000	0.090823968
6842	0.162500000	0.092106680
6843	0.175000000	0.093361484
6844	0.187500000	0.094586448
6845	0.200000000	0.095779682
6846	0.212500000	0.096939345
6847	0.225000000	0.098063651
6848	0.237500000	0.099150865
6849	0.250000000	0.100199311
6850	0.262500000	0.101207373
6851	0.275000000	0.102173495
6852	0.287500000	0.103096189
6853	0.300000000	0.103974032
6854	0.312500000	0.104805669
6855	0.325000000	0.105589819
6856	0.337500000	0.106325273
6857	0.350000000	0.107010897
6858	0.362500000	0.107645632
6859	0.375000000	0.108228502
6860	0.387500000	0.108758606
6861	0.400000000	0.109235128
6862	0.412500000	0.109657333
6863	0.425000000	0.110024570
6864	0.437500000	0.110336272
6865	0.450000000	0.110591959
6866	0.462500000	0.110791237
6867	0.475000000	0.110933798
6868	0.487500000	0.111019422
6869	0.500000000	0.111047979
6870	0.512500000	0.111019422
6871	0.525000000	0.110933798
6872	0.537500000	0.110791237
6873	0.550000000	0.110591959
6874	0.562500000	0.110336272
6875	0.575000000	0.110024570
6876	0.587500000	0.109657333
6877	0.600000000	0.109235128
6878	0.612500000	0.108758606
6879	0.625000000	0.108228502
6880	0.637500000	0.107645632
6881	0.650000000	0.107010897
6882	0.662500000	0.106325273
6883	0.675000000	0.105589819
6884	0.687500000	0.104805669
6885	0.700000000	0.103974032
6886	0.712500000	0.103096189
6887	0.725000000	0.102173495
6888	0.737500000	0.101207373
6889	0.750000000	0.100199311
6890	0.762500000	0.099150865
6891	0.775000000	0.098063651
6892	0.787500000	0.096939345
6893	0.800000000	0.095779682
6894	0.812500000	0.094586448
6895	0.825000000	0.093361484
6896	0.837500000	0.092106680
6897	0.850000000	0.090823968
6898	0.862500000	0.089515329
6899	0.875000000	0.088182778
6900	0.887500000	0.086828372
6901	0.900000000	0.085454198
6902	0.912500000	0.084062375
6903	0.925000000	0.082655050
6904	0.937500000	0.081234392
6905	0.950000000	0.079802592
6906	0.962500000	0.078361857
6907	0.975000000	0.076914410
6908	0.987500000	0.075462482
6909	1.000000000	0.074008311
6910	1.012500000	0.074008311
6911	1.025000000	0.074008311
6912	1.037500000	0.074008311
6913	1.050000000	0.074008311
6914	1.062500000	0.074008311
6915	1.075000000	0.074008311
6916	1.087500000	0.074008311
6917	1.100000000	0.074008311
6918	1.112500000	0.074008311
6919	1.125000000	0.074008311
6920	1.137500000	0.074008311
6921	1.150000000	0.074008311
6922	1.162500000	0.074008311
6923	1.175000000	0.074008311
6924	1.187500000	0.074008311
6925	1.200000000	0.074008311
6926	1.212500000	0.074008311
6927	1.225000000	0.074008311
6928	1.237500000	0.074008311
6929	1.250000000	0.074008311
6930	1.262500000	0.074008311
6931	1.275000000	0.074008311
6932	1.287500000	0.074008311
6933	1.300000000	0.074008311
6934	1.312500000	0.074008311
6935	1.325000000	0.074008311
6936	1.337500000	0.074008311
6937	1.350000000	0.074008311
6938	1.362500000	0.074008311
6939	1.375000000	0.074008311
6940	1.387500000	0.074008311
6941	1.400000000	0.074008311
6942	1.412500000	0.074008311
6943	1.425000000	0.074008311
6944	1.437500000	0.074008311
6945	1.450000000	0.074008311
6946	1.462500000	0.074008311
6947	1.475000000	0.074008311
6948	1.487500000	0.074008311
6949	1.500000000	0.074008311
6950	1.512500000	0.074008311
6951	1.525000000	0.074008311
6952	1.537500000	0.074008311
6953	1.550000000	0.074008311
6954	1.562500000	0.074008311
6955	1.575000000	0.074008311
6956	1.587500000	0.074008311
6957	1.600000000	0.074008311
6958	1.612500000	0.074008311
6959	1.625000000	0.074008311
6960	1.637500000	0.074008311
6961	1.650000000	0.074008311
6962	1.662500000	0.074008311
6963	1.675000000	0.074008311
6964	1.687500000	0.074008311
6965	1.700000000	0.074008311
6966	1.712500000	0.074008311
6967	1.725000000	0.074008311
6968	1.737500000	0.074008311
6969	1.750000000	0.074008311
6970	1.762500000	0.074008311
6971	1.775000000	0.074008311
6972	1.787500000	0.074008311
6973	1.800000000	0.074008311
6974	1.812500000	0.074008311
6975	1.825000000	0.074008311
6976	1.837500000	0.074008311
6977	1.850000000	0.074008311
6978	1.862500000	0.074008311
6979	1.875000000	0.074008311
6980	1.887500000	0.074008311
6981	1.900000000	0.074008311
6982	1.912500000	0.074008311
6983	1.925000000	0.074008311
6984	1.937500000	0.074008311
6985	1.950000000	0.074008311
6986	1.962500000	0.074008311
6987	1.975000000	0.074008311
6988	1.987500000	0.074008311
6989	2.000000000	0.074008311
6990	-1.000000000	0.078709379
6991	-0.987500000	0.078709379
6992	-0.975000000	0.078709379
6993	-0.962500000	0.078709379
6994	-0.950000000	0.078709379
6995	-0.937500000	0.078709379
6996	-0.925000000	0.078709379
6997	-0.912500000	0.078709379
6998	-0.900000000	0.078709379
6999	-0.887500000	0.078709379
7000	-0.875000000	0.078709379
7001	-0.862500000	0.078709379
7002	-0.850000000	0.078709379
7003	-0.837500000	0.078709379
7004	-0.825000000	0.078709379
7005	-0.812500000	0.078709379
7006	-0.800000000	0.078709379
7007	-0.787500000	0.078709379
7008	-0.775000000	0.078709379
7009	-0.762500000	0.078709379
7010	-0.750000000	0.078709379
7011	-0.737500000	0.078709379
7012	-0.725000000	0.078709379
7013	-0.712500000	0.078709379
7014	-0.700000000	0.078709379
7015	-0.687500000	0.078709379
7016	-0.675000000	0.078709379
7017	-0.662500000	0.078709379
7018	-0.650000000	0.078709379
7019	-0.637500000	0.078709379
7020	-0.625000000	0.078709379
7021	-0.612500000	0.078709379
7022	-0.600000000	0.078709379
7023	-0.587500000	0.078709379
7024	-0.575000000	0.078709379
7025	-0.562500000	0.078709379
7026	-0.550000000	0.078709379
7027	-0.537500000	0.078709379
7028	-0.525000000	0.078709379
7029	-0.512500000	0.078709379
7030	-0.500000000	0.078709379
7031	-0.487500000	0.078709379
7032	-0.475000000	0.078709379
7033	-0.462500000	0.078709379
7034	-0.450000000	0.078709379
7035	-0.437500000	0.078709379
7036	-0.425000000	0.078709379
7037	-0.412500000	0.078709379
7038	-0.400000000	0.078709379
7039	-0.387500000	0.078709379
7040	-0.375000000	0.078709379
7041	-0.362500000	0.078709379
7042	-0.350000000	0.078709379
7043	-0.337500000	0.078709379
7044	-0.325000000	0.078709379
7045	-0.312500000	0.078709379
7046	-0.300000000	0.078709379
7047	-0.287500000	0.078709379
7048	-0.275000000	0.078709379
7049	-0.262500000	0.078709379
7050	-0.250000000	0.078709379
7051	-0.237500000	0.078709379
7052	-0.225000000	0.078709379
7053	-0.212500000	0.078709379
7054	-0.200000000	0.078709379
7055	-0.187500000	0.078709379
7056	-0.175000000	0.078709379
7057	-0.162500000	0.078709379
7058	-0.150000000	0.078709379
7059	-0.137500000	0.078709379
7060	-0.125000000	0.078709379
7061	-0.112500000	0.078709379
7062	-0.100000000	0.078709379
7063	-0.087500000	0.078709379
7064	-0.075000000	0.078709379
7065	-0.062500000	0.078709379
7066	-0.050000000	0.078709379
7067	-0.037500000	0.078709379
7068	-0.025000000	0.078709379
7069	-0.012500000	0.078709379
7070	0.000000000	0.078709379
7071	0.012500000	0.080156167
7072	0.025000000	0.081600724
7073	0.037500000	0.083040823
7074	0.050000000	0.084474243
7075	0.062500000	0.085898774
7076	0.075000000	0.087312220
7077	0.087500000	0.088712400
7078	0.100000000	0.090097157
7079	0.112500000	0.091464355
7080	0.125000000	0.092811885
7081	0.137500000	0.094137670
7082	0.150000000	0.095439666
7083	0.162500000	0.096715865
7084	0.175000000	0.097964300
7085	0.187500000	0.099183044
7086	0.200000000	0.100370220
7087	0.212500000	0.101523997
7088	0.225000000	0.102642595
7089	0.237500000	0.103724289
7090	0.250000000	0.104767413
7091	0.262500000	0.105770356
7092	0.275000000	0.106731574
7093	0.287500000	0.107649584
7094	0.300000000	0.108522969
7095	0.312500000	0.109350385
7096	0.325000000	0.110130554
7097	0.337500000	0.110862274
7098	0.350000000	0.111544417
7099	0.362500000	0.112175930
7100	0.375000000	0.112755841
7101	0.387500000	0.113283254
7102	0.400000000	0.113757357
7103	0.412500000	0.114177418
7104	0.425000000	0.114542790
7105	0.437500000	0.114852910
7106	0.450000000	0.115107299
7107	0.462500000	0.115305565
7108	0.475000000	0.115447402
7109	0.487500000	0.115532592
7110	0.500000000	0.115561004
7111	0.512500000	0.115532592
7112	0.525000000	0.115447402
7113	0.537500000	0.115305565
7114	0.550000000	0.115107299
7115	0.562500000	0.114852910
7116	0.575000000	0.114542790
7117	0.587500000	0.114177418
7118	0.600000000	0.113757357
7119	0.612500000	0.113283254
7120	0.625000000	0.112755841
7121	0.637500000	0.112175930
7122	0.650000000	0.111544417
7123	0.662500000	0.110862274
7124	0.675000000	0.110130554
7125	0.687500000	0.109350385
7126	0.700000000	0.108522969
7127	0.712500000	0.107649584
7128	0.725000000	0.106731574
7129	0.737500000	0.105770356
7130	0.750000000	0.104767413
7131	0.762500000	0.103724289
7132	0.775000000	0.102642595
7133	0.787500000	0.101523997
7134	0.800000000	0.100370220
7135	0.812500000	0.099183044
7136	0.825000000	0.097964300
7137	0.837500000	0.096715865
7138	0.850000000	0.095439666
7139	0.862500000	0.094137670
7140	0.875000000	0.092811885
7141	0.887500000	0.091464355
7142	0.900000000	0.090097157
7143	0.912500000	0.088712400
7144	0.925000000	0.087312220
7145	0.937500000	0.085898774
7146	0.950000000	0.084474243
7147	0.962500000	0.083040823
7148	0.975000000	0.081600724
7149	0.987500000	0.080156167
7150	1.000000000	0.078709379
7151	1.012500000	0.078709379
7152	1.025000000	0.078709379
7153	1.037500000	0.078709379
7154	1.050000000	0.078709379
7155	1.062500000	0.078709379
7156	1.075000000	0.078709379
7157	1.087500000	0.078709379
7158	1.100000000	0.078709379
7159	1.112500000	0.078709379
7160	1.125000000	0.078709379
7161	1.137500000	0.078709379
7162	1.150000000	0.078709379
7163	1.162500000	0.078709379
7164	1.175000000	0.078709379
7165	1.187500000	0.078709379
7166	1.200000000	0.078709379
7167	1.212500000	0.078709379
7168	1.225000000	0.078709379
7169	1.237500000	0.078709379
7170	1.250000000	0.078709379
7171	1.262500000	0.078709379
7172	1.275000000	0.078709379
7173	1.287500000	0.078709379
7174	1.300000000	0.078709379
7175	1.312500000	0.078709379
7176	1.325000000	0.078709379
7177	1.337500000	0.078709379
7178	1.350000000	0.078709379
7179	1.362500000	0.078709379
7180	1.375000000	0.078709379
7181	1.387500000	0.078709379
7182	1.400000000	0.078709379
7183	1.412500000	0.078709379
7184	1.425000000	0.078709379
7185	1.437500000	0.078709379
7186	1.450000000	0.078709379
7187	1.462500000	0.078709379
7188	1.475000000	0.078709379
7189	1.487500000	0.078709379
7190	1.500000000	0.078709379
7191	1.512500000	0.078709379
7192	1.525000000	0.078709379
7193	1.537500000	0.078709379
7194	1.550000000	0.078709379
7195	1.562500000	0.078709379
7196	1.575000000	0.078709379
7197	1.587500000	0.078709379
7198	1.600000000	0.078709379
7199	1.612500000	0.078709379
7200	1.625000000	0.078709379
7201	1.637500000	0.078709379
7202	1.650000000	0.078709379
7203	1.662500000	0.078709379
7204	1.675000000	0.078709379
7205	1.687500000	0.078709379
7206	1.700000000	0.078709379
7207	1.712500000	0.078709379
7208	1.725000000	0.078709379
7209	1.737500000	0.078709379
7210	1.750000000	0.078709379
7211	1.762500000	0.078709379
7212	1.775000000	0.078709379
7213	1.787500000	0.078709379
7214	1.800000000	0.078709379
7215	1.812500000	0.078709379
7216	1.825000000	0.078709379
7217	1.837500000	0.078709379
7218	1.850000000	0.078709379
7219	1.862500000	0.078709379
7220	1.875000000	0.078709379
7221	1.887500000	0.078709379
7222	1.900000000	0.078709379
7223	1.912500000	0.078709379
7224	1.925000000	0.078709379
7225	1.937500000	0.078709379
7226	1.950000000	0.078709379
7227	1.962500000	0.078709379
7228	1.975000000	0.078709379
7229	1.987500000	0.078709379
7230	2.000000000	0.078709379
7231	-1.000000000	0.083621994
7232	-0.987500000	0.083621994
7233	-0.975000000	0.083621994
7234	-0.962500000	0.083621994
7235	-0.950000000	0.083621994
7236	-0.937500000	0.083621994
7237	-0.925000000	0.083621994
7238	-0.912500000	0.083621994
7239	-0.900000000	0.083621994
7240	-0.887500000	0.083621994
7241	-0.875000000	0.083621994
7242	-0.862500000	0.083621994
7243	-0.850000000	0.083621994
7244	-0.837500000	0.083621994
7245	-0.825000000	0.083621994
7246	-0.812500000	0.083621994
7247	-0.800000000	0.083621994
7248	-0.787500000	0.083621994
7249	-0.775000000	0.083621994
7250	-0.762500000	0.083621994
7251	-0.750000000	0.083621994
7252	-0.737500000	0.083621994
7253	-0.725000000	0.083621994
7254	-0.712500000	0.083621994
7255	-0.700000000	0.083621994
7256	-0.687500000	0.083621994
7257	-0.675000000	0.083621994
7258	-0.662500000	0.083621994
7259	-0.650000000	0.083621994
7260	-0.637500000	0.083621994
7261	-0.625000000	0.083621994
7262	-0.612500000	0.083621994
7263	-0.600000000	0.083621994
7264	-0.587500000	0.083621994
7265	-0.575000000	0.083621994
7266	-0.562500000	0.083621994
7267	-0.550000000	0.083621994
7268	-0.537500000	0.083621994
7269	-0.525000000	0.083621994
7270	-0.512500000	0.083621994
7271	-0.500000000	0.083621994
7272	-0.487500000	0.083621994
7273	-0.475000000	0.083621994
7274	-0.462500000	0.083621994
7275	-0.450000000	0.083621994
7276	-0.437500000	0.083621994
7277	-0.425000000	0.083621994
7278	-0.412500000	0.083621994
7279	-0.400000000	0.083621994
7280	-0.387500000	0.083621994
7281	-0.375000000	0.083621994
7282	-0.362500000	0.083621994
7283	-0.350000000	0.083621994
7284	-0.337500000	0.083621994
7285	-0.325000000	0.083621994
7286	-0.312500000	0.083621994
7287	-0.300000000	0.083621994
7288	-0.287500000	0.083621994
7289	-0.275000000	0.083621994
7290	-0.262500000	0.083621994
7291	-0.250000000	0.083621994
7292	-0.237500000	0.083621994
7293	-0.225000000	0.083621994
7294	-0.212500000	0.083621994
7295	-0.200000000	0.083621994
7296	-0.187500000	0.083621994
7297	-0.175000000	0.083621994
7298	-0.162500000	0.083621994
7299	-0.150000000	0.083621994
7300	-0.137500000	0.083621994
7301	-0.125000000	0.083621994
7302	-0.112500000	0.083621994
7303	-0.100000000	0.083621994
7304	-0.087500000	0.083621994
7305	-0.075000000	0.083621994
7306	-0.062500000	0.083621994
7307	-0.050000000	0.083621994
7308	-0.037500000	0.083621994
7309	-0.025000000	0.083621994
7310	-0.012500000	0.083621994
7311	0.000000000	0.083621994
7312	0.012500000	0.085061067
7313	0.025000000	0.086497922
7314	0.037500000	0.087930342
7315	0.050000000	0.089356118
7316	0.062500000	0.090773053
7317	0.075000000	0.092178962
7318	0.087500000	0.093571677
7319	0.100000000	0.094949049
7320	0.112500000	0.096308957
7321	0.125000000	0.097649301
7322	0.137500000	0.098968017
7323	0.150000000	0.100263071
7324	0.162500000	0.101532465
7325	0.175000000	0.102774242
7326	0.187500000	0.103986488
7327	0.200000000	0.105167333
7328	0.212500000	0.106314957
7329	0.225000000	0.107427591
7330	0.237500000	0.108503517
7331	0.250000000	0.109541078
7332	0.262500000	0.110538674
7333	0.275000000	0.111494766
7334	0.287500000	0.112407881
7335	0.300000000	0.113276609
7336	0.312500000	0.114099613
7337	0.325000000	0.114875622
7338	0.337500000	0.115603440
7339	0.350000000	0.116281945
7340	0.362500000	0.116910091
7341	0.375000000	0.117486910
7342	0.387500000	0.118011510
7343	0.400000000	0.118483085
7344	0.412500000	0.118900907
7345	0.425000000	0.119264331
7346	0.437500000	0.119572797
7347	0.450000000	0.119825829
7348	0.462500000	0.120023038
7349	0.475000000	0.120164119
7350	0.487500000	0.120248855
7351	0.500000000	0.120277114
7352	0.512500000	0.120248855
7353	0.525000000	0.120164119
7354	0.537500000	0.120023038
7355	0.550000000	0.119825829
7356	0.562500000	0.119572797
7357	0.575000000	0.119264331
7358	0.587500000	0.118900907
7359	0.600000000	0.118483085
7360	0.612500000	0.118011510
7361	0.625000000	0.117486910
7362	0.637500000	0.116910091
7363	0.650000000	0.116281945
7364	0.662500000	0.115603440
7365	0.675000000	0.114875622
7366	0.687500000	0.114099613
7367	0.700000000	0.113276609
7368	0.712500000	0.112407881
7369	0.725000000	0.111494766
7370	0.737500000	0.110538674
7371	0.750000000	0.109541078
7372	0.762500000	0.108503517
7373	0.775000000	0.107427591
7374	0.787500000	0.106314957
7375	0.800000000	0.105167333
7376	0.812500000	0.103986488
7377	0.825000000	0.102774242
7378	0.837500000	0.101532465
7379	0.850000000	0.100263071
7380	0.862500000	0.098968017
7381	0.875000000	0.097649301
7382	0.887500000	0.096308957
7383	0.900000000	0.094949049
7384	0.912500000	0.093571677
7385	0.925000000	0.092178962
7386	0.937500000	0.090773053
7387	0.950000000	0.089356118
7388	0.962500000	0.087930342
7389	0.975000000	0.086497922
7390	0.987500000	0.085061067
7391	1.000000000	0.083621994
7392	1.012500000	0.083621994
7393	1.025000000	0.083621994
7394	1.037500000	0.083621994
7395	1.050000000	0.083621994
7396	1.062500000	0.083621994
7397	1.075000000	0.083621994
7398	1.087500000	0.083621994
7399	1.100000000	0.083621994
7400	1.112500000	0.083621994
7401	1.125000000	0.083621994
7402	1.137500000	0.083621994
7403	1.150000000	0.083621994
7404	1.162500000	0.083621994
7405	1.175000000	0.083621994
7406	1.187500000	0.083621994
7407	1.200000000	0.083621994
7408	1.212500000	0.083621994
7409	1.225000000	0.083621994
7410	1.237500000	0.083621994
7411	1.250000000	0.083621994
7412	1.262500000	0.083621994
7413	1.275000000	0.083621994
7414	1.287500000	0.083621994
7415	1.300000000	0.083621994
7416	1.312500000	0.083621994
7417	1.325000000	0.083621994
7418	1.337500000	0.083621994
7419	1.350000000	0.083621994
7420	1.362500000	0.083621994
7421	1.375000000	0.083621994
7422	1.387500000	0.083621994
7423	1.400000000	0.083621994
7424	1.412500000	0.083621994
7425	1.425000000	0.083621994
7426	1.437500000	0.083621994
7427	1.450000000	0.083621994
7428	1.462500000	0.083621994
7429	1.475000000	0.083621994
7430	1.487500000	0.083621994
7431	1.500000000	0.083621994
7432	1.512500000	0.083621994
7433	1.525000000	0.083621994
7434	1.537500000	0.083621994
7435	1.550000000	0.083621994
7436	1.562500000	0.083621994
7437	1.575000000	0.083621994
7438	1.587500000	0.083621994
7439	1.600000000	0.083621994
7440	1.612500000	0.083621994
7441	1.625000000	0.083621994
7442	1.637500000	0.083621994
7443	1.650000000	0.083621994
7444	1.662500000	0.083621994
7445	1.675000000	0.083621994
7446	1.687500000	0.083621994
7447	1.700000000	0.083621994
7448	1.712500000	0.083621994
7449	1.725000000	0.083621994
7450	1.737500000	0.083621994
7451	1.750000000	0.083621994
7452	1.762500000	0.083621994
7453	1.775000000	0.083621994
7454	1.787500000	0.083621994
7455	1.800000000	0.083621994
7456	1.812500000	0.083621994
7457	1.825000000	0.083621994
7458	1.837500000	0.083621994
7459	1.850000000	0.083621994
7460	1.862500000	0.083621994
7461	1.875000000	0.083621994
7462	1.887500000	0.083621994
7463	1.900000000	0.083621994
7464	1.912500000	0.083621994
7465	1.925000000	0.083621994
7466	1.937500000	0.083621994
7467	1.950000000	0.083621994
7468	1.962500000	0.083621994
7469	1.975000000	0.083621994
7470	1.987500000	0.083621994
7471	2.000000000	0.083621994
7472	-1.000000000	0.088755677
7473	-0.987500000	0.088755677
7474	-0.975000000	0.088755677
7475	-0.962500000	0.088755677
7476	-0.950000000	0.088755677
7477	-0.937500000	0.088755677
7478	-0.925000000	0.088755677
7479	-0.912500000	0.088755677
7480	-0.900000000	0.088755677
7481	-0.887500000	0.088755677
7482	-0.875000000	0.088755677
7483	-0.862500000	0.088755677
7484	-0.850000000	0.088755677
7485	-0.837500000	0.088755677
7486	-0.825000000	0.088755677
7487	-0.812500000	0.088755677
7488	-0.800000000	0.088755677
7489	-0.787500000	0.088755677
7490	-0.775000000	0.088755677
7491	-0.762500000	0.088755677
7492	-0.750000000	0.088755677
7493	-0.737500000	0.088755677
7494	-0.725000000	0.088755677
7495	-0.712500000	0.088755677
7496	-0.700000000	0.088755677
7497	-0.687500000	0.088755677
7498	-0.675000000	0.088755677
7499	-0.662500000	0.088755677
7500	-0.650000000	0.088755677
7501	-0.637500000	0.088755677
7502	-0.625000000	0.088755677
7503	-0.612500000	0.088755677
7504	-0.600000000	0.088755677
7505	-0.587500000	0.088755677
7506	-0.575000000	0.088755677
7507	-0.562500000	0.088755677
7508	-0.550000000	0.088755677
7509	-0.537500000	0.088755677
7510	-0.525000000	0.088755677
7511	-0.512500000	0.088755677
7512	-0.500000000	0.088755677
7513	-0.487500000	0.088755677
7514	-0.475000000	0.088755677
7515	-0.462500000	0.088755677
7516	-0.450000000	0.088755677
7517	-0.437500000	0.088755677
7518	-0.425000000	0.088755677
7519	-0.412500000	0.088755677
7520	-0.400000000	0.088755677
7521	-0.387500000	0.088755677
7522	-0.375000000	0.088755677
7523	-0.362500000	0.088755677
7524	-0.350000000	0.088755677
7525	-0.337500000	0.088755677
7526	-0.325000000	0.088755677
7527	-0.312500000	0.088755677
7528	-0.300000000	0.088755677
7529	-0.287500000	0.088755677
7530	-0.275000000	0.088755677
7531	-0.262500000	0.088755677
7532	-0.250000000	0.088755677
7533	-0.237500000	0.088755677
7534	-0.225000000	0.088755677
7535	-0.212500000	0.088755677
7536	-0.200000000	0.088755677
7537	-0.187500000	0.088755677
7538	-0.175000000	0.088755677
7539	-0.162500000	0.088755677
7540	-0.150000000	0.088755677
7541	-0.137500000	0.088755677
7542	-0.125000000	0.088755677
7543	-0.112500000	0.088755677
7544	-0.100000000	0.088755677
7545	-0.087500000	0.088755677
7546	-0.075000000	0.088755677
7547	-0.062500000	0.088755677
7548	-0.050000000	0.088755677
7549	-0.037500000	0.088755677
7550	-0.025000000	0.088755677
7551	-0.012500000	0.088755677
7552	0.000000000	0.088755677
7553	0.012500000	0.090186689
7554	0.025000000	0.091615494
7555	0.037500000	0.093039889
7556	0.050000000	0.094457678
7557	0.062500000	0.095866675
7558	0.075000000	0.097264708
7559	0.087500000	0.098649620
7560	0.100000000	0.100019277
7561	0.112500000	0.101371566
7562	0.125000000	0.102704402
7563	0.137500000	0.104015730
7564	0.150000000	0.105303528
7565	0.162500000	0.106565811
7566	0.175000000	0.107800632
7567	0.187500000	0.109006086
7568	0.200000000	0.110180316
7569	0.212500000	0.111321511
7570	0.225000000	0.112427911
7571	0.237500000	0.113497810
7572	0.250000000	0.114529559
7573	0.262500000	0.115521566
7574	0.275000000	0.116472302
7575	0.287500000	0.117380301
7576	0.300000000	0.118244163
7577	0.312500000	0.119062556
7578	0.325000000	0.119834218
7579	0.337500000	0.120557959
7580	0.350000000	0.121232663
7581	0.362500000	0.121857290
7582	0.375000000	0.122430877
7583	0.387500000	0.122952539
7584	0.400000000	0.123421472
7585	0.412500000	0.123836952
7586	0.425000000	0.124198340
7587	0.437500000	0.124505078
7588	0.450000000	0.124756693
7589	0.462500000	0.124952797
7590	0.475000000	0.125093088
7591	0.487500000	0.125177349
7592	0.500000000	0.125205450
7593	0.512500000	0.125177349
7594	0.525000000	0.125093088
7595	0.537500000	0.124952797
7596	0.550000000	0.124756693
7597	0.562500000	0.124505078
7598	0.575000000	0.124198340
7599	0.587500000	0.123836952
7600	0.600000000	0.123421472
7601	0.612500000	0.122952539
7602	0.625000000	0.122430877
7603	0.637500000	0.121857290
7604	0.650000000	0.121232663
7605	0.662500000	0.120557959
7606	0.675000000	0.119834218
7607	0.687500000	0.119062556
7608	0.700000000	0.118244163
7609	0.712500000	0.117380301
7610	0.725000000	0.116472302
7611	0.737500000	0.115521566
7612	0.750000000	0.114529559
7613	0.762500000	0.113497810
7614	0.775000000	0.112427911
7615	0.787500000	0.111321511
7616	0.800000000	0.110180316
7617	0.812500000	0.109006086
7618	0.825000000	0.107800632
7619	0.837500000	0.106565811
7620	0.850000000	0.105303528
7621	0.862500000	0.104015730
7622	0.875000000	0.102704402
7623	0.887500000	0.101371566
7624	0.900000000	0.100019277
7625	0.912500000	0.098649620
7626	0.925000000	0.097264708
7627	0.937500000	0.095866675
7628	0.950000000	0.094457678
7629	0.962500000	0.093039889
7630	0.975000000	0.091615494
7631	0.987500000	0.090186689
7632	1.000000000	0.088755677
7633	1.012500000	0.088755677
7634	1.025000000	0.088755677
7635	1.037500000	0.088755677
7636	1.050000000	0.088755677
7637	1.062500000	0.088755677
7638	1.075000000	0.088755677
7639	1.087500000	0.088755677
7640	1.100000000	0.088755677
7641	1.112500000	0.088755677
7642	1.125000000	0.088755677
7643	1.137500000	0.088755677
7644	1.150000000	0.088755677
7645	1.162500000	0.088755677
7646	1.175000000	0.088755677
7647	1.187500000	0.088755677
7648	1.200000000	0.088755677
7649	1.212500000	0.088755677
7650	1.225000000	0.088755677
7651	1.237500000	0.088755677
7652	1.250000000	0.088755677
7653	1.262500000	0.088755677
7654	1.275000000	0.088755677
7655	1.287500000	0.088755677
7656	1.300000000	0.088755677
7657	1.312500000	0.088755677
7658	1.325000000	0.088755677
7659	1.337500000	0.088755677
7660	1.350000000	0.088755677
7661	1.362500000	0.088755677
7662	1.375000000	0.088755677
7663	1.387500000	0.088755677
7664	1.400000000	0.088755677
7665	1.412500000	0.088755677
7666	1.425000000	0.088755677
7667	1.437500000	0.088755677
7668	1.450000000	0.088755677
7669	1.462500000	0.088755677
7670	1.475000000	0.088755677
7671	1.487500000	0.088755677
7672	1.500000000	0.088755677
7673	1.512500000	0.088755677
7674	1.525000000	0.088755677
7675	1.537500000	0.088755677
7676	1.550000000	0.088755677
7677	1.562500000	0.088755677
7678	1.575000000	0.088755677
7679	1.587500000	0.088755677
7680	1.600000000	0.088755677
7681	1.612500000	0.088755677
7682	1.625000000	0.088755677
7683	1.637500000	0.088755677
7684	1.650000000	0.088755677
7685	1.662500000	0.088755677
7686	1.675000000	0.088755677
7687	1.687500000	0.088755677
7688	1.700000000	0.088755677
7689	1.712500000	0.088755677
7690	1.725000000	0.088755677
7691	1.737500000	0.088755677
7692	1.750000000	0.088755677
7693	1.762500000	0.088755677
7694	1.775000000	0.088755677
7695	1.787500000	0.088755677
7696	1.800000000	0.088755677
7697	1.812500000	0.088755677
7698	1.825000000	0.088755677
7699	1.837500000	0.088755677
7700	1.850000000	0.088755677
7701	1.862500000	0.088755677
7702	1.875000000	0.088755677
7703	1.887500000	0.088755677
7704	1.900000000	0.088755677
7705	1.912500000	0.088755677
7706	1.925000000	0.088755677
7707	1.937500000	0.088755677
7708	1.950000000	0.088755677
7709	1.962500000	0.088755677
7710	1.975000000	0.088755677
7711	1.987500000	0.088755677
7712	2.000000000	0.088755677
7713	-1.000000000	0.094120376
7714	-0.987500000	0.094120376
7715	-0.975000000	0.094120376
7716	-0.962500000	0.094120376
7717	-0.950000000	0.094120376
7718	-0.937500000	0.094120376
7719	-0.925000000	0.094120376
7720	-0.912500000	0.094120376
7721	-0.900000000	0.094120376
7722	-0.887500000	0.094120376
7723	-0.875000000	0.094120376
7724	-0.862500000	0.094120376
7725	-0.850000000	0.094120376
7726	-0.837500000	0.094120376
7727	-0.825000000	0.094120376
7728	-0.812500000	0.094120376
7729	-0.800000000	0.094120376
7730	-0.787500000	0.094120376
7731	-0.775000000	0.094120376
7732	-0.762500000	0.094120376
7733	-0.750000000	0.094120376
7734	-0.737500000	0.094120376
7735	-0.725000000	0.094120376
7736	-0.712500000	0.094120376
7737	-0.700000000	0.094120376
7738	-0.687500000	0.094120376
7739	-0.675000000	0.094120376
7740	-0.662500000	0.094120376
7741	-0.650000000	0.094120376
7742	-0.637500000	0.094120376
7743	-0.625000000	0.094120376
7744	-0.612500000	0.094120376
7745	-0.600000000	0.094120376
7746	-0.587500000	0.094120376
7747	-0.575000000	0.094120376
7748	-0.562500000	0.094120376
7749	-0.550000000	0.094120376
7750	-0.537500000	0.094120376
7751	-0.525000000	0.094120376
7752	-0.512500000	0.094120376
7753	-0.500000000	0.094120376
7754	-0.487500000	0.094120376
7755	-0.475000000	0.094120376
7756	-0.462500000	0.094120376
7757	-0.450000000	0.094120376
7758	-0.437500000	0.094120376
7759	-0.425000000	0.094120376
7760	-0.412500000	0.094120376
7761	-0.400000000	0.094120376
7762	-0.387500000	0.094120376
7763	-0.375000000	0.094120376
7764	-0.362500000	0.094120376
7765	-0.350000000	0.094120376
7766	-0.337500000	0.094120376
7767	-0.325000000	0.094120376
7768	-0.312500000	0.094120376
7769	-0.300000000	0.094120376
7770	-0.287500000	0.094120376
7771	-0.275000000	0.094120376
7772	-0.262500000	0.094120376
7773	-0.250000000	0.094120376
7774	-0.237500000	0.094120376
7775	-0.225000000	0.094120376
7776	-0.212500000	0.094120376
7777	-0.200000000	0.094120376
7778	-0.187500000	0.094120376
7779	-0.175000000	0.094120376
7780	-0.162500000	0.094120376
7781	-0.150000000	0.094120376
7782	-0.137500000	0.094120376
7783	-0.125000000	0.094120376
7784	-0.112500000	0.094120376
7785	-0.100000000	0.094120376
7786	-0.087500000	0.094120376
7787	-0.075000000	0.094120376
7788	-0.062500000	0.094120376
7789	-0.050000000	0.094120376
7790	-0.037500000	0.094120376
7791	-0.025000000	0.094120376
7792	-0.012500000	0.094120376
7793	0.000000000	0.094120376
7794	0.012500000	0.095542963
7795	0.025000000	0.096963356
7796	0.037500000	0.098379366
7797	0.050000000	0.099788808
7798	0.062500000	0.101189510
7799	0.075000000	0.102579312
7800	0.087500000	0.103956071
7801	0.100000000	0.105317664
7802	0.112500000	0.106661992
7803	0.125000000	0.107986981
7804	0.137500000	0.109290589
7805	0.150000000	0.110570806
7806	0.162500000	0.111825658
7807	0.175000000	0.113053209
7808	0.187500000	0.114251567
7809	0.200000000	0.115418884
7810	0.212500000	0.116553360
7811	0.225000000	0.117653247
7812	0.237500000	0.118716847
7813	0.250000000	0.119742521
7814	0.262500000	0.120728688
7815	0.275000000	0.121673827
7816	0.287500000	0.122576481
7817	0.300000000	0.123435257
7818	0.312500000	0.124248832
7819	0.325000000	0.125015951
7820	0.337500000	0.125735431
7821	0.350000000	0.126406163
7822	0.362500000	0.127027112
7823	0.375000000	0.127597322
7824	0.387500000	0.128115913
7825	0.400000000	0.128582085
7826	0.412500000	0.128995120
7827	0.425000000	0.129354380
7828	0.437500000	0.129659312
7829	0.450000000	0.129909446
7830	0.462500000	0.130104396
7831	0.475000000	0.130243860
7832	0.487500000	0.130327625
7833	0.500000000	0.130355561
7834	0.512500000	0.130327625
7835	0.525000000	0.130243860
7836	0.537500000	0.130104396
7837	0.550000000	0.129909446
7838	0.562500000	0.129659312
7839	0.575000000	0.129354380
7840	0.587500000	0.128995120
7841	0.600000000	0.128582085
7842	0.612500000	0.128115913
7843	0.625000000	0.127597322
7844	0.637500000	0.127027112
7845	0.650000000	0.126406163
7846	0.662500000	0.125735431
7847	0.675000000	0.125015951
7848	0.687500000	0.124248832
7849	0.700000000	0.123435257
7850	0.712500000	0.122576481
7851	0.725000000	0.121673827
7852	0.737500000	0.120728688
7853	0.750000000	0.119742521
7854	0.762500000	0.118716847
7855	0.775000000	0.117653247
7856	0.787500000	0.116553360
7857	0.800000000	0.115418884
7858	0.812500000	0.114251567
7859	0.825000000	0.113053209
7860	0.837500000	0.111825658
7861	0.850000000	0.110570806
7862	0.862500000	0.109290589
7863	0.875000000	0.107986981
7864	0.887500000	0.106661992
7865	0.900000000	0.105317664
7866	0.912500000	0.103956071
7867	0.925000000	0.102579312
7868	0.937500000	0.101189510
7869	0.950000000	0.099788808
7870	0.962500000	0.098379366
7871	0.975000000	0.096963356
7872	0.987500000	0.095542963
7873	1.000000000	0.094120376
7874	1.012500000	0.094120376
7875	1.025000000	0.094120376
7876	1.037500000	0.094120376
7877	1.050000000	0.094120376
7878	1.062500000	0.094120376
7879	1.075000000	0.094120376
7880	1.087500000	0.094120376
7881	1.100000000	0.094120376
7882	1.112500000	0.094120376
7883	1.125000000	0.094120376
7884	1.137500000	0.094120376
7885	1.150000000	0.094120376
7886	1.162500000	0.094120376
7887	1.175000000	0.094120376
7888	1.187500000	0.094120376
7889	1.200000000	0.094120376
7890	1.212500000	0.094120376
7891	1.225000000	0.094120376
7892	1.237500000	0.094120376
7893	1.250000000	0.094120376
7894	1.262500000	0.094120376
7895	1.275000000	0.094120376
7896	1.287500000	0.094120376
7897	1.300000000	0.094120376
7898	1.312500000	0.094120376
7899	1.325000000	0.094120376
7900	1.337500000	0.094120376
7901	1.350000000	0.094120376
7902	1.362500000	0.094120376
7903	1.375000000	0.094120376
7904	1.387500000	0.094120376
7905	1.400000000	0.094120376
7906	1.412500000	0.094120376
7907	1.425000000	0.094120376
7908	1.437500000	0.094120376
7909	1.450000000	0.094120376
7910	1.462500000	0.094120376
7911	1.475000000	0.094120376
7912	1.487500000	0.094120376
7913	1.500000000	0.094120376
7914	1.512500000	0.094120376
7915	1.525000000	0.094120376
7916	1.537500000	0.094120376
7917	1.550000000	0.094120376
7918	1.562500000	0.094120376
7919	1.575000000	0.094120376
7920	1.587500000	0.094120376
7921	1.600000000	0.094120376
7922	1.612500000	0.094120376
7923	1.625000000	0.094120376
7924	1.637500000	0.094120376
7925	1.650000000	0.094120376
7926	1.662500000	0.094120376
7927	1.675000000	0.094120376
7928	1.687500000	0.094120376
7929	1.700000000	0.094120376
7930	1.712500000	0.094120376
7931	1.725000000	0.094120376
7932	1.737500000	0.094120376
7933	1.750000000	0.094120376
7934	1.762500000	0.094120376
7935	1.775000000	0.094120376
7936	1.787500000	0.094120376
7937	1.800000000	0.094120376
7938	1.812500000	0.094120376
7939	1.825000000	0.094120376
7940	1.837500000	0.094120376
7941	1.850000000	0.094120376
7942	1.862500000	0.094120376
7943	1.875000000	0.094120376
7944	1.887500000	0.094120376
7945	1.900000000	0.094120376
7946	1.912500000	0.094120376
7947	1.925000000	0.094120376
7948	1.937500000	0.094120376
7949	1.950000000	0.094120376
7950	1.962500000	0.094120376
7951	1.975000000	0.094120376
7952	1.987500000	0.094120376
7953	2.000000000	0.094120376
7954	-1.000000000	0.099726487
7955	-0.987500000	0.099726487
7956	-0.975000000	0.099726487
7957	-0.962500000	0.099726487
7958	-0.950000000	0.099726487
7959	-0.937500000	0.099726487
7960	-0.925000000	0.099726487
7961	-0.912500000	0.099726487
7962	-0.900000000	0.099726487
7963	-0.887500000	0.099726487
7964	-0.875000000	0.099726487
7965	-0.862500000	0.099726487
7966	-0.850000000	0.099726487
7967	-0.837500000	0.099726487
7968	-0.825000000	0.099726487
7969	-0.812500000	0.099726487
7970	-0.800000000	0.099726487
7971	-0.787500000	0.099726487
7972	-0.775000000	0.099726487
7973	-0.762500000	0.099726487
7974	-0.750000000	0.099726487
7975	-0.737500000	0.099726487
7976	-0.725000000	0.099726487
7977	-0.712500000	0.099726487
7978	-0.700000000	0.099726487
7979	-0.687500000	0.099726487
7980	-0.675000000	0.099726487
7981	-0.662500000	0.099726487
7982	-0.650000000	0.099726487
7983	-0.637500000	0.099726487
7984	-0.625000000	0.099726487
7985	-0.612500000	0.099726487
7986	-0.600000000	0.099726487
7987	-0.587500000	0.099726487
7988	-0.575000000	0.099726487
7989	-0.562500000	0.099726487
7990	-0.550000000	0.099726487
7991	-0.537500000	0.099726487
7992	-0.525000000	0.099726487
7993	-0.512500000	0.099726487
7994	-0.500000000	0.099726487
7995	-0.487500000	0.099726487
7996	-0.475000000	0.099726487
7997	-0.462500000	0.099726487
7998	-0.450000000	0.099726487
7999	-0.437500000	0.099726487
8000	-0.425000000	0.099726487
8001	-0.412500000	0.099726487
8002	-0.400000000	0.099726487
8003	-0.387500000	0.099726487
8004	-0.375000000	0.099726487
8005	-0.362500000	0.099726487
8006	-0.350000000	0.099726487
8007	-0.337500000	0.099726487
8008	-0.325000000	0.099726487
8009	-0.312500000	0.099726487
8010	-0.300000000	0.099726487
8011	-0.287500000	0.099726487
8012	-0.275000000	0.099726487
8013	-0.262500000	0.099726487
8014	-0.250000000	0.099726487
8015	-0.237500000	0.099726487
8016	-0.225000000	0.099726487
8017	-0.212500000	0.099726487
8018	-0.200000000	0.099726487
8019	-0.187500000	0.099726487
8020	-0.175000000	0.099726487
8021	-0.162500000	0.099726487
8022	-0.150000000	0.099726487
8023	-0.137500000	0.099726487
8024	-0.125000000	0.099726487
8025	-0.112500000	0.099726487
8026	-0.100000000	0.099726487
8027	-0.087500000	0.099726487
8028	-0.075000000	0.099726487
8029	-0.062500000	0.099726487
8030	-0.050000000	0.099726487
8031	-0.037500000	0.099726487
8032	-0.025000000	0.099726487
8033	-0.012500000	0.099726487
8034	0.000000000	0.099726487
8035	0.012500000	0.101140270
8036	0.025000000	0.102551873
8037	0.037500000	0.103959119
8038	0.050000000	0.105359839
8039	0.062500000	0.106751873
8040	0.075000000	0.108133074
8041	0.087500000	0.109501313
8042	0.100000000	0.110854480
8043	0.112500000	0.112190488
8044	0.125000000	0.113507277
8045	0.137500000	0.114802818
8046	0.150000000	0.116075112
8047	0.162500000	0.117322197
8048	0.175000000	0.118542152
8049	0.187500000	0.119733094
8050	0.200000000	0.120893187
8051	0.212500000	0.122020642
8052	0.225000000	0.123113722
8053	0.237500000	0.124170740
8054	0.250000000	0.125190067
8055	0.262500000	0.126170131
8056	0.275000000	0.127109421
8057	0.287500000	0.128006488
8058	0.300000000	0.128859950
8059	0.312500000	0.129668490
8060	0.325000000	0.130430861
8061	0.337500000	0.131145889
8062	0.350000000	0.131812470
8063	0.362500000	0.132429577
8064	0.375000000	0.132996258
8065	0.387500000	0.133511639
8066	0.400000000	0.133974927
8067	0.412500000	0.134385405
8068	0.425000000	0.134742442
8069	0.437500000	0.135045487
8070	0.450000000	0.135294073
8071	0.462500000	0.135487816
8072	0.475000000	0.135626418
8073	0.487500000	0.135709664
8074	0.500000000	0.135737427
8075	0.512500000	0.135709664
8076	0.525000000	0.135626418
8077	0.537500000	0.135487816
8078	0.550000000	0.135294073
8079	0.562500000	0.135045487
8080	0.575000000	0.134742442
8081	0.587500000	0.134385405
8082	0.600000000	0.133974927
8083	0.612500000	0.133511639
8084	0.625000000	0.132996258
8085	0.637500000	0.132429577
8086	0.650000000	0.131812470
8087	0.662500000	0.131145889
8088	0.675000000	0.130430861
8089	0.687500000	0.129668490
8090	0.700000000	0.128859950
8091	0.712500000	0.128006488
8092	0.725000000	0.127109421
8093	0.737500000	0.126170131
8094	0.750000000	0.125190067
8095	0.762500000	0.124170740
8096	0.775000000	0.123113722
8097	0.787500000	0.122020642
8098	0.800000000	0.120893187
8099	0.812500000	0.119733094
8100	0.825000000	0.118542152
8101	0.837500000	0.117322197
8102	0.850000000	0.116075112
8103	0.862500000	0.114802818
8104	0.875000000	0.113507277
8105	0.887500000	0.112190488
8106	0.900000000	0.110854480
8107	0.912500000	0.109501313
8108	0.925000000	0.108133074
8109	0.937500000	0.106751873
8110	0.950000000	0.105359839
8111	0.962500000	0.103959119
8112	0.975000000	0.102551873
8113	0.987500000	0.101140270
8114	1.000000000	0.099726487
8115	1.012500000	0.099726487
8116	1.025000000	0.099726487
8117	1.037500000	0.099726487
8118	1.050000000	0.099726487
8119	1.062500000	0.099726487
8120	1.075000000	0.099726487
8121	1.087500000	0.099726487
8122	1.100000000	0.099726487
8123	1.112500000	0.099726487
8124	1.125000000	0.099726487
8125	1.137500000	0.099726487
8126	1.150000000	0.099726487
8127	1.162500000	0.099726487
8128	1.175000000	0.099726487
8129	1.187500000	0.099726487
8130	1.200000000	0.099726487
8131	1.212500000	0.099726487
8132	1.225000000	0.099726487
8133	1.237500000	0.099726487
8134	1.250000000	0.099726487
8135	1.262500000	0.099726487
8136	1.275000000	0.099726487
8137	1.287500000	0.099726487
8138	1.300000000	0.099726487
8139	1.312500000	0.099726487
8140	1.325000000	0.099726487
8141	1.337500000	0.099726487
8142	1.350000000	0.099726487
8143	1.362500000	0.099726487
8144	1.375000000	0.099726487
8145	1.387500000	0.099726487
8146	1.400000000	0.099726487
8147	1.412500000	0.099726487
8148	1.425000000	0.099726487
8149	1.437500000	0.099726487
8150	1.450000000	0.099726487
8151	1.462500000	0.099726487
8152	1.475000000	0.099726487
8153	1.487500000	0.099726487
8154	1.500000000	0.099726487
8155	1.512500000	0.099726487
8156	1.525000000	0.099726487
8157	1.537500000	0.099726487
8158	1.550000000	0.099726487
8159	1.562500000	0.099726487
8160	1.575000000	0.099726487
8161	1.587500000	0.099726487
8162	1.600000000	0.099726487
8163	1.612500000	0.099726487
8164	1.625000000	0.099726487
8165	1.637500000	0.099726487
8166	1.650000000	0.099726487
8167	1.662500000	0.099726487
8168	1.675000000	0.099726487
8169	1.687500000	0.099726487
8170	1.700000000	0.099726487
8171	1.712500000	0.099726487
8172	1.725000000	0.099726487
8173	1.737500000	0.099726487
8174	1.750000000	0.099726487
8175	1.762500000	0.099726487
8176	1.775000000	0.099726487
8177	1.787500000	0.099726487
8178	1.800000000	0.099726487
8179	1.812500000	0.099726487
8180	1.825000000	0.099726487
8181	1.837500000	0.099726487
8182	1.850000000	0.099726487
8183	1.862500000	0.099726487
8184	1.875000000	0.099726487
8185	1.887500000	0.099726487
8186	1.900000000	0.099726487
8187	1.912500000	0.099726487
8188	1.925000000	0.099726487
8189	1.937500000	0.099726487
8190	1.950000000	0.099726487
8191	1.962500000	0.099726487
8192	1.975000000	0.099726487
8193	1.987500000	0.099726487
8194	2.000000000	0.099726487
8195	-1.000000000	0.105584872
8196	-0.987500000	0.105584872
8197	-0.975000000	0.105584872
8198	-0.962500000	0.105584872
8199	-0.950000000	0.105584872
8200	-0.937500000	0.105584872
8201	-0.925000000	0.105584872
8202	-0.912500000	0.105584872
8203	-0.900000000	0.105584872
8204	-0.887500000	0.105584872
8205	-0.875000000	0.105584872
8206	-0.862500000	0.105584872
8207	-0.850000000	0.105584872
8208	-0.837500000	0.105584872
8209	-0.825000000	0.105584872
8210	-0.812500000	0.105584872
8211	-0.800000000	0.105584872
8212	-0.787500000	0.105584872
8213	-0.775000000	0.105584872
8214	-0.762500000	0.105584872
8215	-0.750000000	0.105584872
8216	-0.737500000	0.105584872
8217	-0.725000000	0.105584872
8218	-0.712500000	0.105584872
8219	-0.700000000	0.105584872
8220	-0.687500000	0.105584872
8221	-0.675000000	0.105584872
8222	-0.662500000	0.105584872
8223	-0.650000000	0.105584872
8224	-0.637500000	0.105584872
8225	-0.625000000	0.105584872
8226	-0.612500000	0.105584872
8227	-0.600000000	0.105584872
8228	-0.587500000	0.105584872
8229	-0.575000000	0.105584872
8230	-0.562500000	0.105584872
8231	-0.550000000	0.105584872
8232	-0.537500000	0.105584872
8233	-0.525000000	0.105584872
8234	-0.512500000	0.105584872
8235	-0.500000000	0.105584872
8236	-0.487500000	0.105584872
8237	-0.475000000	0.105584872
8238	-0.462500000	0.105584872
8239	-0.450000000	0.105584872
8240	-0.437500000	0.105584872
8241	-0.425000000	0.105584872
8242	-0.412500000	0.105584872
8243	-0.400000000	0.105584872
8244	-0.387500000	0.105584872
8245	-0.375000000	0.105584872
8246	-0.362500000	0.105584872
8247	-0.350000000	0.105584872
8248	-0.337500000	0.105584872
8249	-0.325000000	0.105584872
8250	-0.312500000	0.105584872
8251	-0.300000000	0.105584872
8252	-0.287500000	0.105584872
8253	-0.275000000	0.105584872
8254	-0.262500000	0.105584872
8255	-0.250000000	0.105584872
8256	-0.237500000	0.105584872
8257	-0.225000000	0.105584872
8258	-0.212500000	0.105584872
8259	-0.200000000	0.105584872
8260	-0.187500000	0.105584872
8261	-0.175000000	0.105584872
8262	-0.162500000	0.105584872
8263	-0.150000000	0.105584872
8264	-0.137500000	0.105584872
8265	-0.125000000	0.105584872
8266	-0.112500000	0.105584872
8267	-0.100000000	0.105584872
8268	-0.087500000	0.105584872
8269	-0.075000000	0.105584872
8270	-0.062500000	0.105584872
8271	-0.050000000	0.105584872
8272	-0.037500000	0.105584872
8273	-0.025000000	0.105584872
8274	-0.012500000	0.105584872
8275	0.000000000	0.105584872
8276	0.012500000	0.106989455
8277	0.025000000	0.108391872
8278	0.037500000	0.109789961
8279	0.050000000	0.111181566
8280	0.062500000	0.112564542
8281	0.075000000	0.113936755
8282	0.087500000	0.115296090
8283	0.100000000	0.116640451
8284	0.112500000	0.117967766
8285	0.125000000	0.119275986
8286	0.137500000	0.120563096
8287	0.150000000	0.121827111
8288	0.162500000	0.123066082
8289	0.175000000	0.124278097
8290	0.187500000	0.125461289
8291	0.200000000	0.126613833
8292	0.212500000	0.127733952
8293	0.225000000	0.128819919
8294	0.237500000	0.129870059
8295	0.250000000	0.130882752
8296	0.262500000	0.131856439
8297	0.275000000	0.132789616
8298	0.287500000	0.133680846
8299	0.300000000	0.134528754
8300	0.312500000	0.135332032
8301	0.325000000	0.136089443
8302	0.337500000	0.136799817
8303	0.350000000	0.137462061
8304	0.362500000	0.138075152
8305	0.375000000	0.138638146
8306	0.387500000	0.139150173
8307	0.400000000	0.139610446
8308	0.412500000	0.140018253
8309	0.425000000	0.140372967
8310	0.437500000	0.140674040
8311	0.450000000	0.140921008
8312	0.462500000	0.141113490
8313	0.475000000	0.141251190
8314	0.487500000	0.141333895
8315	0.500000000	0.141361477
8316	0.512500000	0.141333895
8317	0.525000000	0.141251190
8318	0.537500000	0.141113490
8319	0.550000000	0.140921008
8320	0.562500000	0.140674040
8321	0.575000000	0.140372967
8322	0.587500000	0.140018253
8323	0.600000000	0.139610446
8324	0.612500000	0.139150173
8325	0.625000000	0.138638146
8326	0.637500000	0.138075152
8327	0.650000000	0.137462061
8328	0.662500000	0.136799817
8329	0.675000000	0.136089443
8330	0.687500000	0.135332032
8331	0.700000000	0.134528754
8332	0.712500000	0.133680846
8333	0.725000000	0.132789616
8334	0.737500000	0.131856439
8335	0.750000000	0.130882752
8336	0.762500000	0.129870059
8337	0.775000000	0.128819919
8338	0.787500000	0.127733952
8339	0.800000000	0.126613833
8340	0.812500000	0.125461289
8341	0.825000000	0.124278097
8342	0.837500000	0.123066082
8343	0.850000000	0.121827111
8344	0.862500000	0.120563096
8345	0.875000000	0.119275986
8346	0.887500000	0.117967766
8347	0.900000000	0.116640451
8348	0.912500000	0.115296090
8349	0.925000000	0.113936755
8350	0.937500000	0.112564542
8351	0.950000000	0.111181566
8352	0.962500000	0.109789961
8353	0.975000000	0.108391872
8354	0.987500000	0.106989455
8355	1.000000000	0.105584872
8356	1.012500000	0.105584872
8357	1.025000000	0.105584872
8358	1.037500000	0.105584872
8359	1.050000000	0.105584872
8360	1.062500000	0.105584872
8361	1.075000000	0.105584872
8362	1.087500000	0.105584872
8363	1.100000000	0.105584872
8364	1.112500000	0.105584872
8365	1.125000000	0.105584872
8366	1.137500000	0.105584872
8367	1.150000000	0.105584872
8368	1.162500000	0.105584872
8369	1.175000000	0.105584872
8370	1.187500000	0.105584872
8371	1.200000000	0.105584872
8372	1.212500000	0.105584872
8373	1.225000000	0.105584872
8374	1.237500000	0.105584872
8375	1.250000000	0.105584872
8376	1.262500000	0.105584872
8377	1.275000000	0.105584872
8378	1.287500000	0.105584872
8379	1.300000000	0.105584872
8380	1.312500000	0.105584872
8381	1.325000000	0.105584872
8382	1.337500000	0.105584872
8383	1.350000000	0.105584872
8384	1.362500000	0.105584872
8385	1.375000000	0.105584872
8386	1.387500000	0.105584872
8387	1.400000000	0.105584872
8388	1.412500000	0.105584872
8389	1.425000000	0.105584872
8390	1.437500000	0.105584872
8391	1.450000000	0.105584872
8392	1.462500000	0.105584872
8393	1.475000000	0.105584872
8394	1.487500000	0.105584872
8395	1.500000000	0.105584872
8396	1.512500000	0.105584872
8397	1.525000000	0.105584872
8398	1.537500000	0.105584872
8399	1.550000000	0.105584872
8400	1.562500000	0.105584872
8401	1.575000000	0.105584872
8402	1.587500000	0.105584872
8403	1.600000000	0.105584872
8404	1.612500000	0.105584872
8405	1.625000000	0.105584872
8406	1.637500000	0.105584872
8407	1.650000000	0.105584872
8408	1.662500000	0.105584872
8409	1.675000000	0.105584872
8410	1.687500000	0.105584872
8411	1.700000000	0.105584872
8412	1.712500000	0.105584872
8413	1.725000000	0.105584872
8414	1.737500000	0.105584872
8415	1.750000000	0.105584872
8416	1.762500000	0.105584872
8417	1.775000000	0.105584872
8418	1.787500000	0.105584872
8419	1.800000000	0.105584872
8420	1.812500000	0.105584872
8421	1.825000000	0.105584872
8422	1.837500000	0.105584872
8423	1.850000000	0.105584872
8424	1.862500000	0.105584872
8425	1.875000000	0.105584872
8426	1.887500000	0.105584872
8427	1.900000000	0.105584872
8428	1.912500000	0.105584872
8429	1.925000000	0.105584872
8430	1.937500000	0.105584872
8431	1.950000000	0.105584872
8432	1.962500000	0.105584872
8433	1.975000000	0.105584872
8434	1.987500000	0.105584872
8435	2.000000000	0.105584872
8436	-1.000000000	0.111706885
8437	-0.987500000	0.111706885
8438	-0.975000000	0.111706885
8439	-0.962500000	0.111706885
8440	-0.950000000	0.111706885
8441	-0.937500000	0.111706885
8442	-0.925000000	0.111706885
8443	-0.912500000	0.111706885
8444	-0.900000000	0.111706885
8445	-0.887500000	0.111706885
8446	-0.875000000	0.111706885
8447	-0.862500000	0.111706885
8448	-0.850000000	0.111706885
8449	-0.837500000	0.111706885
8450	-0.825000000	0.111706885
8451	-0.812500000	0.111706885
8452	-0.800000000	0.111706885
8453	-0.787500000	0.111706885
8454	-0.775000000	0.111706885
8455	-0.762500000	0.111706885
8456	-0.750000000	0.111706885
8457	-0.737500000	0.111706885
8458	-0.725000000	0.111706885
8459	-0.712500000	0.111706885
8460	-0.700000000	0.111706885
8461	-0.687500000	0.111706885
8462	-0.675000000	0.111706885
8463	-0.662500000	0.111706885
8464	-0.650000000	0.111706885
8465	-0.637500000	0.111706885
8466	-0.625000000	0.111706885
8467	-0.612500000	0.111706885
8468	-0.600000000	0.111706885
8469	-0.587500000	0.111706885
8470	-0.575000000	0.111706885
8471	-0.562500000	0.111706885
8472	-0.550000000	0.111706885
8473	-0.537500000	0.111706885
8474	-0.525000000	0.111706885
8475	-0.512500000	0.111706885
8476	-0.500000000	0.111706885
8477	-0.487500000	0.111706885
8478	-0.475000000	0.111706885
8479	-0.462500000	0.111706885
8480	-0.450000000	0.111706885
8481	-0.437500000	0.111706885
8482	-0.425000000	0.111706885
8483	-0.412500000	0.111706885
8484	-0.400000000	0.111706885
8485	-0.387500000	0.111706885
8486	-0.375000000	0.111706885
8487	-0.362500000	0.111706885
8488	-0.350000000	0.111706885
8489	-0.337500000	0.111706885
8490	-0.325000000	0.111706885
8491	-0.312500000	0.111706885
8492	-0.300000000	0.111706885
8493	-0.287500000	0.111706885
8494	-0.275000000	0.111706885
8495	-0.262500000	0.111706885
8496	-0.250000000	0.111706885
8497	-0.237500000	0.111706885
8498	-0.225000000	0.111706885
8499	-0.212500000	0.111706885
8500	-0.200000000	0.111706885
8501	-0.187500000	0.111706885
8502	-0.175000000	0.111706885
8503	-0.162500000	0.111706885
8504	-0.150000000	0.111706885
8505	-0.137500000	0.111706885
8506	-0.125000000	0.111706885
8507	-0.112500000	0.111706885
8508	-0.100000000	0.111706885
8509	-0.087500000	0.111706885
8510	-0.075000000	0.111706885
8511	-0.062500000	0.111706885
8512	-0.050000000	0.111706885
8513	-0.037500000	0.111706885
8514	-0.025000000	0.111706885
8515	-0.012500000	0.111706885
8516	0.000000000	0.111706885
8517	0.012500000	0.113101854
8518	0.025000000	0.114494672
8519	0.037500000	0.115883192
8520	0.050000000	0.117265271
8521	0.062500000	0.118638781
8522	0.075000000	0.120001601
8523	0.087500000	0.121351632
8524	0.100000000	0.122686792
8525	0.112500000	0.124005021
8526	0.125000000	0.125304287
8527	0.137500000	0.126582588
8528	0.150000000	0.127837951
8529	0.162500000	0.129068440
8530	0.175000000	0.130272160
8531	0.187500000	0.131447254
8532	0.200000000	0.132591909
8533	0.212500000	0.133704361
8534	0.225000000	0.134782894
8535	0.237500000	0.135825846
8536	0.250000000	0.136831609
8537	0.262500000	0.137798630
8538	0.275000000	0.138725420
8539	0.287500000	0.139610550
8540	0.300000000	0.140452654
8541	0.312500000	0.141250434
8542	0.325000000	0.142002661
8543	0.337500000	0.142708173
8544	0.350000000	0.143365884
8545	0.362500000	0.143974778
8546	0.375000000	0.144533918
8547	0.387500000	0.145042441
8548	0.400000000	0.145499563
8549	0.412500000	0.145904579
8550	0.425000000	0.146256865
8551	0.437500000	0.146555878
8552	0.450000000	0.146801155
8553	0.462500000	0.146992320
8554	0.475000000	0.147129077
8555	0.487500000	0.147211216
8556	0.500000000	0.147238610
8557	0.512500000	0.147211216
8558	0.525000000	0.147129077
8559	0.537500000	0.146992320
8560	0.550000000	0.146801155
8561	0.562500000	0.146555878
8562	0.575000000	0.146256865
8563	0.587500000	0.145904579
8564	0.600000000	0.145499563
8565	0.612500000	0.145042441
8566	0.625000000	0.144533918
8567	0.637500000	0.143974778
8568	0.650000000	0.143365884
8569	0.662500000	0.142708173
8570	0.675000000	0.142002661
8571	0.687500000	0.141250434
8572	0.700000000	0.140452654
8573	0.712500000	0.139610550
8574	0.725000000	0.138725420
8575	0.737500000	0.137798630
8576	0.750000000	0.136831609
8577	0.762500000	0.135825846
8578	0.775000000	0.134782894
8579	0.787500000	0.133704361
8580	0.800000000	0.132591909
8581	0.812500000	0.131447254
8582	0.825000000	0.130272160
8583	0.837500000	0.129068440
8584	0.850000000	0.127837951
8585	0.862500000	0.126582588
8586	0.875000000	0.125304287
8587	0.887500000	0.124005021
8588	0.900000000	0.122686792
8589	0.912500000	0.121351632
8590	0.925000000	0.120001601
8591	0.937500000	0.118638781
8592	0.950000000	0.117265271
8593	0.962500000	0.115883192
8594	0.975000000	0.114494672
8595	0.987500000	0.113101854
8596	1.000000000	0.111706885
8597	1.012500000	0.111706885
8598	1.025000000	0.111706885
8599	1.037500000	0.111706885
8600	1.050000000	0.111706885
8601	1.062500000	0.111706885
8602	1.075000000	0.111706885
8603	1.087500000	0.111706885
8604	1.100000000	0.111706885
8605	1.112500000	0.111706885
8606	1.125000000	0.111706885
8607	1.137500000	0.111706885
8608	1.150000000	0.111706885
8609	1.162500000	0.111706885
8610	1.175000000	0.111706885
8611	1.187500000	0.111706885
8612	1.200000000	0.111706885
8613	1.212500000	0.111706885
8614	1.225000000	0.111706885
8615	1.237500000	0.111706885
8616	1.250000000	0.111706885
8617	1.262500000	0.111706885
8618	1.275000000	0.111706885
8619	1.287500000	0.111706885
8620	1.300000000	0.111706885
8621	1.312500000	0.111706885
8622	1.325000000	0.111706885
8623	1.337500000	0.111706885
8624	1.350000000	0.111706885
8625	1.362500000	0.111706885
8626	1.375000000	0.111706885
8627	1.387500000	0.111706885
8628	1.400000000	0.111706885
8629	1.412500000	0.111706885
8630	1.425000000	0.111706885
8631	1.437500000	0.111706885
8632	1.450000000	0.111706885
8633	1.462500000	0.111706885
8634	1.475000000	0.111706885
8635	1.487500000	0.111706885
8636	1.500000000	0.111706885
8637	1.512500000	0.111706885
8638	1.525000000	0.111706885
8639	1.537500000	0.111706885
8640	1.550000000	0.111706885
8641	1.562500000	0.111706885
8642	1.575000000	0.111706885
8643	1.587500000	0.111706885
8644	1.600000000	0.111706885
8645	1.612500000	0.111706885
8646	1.625000000	0.111706885
8647	1.637500000	0.111706885
8648	1.650000000	0.111706885
8649	1.662500000	0.111706885
8650	1.675000000	0.111706885
8651	1.687500000	0.111706885
8652	1.700000000	0.111706885
8653	1.712500000	0.111706885
8654	1.725000000	0.111706885
8655	1.737500000	0.111706885
8656	1.750000000	0.111706885
8657	1.762500000	0.111706885
8658	1.775000000	0.111706885
8659	1.787500000	0.111706885
8660	1.800000000	0.111706885
8661	1.812500000	0.111706885
8662	1.825000000	0.111706885
8663	1.837500000	0.111706885
8664	1.850000000	0.111706885
8665	1.862500000	0.111706885
8666	1.875000000	0.111706885
8667	1.887500000	0.111706885
8668	1.900000000	0.111706885
8669	1.912500000	0.111706885
8670	1.925000000	0.111706885
8671	1.937500000	0.111706885
8672	1.950000000	0.111706885
8673	1.962500000	0.111706885
8674	1.975000000	0.111706885
8675	1.987500000	0.111706885
8676	2.000000000	0.111706885
8677	-1.000000000	0.118104388
8678	-0.987500000	0.118104388
8679	-0.975000000	0.118104388
8680	-0.962500000	0.118104388
8681	-0.950000000	0.118104388
8682	-0.937500000	0.118104388
8683	-0.925000000	0.118104388
8684	-0.912500000	0.118104388
8685	-0.900000000	0.118104388
8686	-0.887500000	0.118104388
8687	-0.875000000	0.118104388
8688	-0.862500000	0.118104388
8689	-0.850000000	0.118104388
8690	-0.837500000	0.118104388
8691	-0.825000000	0.118104388
8692	-0.812500000	0.118104388
8693	-0.800000000	0.118104388
8694	-0.787500000	0.118104388
8695	-0.775000000	0.118104388
8696	-0.762500000	0.118104388
8697	-0.750000000	0.118104388
8698	-0.737500000	0.118104388
8699	-0.725000000	0.118104388
8700	-0.712500000	0.118104388
8701	-0.700000000	0.118104388
8702	-0.687500000	0.118104388
8703	-0.675000000	0.118104388
8704	-0.662500000	0.118104388
8705	-0.650000000	0.118104388
8706	-0.637500000	0.118104388
8707	-0.625000000	0.118104388
8708	-0.612500000	0.118104388
8709	-0.600000000	0.118104388
8710	-0.587500000	0.118104388
8711	-0.575000000	0.118104388
8712	-0.562500000	0.118104388
8713	-0.550000000	0.118104388
8714	-0.537500000	0.118104388
8715	-0.525000000	0.118104388
8716	-0.512500000	0.118104388
8717	-0.500000000	0.118104388
8718	-0.487500000	0.118104388
8719	-0.475000000	0.118104388
8720	-0.462500000	0.118104388
8721	-0.450000000	0.118104388
8722	-0.437500000	0.118104388
8723	-0.425000000	0.118104388
8724	-0.412500000	0.118104388
8725	-0.400000000	0.118104388
8726	-0.387500000	0.118104388
8727	-0.375000000	0.118104388
8728	-0.362500000	0.118104388
8729	-0.350000000	0.118104388
8730	-0.337500000	0.118104388
8731	-0.325000000	0.118104388
8732	-0.312500000	0.118104388
8733	-0.300000000	0.118104388
8734	-0.287500000	0.118104388
8735	-0.275000000	0.118104388
8736	-0.262500000	0.118104388
8737	-0.250000000	0.118104388
8738	-0.237500000	0.118104388
8739	-0.225000000	0.118104388
8740	-0.212500000	0.118104388
8741	-0.200000000	0.118104388
8742	-0.187500000	0.118104388
8743	-0.175000000	0.118104388
8744	-0.162500000	0.118104388
8745	-0.150000000	0.118104388
8746	-0.137500000	0.118104388
8747	-0.125000000	0.118104388
8748	-0.112500000	0.118104388
8749	-0.100000000	0.118104388
8750	-0.087500000	0.118104388
8751	-0.075000000	0.118104388
8752	-0.062500000	0.118104388
8753	-0.050000000	0.118104388
8754	-0.037500000	0.118104388
8755	-0.025000000	0.118104388
8756	-0.012500000	0.118104388
8757	0.000000000	0.118104388
8758	0.012500000	0.119489311
8759	0.025000000	0.120872098
8760	0.037500000	0.122250617
8761	0.050000000	0.123622743
8762	0.062500000	0.124986360
8763	0.075000000	0.126339366
8764	0.087500000	0.127679674
8765	0.100000000	0.129005218
8766	0.112500000	0.130313953
8767	0.125000000	0.131603862
8768	0.137500000	0.132872956
8769	0.150000000	0.134119278
8770	0.162500000	0.135340906
8771	0.175000000	0.136535956
8772	0.187500000	0.137702586
8773	0.200000000	0.138838998
8774	0.212500000	0.139943438
8775	0.225000000	0.141014204
8776	0.237500000	0.142049644
8777	0.250000000	0.143048163
8778	0.262500000	0.144008220
8779	0.275000000	0.144928336
8780	0.287500000	0.145807091
8781	0.300000000	0.146643130
8782	0.312500000	0.147435165
8783	0.325000000	0.148181973
8784	0.337500000	0.148882404
8785	0.350000000	0.149535378
8786	0.362500000	0.150139888
8787	0.375000000	0.150695001
8788	0.387500000	0.151199861
8789	0.400000000	0.151653691
8790	0.412500000	0.152055790
8791	0.425000000	0.152405539
8792	0.437500000	0.152702398
8793	0.450000000	0.152945909
8794	0.462500000	0.153135697
8795	0.475000000	0.153271469
8796	0.487500000	0.153353017
8797	0.500000000	0.153380213
8798	0.512500000	0.153353017
8799	0.525000000	0.153271469
8800	0.537500000	0.153135697
8801	0.550000000	0.152945909
8802	0.562500000	0.152702398
8803	0.575000000	0.152405539
8804	0.587500000	0.152055790
8805	0.600000000	0.151653691
8806	0.612500000	0.151199861
8807	0.625000000	0.150695001
8808	0.637500000	0.150139888
8809	0.650000000	0.149535378
8810	0.662500000	0.148882404
8811	0.675000000	0.148181973
8812	0.687500000	0.147435165
8813	0.700000000	0.146643130
8814	0.712500000	0.145807091
8815	0.725000000	0.144928336
8816	0.737500000	0.144008220
8817	0.750000000	0.143048163
8818	0.762500000	0.142049644
8819	0.775000000	0.141014204
8820	0.787500000	0.139943438
8821	0.800000000	0.138838998
8822	0.812500000	0.137702586
8823	0.825000000	0.136535956
8824	0.837500000	0.135340906
8825	0.850000000	0.134119278
8826	0.862500000	0.132872956
8827	0.875000000	0.131603862
8828	0.887500000	0.130313953
8829	0.900000000	0.129005218
8830	0.912500000	0.127679674
8831	0.925000000	0.126339366
8832	0.937500000	0.124986360
8833	0.950000000	0.123622743
8834	0.962500000	0.122250617
8835	0.975000000	0.120872098
8836	0.987500000	0.119489311
8837	1.000000000	0.118104388
8838	1.012500000	0.118104388
8839	1.025000000	0.118104388
8840	1.037500000	0.118104388
8841	1.050000000	0.118104388
8842	1.062500000	0.118104388
8843	1.075000000	0.118104388
8844	1.087500000	0.118104388
8845	1.100000000	0.118104388
8846	1.112500000	0.118104388
8847	1.125000000	0.118104388
8848	1.137500000	0.118104388
8849	1.150000000	0.118104388
8850	1.162500000	0.118104388
8851	1.175000000	0.118104388
8852	1.187500000	0.118104388
8853	1.200000000	0.118104388
8854	1.212500000	0.118104388
8855	1.225000000	0.118104388
8856	1.237500000	0.118104388
8857	1.250000000	0.118104388
8858	1.262500000	0.118104388
8859	1.275000000	0.118104388
8860	1.287500000	0.118104388
8861	1.300000000	0.118104388
8862	1.312500000	0.118104388
8863	1.325000000	0.118104388
8864	1.337500000	0.118104388
8865	1.350000000	0.118104388
8866	1.362500000	0.118104388
8867	1.375000000	0.118104388
8868	1.387500000	0.118104388
8869	1.400000000	0.118104388
8870	1.412500000	0.118104388
8871	1.425000000	0.118104388
8872	1.437500000	0.118104388
8873	1.450000000	0.118104388
8874	1.462500000	0.118104388
8875	1.475000000	0.118104388
8876	1.487500000	0.118104388
8877	1.500000000	0.118104388
8878	1.512500000	0.118104388
8879	1.525000000	0.118104388
8880	1.537500000	0.118104388
8881	1.550000000	0.118104388
8882	1.562500000	0.118104388
8883	1.575000000	0.118104388
8884	1.587500000	0.118104388
8885	1.600000000	0.118104388
8886	1.612500000	0.118104388
8887	1.625000000	0.118104388
8888	1.637500000	0.118104388
8889	1.650000000	0.118104388
8890	1.662500000	0.118104388
8891	1.675000000	0.118104388
8892	1.687500000	0.118104388
8893	1.700000000	0.118104388
8894	1.712500000	0.118104388
8895	1.725000000	0.118104388
8896	1.737500000	0.118104388
8897	1.750000000	0.118104388
8898	1.762500000	0.118104388
8899	1.775000000	0.118104388
8900	1.787500000	0.118104388
8901	1.800000000	0.118104388
8902	1.812500000	0.118104388
8903	1.825000000	0.118104388
8904	1.837500000	0.118104388
8905	1.850000000	0.118104388
8906	1.862500000	0.118104388
8907	1.875000000	0.118104388
8908	1.887500000	0.118104388
8909	1.900000000	0.118104388
8910	1.912500000	0.118104388
8911	1.925000000	0.118104388
8912	1.937500000	0.118104388
8913	1.950000000	0.118104388
8914	1.962500000	0.118104388
8915	1.975000000	0.118104388
8916	1.987500000	0.118104388
8917	2.000000000	0.118104388
8918	-1.000000000	0.124789779
8919	-0.987500000	0.124789779
8920	-0.975000000	0.124789779
8921	-0.962500000	0.124789779
8922	-0.950000000	0.124789779
8923	-0.937500000	0.124789779
8924	-0.925000000	0.124789779
8925	-0.912500000	0.124789779
8926	-0.900000000	0.124789779
8927	-0.887500000	0.124789779
8928	-0.875000000	0.124789779
8929	-0.862500000	0.124789779
8930	-0.850000000	0.124789779
8931	-0.837500000	0.124789779
8932	-0.825000000	0.124789779
8933	-0.812500000	0.124789779
8934	-0.800000000	0.124789779
8935	-0.787500000	0.124789779
8936	-0.775000000	0.124789779
8937	-0.762500000	0.124789779
8938	-0.750000000	0.124789779
8939	-0.737500000	0.124789779
8940	-0.725000000	0.124789779
8941	-0.712500000	0.124789779
8942	-0.700000000	0.124789779
8943	-0.687500000	0.124789779
8944	-0.675000000	0.124789779
8945	-0.662500000	0.124789779
8946	-0.650000000	0.124789779
8947	-0.637500000	0.124789779
8948	-0.625000000	0.124789779
8949	-0.612500000	0.124789779
8950	-0.600000000	0.124789779
8951	-0.587500000	0.124789779
8952	-0.575000000	0.124789779
8953	-0.562500000	0.124789779
8954	-0.550000000	0.124789779
8955	-0.537500000	0.124789779
8956	-0.525000000	0.124789779
8957	-0.512500000	0.124789779
8958	-0.500000000	0.124789779
8959	-0.487500000	0.124789779
8960	-0.475000000	0.124789779
8961	-0.462500000	0.124789779
8962	-0.450000000	0.124789779
8963	-0.437500000	0.124789779
8964	-0.425000000	0.124789779
8965	-0.412500000	0.124789779
8966	-0.400000000	0.124789779
8967	-0.387500000	0.124789779
8968	-0.375000000	0.124789779
8969	-0.362500000	0.124789779
8970	-0.350000000	0.124789779
8971	-0.337500000	0.124789779
8972	-0.325000000	0.124789779
8973	-0.312500000	0.124789779
8974	-0.300000000	0.124789779
8975	-0.287500000	0.124789779
8976	-0.275000000	0.124789779
8977	-0.262500000	0.124789779
8978	-0.250000000	0.124789779
8979	-0.237500000	0.124789779
8980	-0.225000000	0.124789779
8981	-0.212500000	0.124789779
8982	-0.200000000	0.124789779
8983	-0.187500000	0.124789779
8984	-0.175000000	0.124789779
8985	-0.162500000	0.124789779
8986	-0.150000000	0.124789779
8987	-0.137500000	0.124789779
8988	-0.125000000	0.124789779
8989	-0.112500000	0.124789779
8990	-0.100000000	0.124789779
8991	-0.087500000	0.124789779
8992	-0.075000000	0.124789779
8993	-0.062500000	0.124789779
8994	-0.050000000	0.124789779
8995	-0.037500000	0.124789779
8996	-0.025000000	0.124789779
8997	-0.012500000	0.124789779
8998	0.000000000	0.124789779
8999	0.012500000	0.126164203
9000	0.025000000	0.127536508
9001	0.037500000	0.128904577
9002	0.050000000	0.130266301
9003	0.062500000	0.131619581
9004	0.075000000	0.132962330
9005	0.087500000	0.134292478
9006	0.100000000	0.135607973
9007	0.112500000	0.136906787
9008	0.125000000	0.138186917
9009	0.137500000	0.139446391
9010	0.150000000	0.140683264
9011	0.162500000	0.141895632
9012	0.175000000	0.143081623
9013	0.187500000	0.144239409
9014	0.200000000	0.145367206
9015	0.212500000	0.146463273
9016	0.225000000	0.147525922
9017	0.237500000	0.148553513
9018	0.250000000	0.149544463
9019	0.262500000	0.150497242
9020	0.275000000	0.151410382
9021	0.287500000	0.152282476
9022	0.300000000	0.153112177
9023	0.312500000	0.153898208
9024	0.325000000	0.154639355
9025	0.337500000	0.155334476
9026	0.350000000	0.155982500
9027	0.362500000	0.156582427
9028	0.375000000	0.157133332
9029	0.387500000	0.157634365
9030	0.400000000	0.158084755
9031	0.412500000	0.158483806
9032	0.425000000	0.158830903
9033	0.437500000	0.159125511
9034	0.450000000	0.159367177
9035	0.462500000	0.159555526
9036	0.475000000	0.159690269
9037	0.487500000	0.159771198
9038	0.500000000	0.159798188
9039	0.512500000	0.159771198
9040	0.525000000	0.159690269
9041	0.537500000	0.159555526
9042	0.550000000	0.159367177
9043	0.562500000	0.159125511
9044	0.575000000	0.158830903
9045	0.587500000	0.158483806
9046	0.600000000	0.158084755
9047	0.612500000	0.157634365
9048	0.625000000	0.157133332
9049	0.637500000	0.156582427
9050	0.650000000	0.155982500
9051	0.662500000	0.155334476
9052	0.675000000	0.154639355
9053	0.687500000	0.153898208
9054	0.700000000	0.153112177
9055	0.712500000	0.152282476
9056	0.725000000	0.151410382
9057	0.737500000	0.150497242
9058	0.750000000	0.149544463
9059	0.762500000	0.148553513
9060	0.775000000	0.147525922
9061	0.787500000	0.146463273
9062	0.800000000	0.145367206
9063	0.812500000	0.144239409
9064	0.825000000	0.143081623
9065	0.837500000	0.141895632
9066	0.850000000	0.140683264
9067	0.862500000	0.139446391
9068	0.875000000	0.138186917
9069	0.887500000	0.136906787
9070	0.900000000	0.135607973
9071	0.912500000	0.134292478
9072	0.925000000	0.132962330
9073	0.937500000	0.131619581
9074	0.950000000	0.130266301
9075	0.962500000	0.128904577
9076	0.975000000	0.127536508
9077	0.987500000	0.126164203
9078	1.000000000	0.124789779
9079	1.012500000	0.124789779
9080	1.025000000	0.124789779
9081	1.037500000	0.124789779
9082	1.050000000	0.124789779
9083	1.062500000	0.124789779
9084	1.075000000	0.124789779
9085	1.087500000	0.124789779
9086	1.100000000	0.124789779
9087	1.112500000	0.124789779
9088	1.125000000	0.124789779
9089	1.137500000	0.124789779
9090	1.150000000	0.124789779
9091	1.162500000	0.124789779
9092	1.175000000	0.124789779
9093	1.187500000	0.124789779
9094	1.200000000	0.124789779
9095	1.212500000	0.124789779
9096	1.225000000	0.124789779
9097	1.237500000	0.124789779
9098	1.250000000	0.124789779
9099	1.262500000	0.124789779
9100	1.275000000	0.124789779
9101	1.287500000	0.124789779
9102	1.300000000	0.124789779
9103	1.312500000	0.124789779
9104	1.325000000	0.124789779
9105	1.337500000	0.124789779
9106	1.350000000	0.124789779
9107	1.362500000	0.124789779
9108	1.375000000	0.124789779
9109	1.387500000	0.124789779
9110	1.400000000	0.124789779
9111	1.412500000	0.124789779
9112	1.425000000	0.124789779
9113	1.437500000	0.124789779
9114	1.450000000	0.124789779
9115	1.462500000	0.124789779
9116	1.475000000	0.124789779
9117	1.487500000	0.124789779
9118	1.500000000	0.124789779
9119	1.512500000	0.124789779
9120	1.525000000	0.124789779
9121	1.537500000	0.124789779
9122	1.550000000	0.124789779
9123	1.562500000	0.124789779
9124	1.575000000	0.124789779
9125	1.587500000	0.124789779
9126	1.600000000	0.124789779
9127	1.612500000	0.124789779
9128	1.625000000	0.124789779
9129	1.637500000	0.124789779
9130	1.650000000	0.124789779
9131	1.662500000	0.124789779
9132	1.675000000	0.124789779
9133	1.687500000	0.124789779
9134	1.700000000	0.124789779
9135	1.712500000	0.124789779
9136	1.725000000	0.124789779
9137	1.737500000	0.124789779
9138	1.750000000	0.124789779
9139	1.762500000	0.124789779
9140	1.775000000	0.124789779
9141	1.787500000	0.124789779
9142	1.800000000	0.124789779
9143	1.812500000	0.124789779
9144	1.825000000	0.124789779
9145	1.837500000	0.124789779
9146	1.850000000	0.124789779
9147	1.862500000	0.124789779
9148	1.875000000	0.124789779
9149	1.887500000	0.124789779
9150	1.900000000	0.124789779
9151	1.912500000	0.124789779
9152	1.925000000	0.124789779
9153	1.937500000	0.124789779
9154	1.950000000	0.124789779
9155	1.962500000	0.124789779
9156	1.975000000	0.124789779
9157	1.987500000	0.124789779
9158	2.000000000	0.124789779
9159	-1.000000000	0.131776013
9160	-0.987500000	0.131776013
9161	-0.975000000	0.131776013
9162	-0.962500000	0.131776013
9163	-0.950000000	0.131776013
9164	-0.937500000	0.131776013
9165	-0.925000000	0.131776013
9166	-0.912500000	0.131776013
9167	-0.900000000	0.131776013
9168	-0.887500000	0.131776013
9169	-0.875000000	0.131776013
9170	-0.862500000	0.131776013
9171	-0.850000000	0.131776013
9172	-0.837500000	0.131776013
9173	-0.825000000	0.131776013
9174	-0.812500000	0.131776013
9175	-0.800000000	0.131776013
9176	-0.787500000	0.131776013
9177	-0.775000000	0.131776013
9178	-0.762500000	0.131776013
9179	-0.750000000	0.131776013
9180	-0.737500000	0.131776013
9181	-0.725000000	0.131776013
9182	-0.712500000	0.131776013
9183	-0.700000000	0.131776013
9184	-0.687500000	0.131776013
9185	-0.675000000	0.131776013
9186	-0.662500000	0.131776013
9187	-0.650000000	0.131776013
9188	-0.637500000	0.131776013
9189	-0.625000000	0.131776013
9190	-0.612500000	0.131776013
9191	-0.600000000	0.131776013
9192	-0.587500000	0.131776013
9193	-0.575000000	0.131776013
9194	-0.562500000	0.131776013
9195	-0.550000000	0.131776013
9196	-0.537500000	0.131776013
9197	-0.525000000	0.131776013
9198	-0.512500000	0.131776013
9199	-0.500000000	0.131776013
9200	-0.487500000	0.131776013
9201	-0.475000000	0.131776013
9202	-0.462500000	0.131776013
9203	-0.450000000	0.131776013
9204	-0.437500000	0.131776013
9205	-0.425000000	0.131776013
9206	-0.412500000	0.131776013
9207	-0.400000000	0.131776013
9208	-0.387500000	0.131776013
9209	-0.375000000	0.131776013
9210	-0.362500000	0.131776013
9211	-0.350000000	0.131776013
9212	-0.337500000	0.131776013
9213	-0.325000000	0.131776013
9214	-0.312500000	0.131776013
9215	-0.300000000	0.131776013
9216	-0.287500000	0.131776013
9217	-0.275000000	0.131776013
9218	-0.262500000	0.131776013
9219	-0.250000000	0.131776013
9220	-0.237500000	0.131776013
9221	-0.225000000	0.131776013
9222	-0.212500000	0.131776013
9223	-0.200000000	0.131776013
9224	-0.187500000	0.131776013
9225	-0.175000000	0.131776013
9226	-0.162500000	0.131776013
9227	-0.150000000	0.131776013
9228	-0.137500000	0.131776013
9229	-0.125000000	0.131776013
9230	-0.112500000	0.131776013
9231	-0.100000000	0.131776013
9232	-0.087500000	0.131776013
9233	-0.075000000	0.131776013
9234	-0.062500000	0.131776013
9235	-0.050000000	0.131776013
9236	-0.037500000	0.131776013
9237	-0.025000000	0.131776013
9238	-0.012500000	0.131776013
9239	0.000000000	0.131776013
9240	0.012500000	0.133139466
9241	0.025000000	0.134500816
9242	0.037500000	0.135857965
9243	0.050000000	0.137208819
9244	0.062500000	0.138551297
9245	0.075000000	0.139883328
9246	0.087500000	0.141202857
9247	0.100000000	0.142507852
9248	0.112500000	0.143796298
9249	0.125000000	0.145066210
9250	0.137500000	0.146315630
9251	0.150000000	0.147542631
9252	0.162500000	0.148745320
9253	0.175000000	0.149921844
9254	0.187500000	0.151070389
9255	0.200000000	0.152189183
9256	0.212500000	0.153276502
9257	0.225000000	0.154330668
9258	0.237500000	0.155350057
9259	0.250000000	0.156333096
9260	0.262500000	0.157278270
9261	0.275000000	0.158184121
9262	0.287500000	0.159049253
9263	0.300000000	0.159872331
9264	0.312500000	0.160652087
9265	0.325000000	0.161387319
9266	0.337500000	0.162076891
9267	0.350000000	0.162719742
9268	0.362500000	0.163314880
9269	0.375000000	0.163861388
9270	0.387500000	0.164358422
9271	0.400000000	0.164805216
9272	0.412500000	0.165201082
9273	0.425000000	0.165545409
9274	0.437500000	0.165837665
9275	0.450000000	0.166077401
9276	0.462500000	0.166264247
9277	0.475000000	0.166397915
9278	0.487500000	0.166478198
9279	0.500000000	0.166504972
9280	0.512500000	0.166478198
9281	0.525000000	0.166397915
9282	0.537500000	0.166264247
9283	0.550000000	0.166077401
9284	0.562500000	0.165837665
9285	0.575000000	0.165545409
9286	0.587500000	0.165201082
9287	0.600000000	0.164805216
9288	0.612500000	0.164358422
9289	0.625000000	0.163861388
9290	0.637500000	0.163314880
9291	0.650000000	0.162719742
9292	0.662500000	0.162076891
9293	0.675000000	0.161387319
9294	0.687500000	0.160652087
9295	0.700000000	0.159872331
9296	0.712500000	0.159049253
9297	0.725000000	0.158184121
9298	0.737500000	0.157278270
9299	0.750000000	0.156333096
9300	0.762500000	0.155350057
9301	0.775000000	0.154330668
9302	0.787500000	0.153276502
9303	0.800000000	0.152189183
9304	0.812500000	0.151070389
9305	0.825000000	0.149921844
9306	0.837500000	0.148745320
9307	0.850000000	0.147542631
9308	0.862500000	0.146315630
9309	0.875000000	0.145066210
9310	0.887500000	0.143796298
9311	0.900000000	0.142507852
9312	0.912500000	0.141202857
9313	0.925000000	0.139883328
9314	0.937500000	0.138551297
9315	0.950000000	0.137208819
9316	0.962500000	0.135857965
9317	0.975000000	0.134500816
9318	0.987500000	0.133139466
9319	1.000000000	0.131776013
9320	1.012500000	0.131776013
9321	1.025000000	0.131776013
9322	1.037500000	0.131776013
9323	1.050000000	0.131776013
9324	1.062500000	0.131776013
9325	1.075000000	0.131776013
9326	1.087500000	0.131776013
9327	1.100000000	0.131776013
9328	1.112500000	0.131776013
9329	1.125000000	0.131776013
9330	1.137500000	0.131776013
9331	1.150000000	0.131776013
9332	1.162500000	0.131776013
9333	1.175000000	0.131776013
9334	1.187500000	0.131776013
9335	1.200000000	0.131776013
9336	1.212500000	0.131776013
9337	1.225000000	0.131776013
9338	1.237500000	0.131776013
9339	1.250000000	0.131776013
9340	1.262500000	0.131776013
9341	1.275000000	0.131776013
9342	1.287500000	0.131776013
9343	1.300000000	0.131776013
9344	1.312500000	0.131776013
9345	1.325000000	0.131776013
9346	1.337500000	0.131776013
9347	1.350000000	0.131776013
9348	1.362500000	0.131776013
9349	1.375000000	0.131776013
9350	1.387500000	0.131776013
9351	1.400000000	0.131776013
9352	1.412500000	0.131776013
9353	1.425000000	0.131776013
9354	1.437500000	0.131776013
9355	1.450000000	0.131776013
9356	1.462500000	0.131776013
9357	1.475000000	0.131776013
9358	1.487500000	0.131776013
9359	1.500000000	0.131776013
9360	1.512500000	0.131776013
9361	1.525000000	0.131776013
9362	1.537500000	0.131776013
9363	1.550000000	0.131776013
9364	1.562500000	0.131776013
9365	1.575000000	0.131776013
9366	1.587500000	0.131776013
9367	1.600000000	0.131776013
9368	1.612500000	0.131776013
9369	1.625000000	0.131776013
9370	1.637500000	0.131776013
9371	1.650000000	0.131776013
9372	1.662500000	0.131776013
9373	1.675000000	0.131776013
9374	1.687500000	0.131776013
9375	1.700000000	0.131776013
9376	1.712500000	0.131776013
9377	1.725000000	0.131776013
9378	1.737500000	0.131776013
9379	1.750000000	0.131776013
9380	1.762500000	0.131776013
9381	1.775000000	0.131776013
9382	1.787500000	0.131776013
9383	1.800000000	0.131776013
9384	1.812500000	0.131776013
9385	1.825000000	0.131776013
9386	1.837500000	0.131776013
9387	1.850000000	0.131776013
9388	1.862500000	0.131776013
9389	1.875000000	0.131776013
9390	1.887500000	0.131776013
9391	1.900000000	0.131776013
9392	1.912500000	0.131776013
9393	1.925000000	0.131776013
9394	1.937500000	0.131776013
9395	1.950000000	0.131776013
9396	1.962500000	0.131776013
9397	1.975000000	0.131776013
9398	1.987500000	0.131776013
9399	2.000000000	0.131776013
9400	-1.000000000	0.139076627
9401	-0.987500000	0.139076627
9402	-0.975000000	0.139076627
9403	-0.962500000	0.139076627
9404	-0.950000000	0.139076627
9405	-0.937500000	0.139076627
9406	-0.925000000	0.139076627
9407	-0.912500000	0.139076627
9408	-0.900000000	0.139076627
9409	-0.887500000	0.139076627
9410	-0.875000000	0.139076627
9411	-0.862500000	0.139076627
9412	-0.850000000	0.139076627
9413	-0.837500000	0.139076627
9414	-0.825000000	0.139076627
9415	-0.812500000	0.139076627
9416	-0.800000000	0.139076627
9417	-0.787500000	0.139076627
9418	-0.775000000	0.139076627
9419	-0.762500000	0.139076627
9420	-0.750000000	0.139076627
9421	-0.737500000	0.139076627
9422	-0.725000000	0.139076627
9423	-0.712500000	0.139076627
9424	-0.700000000	0.139076627
9425	-0.687500000	0.139076627
9426	-0.675000000	0.139076627
9427	-0.662500000	0.139076627
9428	-0.650000000	0.139076627
9429	-0.637500000	0.139076627
9430	-0.625000000	0.139076627
9431	-0.612500000	0.139076627
9432	-0.600000000	0.139076627
9433	-0.587500000	0.139076627
9434	-0.575000000	0.139076627
9435	-0.562500000	0.139076627
9436	-0.550000000	0.139076627
9437	-0.537500000	0.139076627
9438	-0.525000000	0.139076627
9439	-0.512500000	0.139076627
9440	-0.500000000	0.139076627
9441	-0.487500000	0.139076627
9442	-0.475000000	0.139076627
9443	-0.462500000	0.139076627
9444	-0.450000000	0.139076627
9445	-0.437500000	0.139076627
9446	-0.425000000	0.139076627
9447	-0.412500000	0.139076627
9448	-0.400000000	0.139076627
9449	-0.387500000	0.139076627
9450	-0.375000000	0.139076627
9451	-0.362500000	0.139076627
9452	-0.350000000	0.139076627
9453	-0.337500000	0.139076627
9454	-0.325000000	0.139076627
9455	-0.312500000	0.139076627
9456	-0.300000000	0.139076627
9457	-0.287500000	0.139076627
9458	-0.275000000	0.139076627
9459	-0.262500000	0.139076627
9460	-0.250000000	0.139076627
9461	-0.237500000	0.139076627
9462	-0.225000000	0.139076627
9463	-0.212500000	0.139076627
9464	-0.200000000	0.139076627
9465	-0.187500000	0.139076627
9466	-0.175000000	0.139076627
9467	-0.162500000	0.139076627
9468	-0.150000000	0.139076627
9469	-0.137500000	0.139076627
9470	-0.125000000	0.139076627
9471	-0.112500000	0.139076627
9472	-0.100000000	0.139076627
9473	-0.087500000	0.139076627
9474	-0.075000000	0.139076627
9475	-0.062500000	0.139076627
9476	-0.050000000	0.139076627
9477	-0.037500000	0.139076627
9478	-0.025000000	0.139076627
9479	-0.012500000	0.139076627
9480	0.000000000	0.139076627
9481	0.012500000	0.140428615
9482	0.025000000	0.141778518
9483	0.037500000	0.143124255
9484	0.050000000	0.144463751
9485	0.062500000	0.145794940
9486	0.075000000	0.147115770
9487	0.087500000	0.148424204
9488	0.100000000	0.149718225
9489	0.112500000	0.150995838
9490	0.125000000	0.152255072
9491	0.137500000	0.153493985
9492	0.150000000	0.154710668
9493	0.162500000	0.155903245
9494	0.175000000	0.157069876
9495	0.187500000	0.158208763
9496	0.200000000	0.159318150
9497	0.212500000	0.160396325
9498	0.225000000	0.161441627
9499	0.237500000	0.162452444
9500	0.250000000	0.163427217
9501	0.262500000	0.164364444
9502	0.275000000	0.165262678
9503	0.287500000	0.166120535
9504	0.300000000	0.166936693
9505	0.312500000	0.167709892
9506	0.325000000	0.168438941
9507	0.337500000	0.169122715
9508	0.350000000	0.169760161
9509	0.362500000	0.170350294
9510	0.375000000	0.170892206
9511	0.387500000	0.171385061
9512	0.400000000	0.171828098
9513	0.412500000	0.172220635
9514	0.425000000	0.172562067
9515	0.437500000	0.172851866
9516	0.450000000	0.173089586
9517	0.462500000	0.173274861
9518	0.475000000	0.173407404
9519	0.487500000	0.173487012
9520	0.500000000	0.173513562
9521	0.512500000	0.173487012
9522	0.525000000	0.173407404
9523	0.537500000	0.173274861
9524	0.550000000	0.173089586
9525	0.562500000	0.172851866
9526	0.575000000	0.172562067
9527	0.587500000	0.172220635
9528	0.600000000	0.171828098
9529	0.612500000	0.171385061
9530	0.625000000	0.170892206
9531	0.637500000	0.170350294
9532	0.650000000	0.169760161
9533	0.662500000	0.169122715
9534	0.675000000	0.168438941
9535	0.687500000	0.167709892
9536	0.700000000	0.166936693
9537	0.712500000	0.166120535
9538	0.725000000	0.165262678
9539	0.737500000	0.164364444
9540	0.750000000	0.163427217
9541	0.762500000	0.162452444
9542	0.775000000	0.161441627
9543	0.787500000	0.160396325
9544	0.800000000	0.159318150
9545	0.812500000	0.158208763
9546	0.825000000	0.157069876
9547	0.837500000	0.155903245
9548	0.850000000	0.154710668
9549	0.862500000	0.153493985
9550	0.875000000	0.152255072
9551	0.887500000	0.150995838
9552	0.900000000	0.149718225
9553	0.912500000	0.148424204
9554	0.925000000	0.147115770
9555	0.937500000	0.145794940
9556	0.950000000	0.144463751
9557	0.962500000	0.143124255
9558	0.975000000	0.141778518
9559	0.987500000	0.140428615
9560	1.000000000	0.139076627
9561	1.012500000	0.139076627
9562	1.025000000	0.139076627
9563	1.037500000	0.139076627
9564	1.050000000	0.139076627
9565	1.062500000	0.139076627
9566	1.075000000	0.139076627
9567	1.087500000	0.139076627
9568	1.100000000	0.139076627
9569	1.112500000	0.139076627
9570	1.125000000	0.139076627
9571	1.137500000	0.139076627
9572	1.150000000	0.139076627
9573	1.162500000	0.139076627
9574	1.175000000	0.139076627
9575	1.187500000	0.139076627
9576	1.200000000	0.139076627
9577	1.212500000	0.139076627
9578	1.225000000	0.139076627
9579	1.237500000	0.139076627
9580	1.250000000	0.139076627
9581	1.262500000	0.139076627
9582	1.275000000	0.139076627
9583	1.287500000	0.139076627
9584	1.300000000	0.139076627
9585	1.312500000	0.139076627
9586	1.325000000	0.139076627
9587	1.337500000	0.139076627
9588	1.350000000	0.139076627
9589	1.362500000	0.139076627
9590	1.375000000	0.139076627
9591	1.387500000	0.139076627
9592	1.400000000	0.139076627
9593	1.412500000	0.139076627
9594	1.425000000	0.139076627
9595	1.437500000	0.139076627
9596	1.450000000	0.139076627
9597	1.462500000	0.139076627
9598	1.475000000	0.139076627
9599	1.487500000	0.139076627
9600	1.500000000	0.139076627
9601	1.512500000	0.139076627
9602	1.525000000	0.139076627
9603	1.537500000	0.139076627
9604	1.550000000	0.139076627
9605	1.562500000	0.139076627
9606	1.575000000	0.139076627
9607	1.587500000	0.139076627
9608	1.600000000	0.139076627
9609	1.612500000	0.139076627
9610	1.625000000	0.139076627
9611	1.637500000	0.139076627
9612	1.650000000	0.139076627
9613	1.662500000	0.139076627
9614	1.675000000	0.139076627
9615	1.687500000	0.139076627
9616	1.700000000	0.139076627
9617	1.712500000	0.139076627
9618	1.725000000	0.139076627
9619	1.737500000	0.139076627
9620	1.750000000	0.139076627
9621	1.762500000	0.139076627
9622	1.775000000	0.139076627
9623	1.787500000	0.139076627
9624	1.800000000	0.139076627
9625	1.812500000	0.139076627
9626	1.825000000	0.139076627
9627	1.837500000	0.139076627
9628	1.850000000	0.139076627
9629	1.862500000	0.139076627
9630	1.875000000	0.139076627
9631	1.887500000	0.139076627
9632	1.900000000	0.139076627
9633	1.912500000	0.139076627
9634	1.925000000	0.139076627
9635	1.937500000	0.139076627
9636	1.950000000	0.139076627
9637	1.962500000	0.139076627
9638	1.975000000	0.139076627
9639	1.987500000	0.139076627
9640	2.000000000	0.139076627
9641	-1.000000000	0.146705769
9642	-0.987500000	0.146705769
9643	-0.975000000	0.146705769
9644	-0.962500000	0.146705769
9645	-0.950000000	0.146705769
9646	-0.937500000	0.146705769
9647	-0.925000000	0.146705769
9648	-0.912500000	0.146705769
9649	-0.900000000	0.146705769
9650	-0.887500000	0.146705769
9651	-0.875000000	0.146705769
9652	-0.862500000	0.146705769
9653	-0.850000000	0.146705769
9654	-0.837500000	0.146705769
9655	-0.825000000	0.146705769
9656	-0.812500000	0.146705769
9657	-0.800000000	0.146705769
9658	-0.787500000	0.146705769
9659	-0.775000000	0.146705769
9660	-0.762500000	0.146705769
9661	-0.750000000	0.146705769
9662	-0.737500000	0.146705769
9663	-0.725000000	0.146705769
9664	-0.712500000	0.146705769
9665	-0.700000000	0.146705769
9666	-0.687500000	0.146705769
9667	-0.675000000	0.146705769
9668	-0.662500000	0.146705769
9669	-0.650000000	0.146705769
9670	-0.637500000	0.146705769
9671	-0.625000000	0.146705769
9672	-0.612500000	0.146705769
9673	-0.600000000	0.146705769
9674	-0.587500000	0.146705769
9675	-0.575000000	0.146705769
9676	-0.562500000	0.146705769
9677	-0.550000000	0.146705769
9678	-0.537500000	0.146705769
9679	-0.525000000	0.146705769
9680	-0.512500000	0.146705769
9681	-0.500000000	0.146705769
9682	-0.487500000	0.146705769
9683	-0.475000000	0.146705769
9684	-0.462500000	0.146705769
9685	-0.450000000	0.146705769
9686	-0.437500000	0.146705769
9687	-0.425000000	0.146705769
9688	-0.412500000	0.146705769
9689	-0.400000000	0.146705769
9690	-0.387500000	0.146705769
9691	-0.375000000	0.146705769
9692	-0.362500000	0.146705769
9693	-0.350000000	0.146705769
9694	-0.337500000	0.146705769
9695	-0.325000000	0.146705769
9696	-0.312500000	0.146705769
9697	-0.300000000	0.146705769
9698	-0.287500000	0.146705769
9699	-0.275000000	0.146705769
9700	-0.262500000	0.146705769
9701	-0.250000000	0.146705769
9702	-0.237500000	0.146705769
9703	-0.225000000	0.146705769
9704	-0.212500000	0.146705769
9705	-0.200000000	0.146705769
9706	-0.187500000	0.146705769
9707	-0.175000000	0.146705769
9708	-0.162500000	0.146705769
9709	-0.150000000	0.146705769
9710	-0.137500000	0.146705769
9711	-0.125000000	0.146705769
9712	-0.112500000	0.146705769
9713	-0.100000000	0.146705769
9714	-0.087500000	0.146705769
9715	-0.075000000	0.146705769
9716	-0.062500000	0.146705769
9717	-0.050000000	0.146705769
9718	-0.037500000	0.146705769
9719	-0.025000000	0.146705769
9720	-0.012500000	0.146705769
9721	0.000000000	0.146705769
9722	0.012500000	0.148045776
9723	0.025000000	0.149383717
9724	0.037500000	0.150717528
9725	0.050000000	0.152045154
9726	0.062500000	0.153364547
9727	0.075000000	0.154673672
9728	0.087500000	0.155970512
9729	0.100000000	0.157253066
9730	0.112500000	0.158519356
9731	0.125000000	0.159767431
9732	0.137500000	0.160995366
9733	0.150000000	0.162201268
9734	0.162500000	0.163383276
9735	0.175000000	0.164539569
9736	0.187500000	0.165668364
9737	0.200000000	0.166767919
9738	0.212500000	0.167836541
9739	0.225000000	0.168872580
9740	0.237500000	0.169874439
9741	0.250000000	0.170840574
9742	0.262500000	0.171769495
9743	0.275000000	0.172659770
9744	0.287500000	0.173510025
9745	0.300000000	0.174318950
9746	0.312500000	0.175085298
9747	0.325000000	0.175807886
9748	0.337500000	0.176485601
9749	0.350000000	0.177117398
9750	0.362500000	0.177702302
9751	0.375000000	0.178239412
9752	0.387500000	0.178727899
9753	0.400000000	0.179167010
9754	0.412500000	0.179556069
9755	0.425000000	0.179894475
9756	0.437500000	0.180181706
9757	0.450000000	0.180417319
9758	0.462500000	0.180600952
9759	0.475000000	0.180732321
9760	0.487500000	0.180811224
9761	0.500000000	0.180837538
9762	0.512500000	0.180811224
9763	0.525000000	0.180732321
9764	0.537500000	0.180600952
9765	0.550000000	0.180417319
9766	0.562500000	0.180181706
9767	0.575000000	0.179894475
9768	0.587500000	0.179556069
9769	0.600000000	0.179167010
9770	0.612500000	0.178727899
9771	0.625000000	0.178239412
9772	0.637500000	0.177702302
9773	0.650000000	0.177117398
9774	0.662500000	0.176485601
9775	0.675000000	0.175807886
9776	0.687500000	0.175085298
9777	0.700000000	0.174318950
9778	0.712500000	0.173510025
9779	0.725000000	0.172659770
9780	0.737500000	0.171769495
9781	0.750000000	0.170840574
9782	0.762500000	0.169874439
9783	0.775000000	0.168872580
9784	0.787500000	0.167836541
9785	0.800000000	0.166767919
9786	0.812500000	0.165668364
9787	0.825000000	0.164539569
9788	0.837500000	0.163383276
9789	0.850000000	0.162201268
9790	0.862500000	0.160995366
9791	0.875000000	0.159767431
9792	0.887500000	0.158519356
9793	0.900000000	0.157253066
9794	0.912500000	0.155970512
9795	0.925000000	0.154673672
9796	0.937500000	0.153364547
9797	0.950000000	0.152045154
9798	0.962500000	0.150717528
9799	0.975000000	0.149383717
9800	0.987500000	0.148045776
9801	1.000000000	0.146705769
9802	1.012500000	0.146705769
9803	1.025000000	0.146705769
9804	1.037500000	0.146705769
9805	1.050000000	0.146705769
9806	1.062500000	0.146705769
9807	1.075000000	0.146705769
9808	1.087500000	0.146705769
9809	1.100000000	0.146705769
9810	1.112500000	0.146705769
9811	1.125000000	0.146705769
9812	1.137500000	0.146705769
9813	1.150000000	0.146705769
9814	1.162500000	0.146705769
9815	1.175000000	0.146705769
9816	1.187500000	0.146705769
9817	1.200000000	0.146705769
9818	1.212500000	0.146705769
9819	1.225000000	0.146705769
9820	1.237500000	0.146705769
9821	1.250000000	0.146705769
9822	1.262500000	0.146705769
9823	1.275000000	0.146705769
9824	1.287500000	0.146705769
9825	1.300000000	0.146705769
9826	1.312500000	0.146705769
9827	1.325000000	0.146705769
9828	1.337500000	0.146705769
9829	1.350000000	0.146705769
9830	1.362500000	0.146705769
9831	1.375000000	0.146705769
9832	1.387500000	0.146705769
9833	1.400000000	0.146705769
9834	1.412500000	0.146705769
9835	1.425000000	0.146705769
9836	1.437500000	0.146705769
9837	1.450000000	0.146705769
9838	1.462500000	0.146705769
9839	1.475000000	0.146705769
9840	1.487500000	0.146705769
9841	1.500000000	0.146705769
9842	1.512500000	0.146705769
9843	1.525000000	0.146705769
9844	1.537500000	0.146705769
9845	1.550000000	0.146705769
9846	1.562500000	0.146705769
9847	1.575000000	0.146705769
9848	1.587500000	0.146705769
9849	1.600000000	0.146705769
9850	1.612500000	0.146705769
9851	1.625000000	0.146705769
9852	1.637500000	0.146705769
9853	1.650000000	0.146705769
9854	1.662500000	0.146705769
9855	1.675000000	0.146705769
9856	1.687500000	0.146705769
9857	1.700000000	0.146705769
9858	1.712500000	0.146705769
9859	1.725000000	0.146705769
9860	1.737500000	0.146705769
9861	1.750000000	0.146705769
9862	1.762500000	0.146705769
9863	1.775000000	0.146705769
9864	1.787500000	0.146705769
9865	1.800000000	0.146705769
9866	1.812500000	0.146705769
9867	1.825000000	0.146705769
9868	1.837500000	0.146705769
9869	1.850000000	0.146705769
9870	1.862500000	0.146705769
9871	1.875000000	0.146705769
9872	1.887500000	0.146705769
9873	1.900000000	0.146705769
9874	1.912500000	0.146705769
9875	1.925000000	0.146705769
9876	1.937500000	0.146705769
9877	1.950000000	0.146705769
9878	1.962500000	0.146705769
9879	1.975000000	0.146705769
9880	1.987500000	0.146705769
9881	2.000000000	0.146705769
9882	-1.000000000	0.154678222
9883	-0.987500000	0.154678222
9884	-0.975000000	0.154678222
9885	-0.962500000	0.154678222
9886	-0.950000000	0.154678222
9887	-0.937500000	0.154678222
9888	-0.925000000	0.154678222
9889	-0.912500000	0.154678222
9890	-0.900000000	0.154678222
9891	-0.887500000	0.154678222
9892	-0.875000000	0.154678222
9893	-0.862500000	0.154678222
9894	-0.850000000	0.154678222
9895	-0.837500000	0.154678222
9896	-0.825000000	0.154678222
9897	-0.812500000	0.154678222
9898	-0.800000000	0.154678222
9899	-0.787500000	0.154678222
9900	-0.775000000	0.154678222
9901	-0.762500000	0.154678222
9902	-0.750000000	0.154678222
9903	-0.737500000	0.154678222
9904	-0.725000000	0.154678222
9905	-0.712500000	0.154678222
9906	-0.700000000	0.154678222
9907	-0.687500000	0.154678222
9908	-0.675000000	0.154678222
9909	-0.662500000	0.154678222
9910	-0.650000000	0.154678222
9911	-0.637500000	0.154678222
9912	-0.625000000	0.154678222
9913	-0.612500000	0.154678222
9914	-0.600000000	0.154678222
9915	-0.587500000	0.154678222
9916	-0.575000000	0.154678222
9917	-0.562500000	0.154678222
9918	-0.550000000	0.154678222
9919	-0.537500000	0.154678222
9920	-0.525000000	0.154678222
9921	-0.512500000	0.154678222
9922	-0.500000000	0.154678222
9923	-0.487500000	0.154678222
9924	-0.475000000	0.154678222
9925	-0.462500000	0.154678222
9926	-0.450000000	0.154678222
9927	-0.437500000	0.154678222
9928	-0.425000000	0.154678222
9929	-0.412500000	0.154678222
9930	-0.400000000	0.154678222
9931	-0.387500000	0.154678222
9932	-0.375000000	0.154678222
9933	-0.362500000	0.154678222
9934	-0.350000000	0.154678222
9935	-0.337500000	0.154678222
9936	-0.325000000	0.154678222
9937	-0.312500000	0.154678222
9938	-0.300000000	0.154678222
9939	-0.287500000	0.154678222
9940	-0.275000000	0.154678222
9941	-0.262500000	0.154678222
9942	-0.250000000	0.154678222
9943	-0.237500000	0.154678222
9944	-0.225000000	0.154678222
9945	-0.212500000	0.154678222
9946	-0.200000000	0.154678222
9947	-0.187500000	0.154678222
9948	-0.175000000	0.154678222
9949	-0.162500000	0.154678222
9950	-0.150000000	0.154678222
9951	-0.137500000	0.154678222
9952	-0.125000000	0.154678222
9953	-0.112500000	0.154678222
9954	-0.100000000	0.154678222
9955	-0.087500000	0.154678222
9956	-0.075000000	0.154678222
9957	-0.062500000	0.154678222
9958	-0.050000000	0.154678222
9959	-0.037500000	0.154678222
9960	-0.025000000	0.154678222
9961	-0.012500000	0.154678222
9962	0.000000000	0.154678222
9963	0.012500000	0.156005709
9964	0.025000000	0.157331149
9965	0.037500000	0.158652499
9966	0.050000000	0.159967720
9967	0.062500000	0.161274786
9968	0.075000000	0.162571680
9969	0.087500000	0.163856403
9970	0.100000000	0.165126974
9971	0.112500000	0.166381433
9972	0.125000000	0.167617847
9973	0.137500000	0.168834310
9974	0.150000000	0.170028944
9975	0.162500000	0.171199909
9976	0.175000000	0.172345399
9977	0.187500000	0.173463647
9978	0.200000000	0.174552929
9979	0.212500000	0.175611566
9980	0.225000000	0.176637925
9981	0.237500000	0.177630424
9982	0.250000000	0.178587532
9983	0.262500000	0.179507774
9984	0.275000000	0.180389731
9985	0.287500000	0.181232042
9986	0.300000000	0.182033409
9987	0.312500000	0.182792597
9988	0.325000000	0.183508434
9989	0.337500000	0.184179817
9990	0.350000000	0.184805711
9991	0.362500000	0.185385150
9992	0.375000000	0.185917241
9993	0.387500000	0.186401165
9994	0.400000000	0.186836173
9995	0.412500000	0.187221597
9996	0.425000000	0.187556841
9997	0.437500000	0.187841388
9998	0.450000000	0.188074800
9999	0.462500000	0.188256718
10000	0.475000000	0.188386859
10001	0.487500000	0.188465025
10002	0.500000000	0.188491093
10003	0.512500000	0.188465025
10004	0.525000000	0.188386859
10005	0.537500000	0.188256718
10006	0.550000000	0.188074800
10007	0.562500000	0.187841388
10008	0.575000000	0.187556841
10009	0.587500000	0.187221597
10010	0.600000000	0.186836173
10011	0.612500000	0.186401165
10012	0.625000000	0.185917241
10013	0.637500000	0.185385150
10014	0.650000000	0.184805711
10015	0.662500000	0.184179817
10016	0.675000000	0.183508434
10017	0.687500000	0.182792597
10018	0.700000000	0.182033409
10019	0.712500000	0.181232042
10020	0.725000000	0.180389731
10021	0.737500000	0.179507774
10022	0.750000000	0.178587532
10023	0.762500000	0.177630424
10024	0.775000000	0.176637925
10025	0.787500000	0.175611566
10026	0.800000000	0.174552929
10027	0.812500000	0.173463647
10028	0.825000000	0.172345399
10029	0.837500000	0.171199909
10030	0.850000000	0.170028944
10031	0.862500000	0.168834310
10032	0.875000000	0.167617847
10033	0.887500000	0.166381433
10034	0.900000000	0.165126974
10035	0.912500000	0.163856403
10036	0.925000000	0.162571680
10037	0.937500000	0.161274786
10038	0.950000000	0.159967720
10039	0.962500000	0.158652499
10040	0.975000000	0.157331149
10041	0.987500000	0.156005709
10042	1.000000000	0.154678222
10043	1.012500000	0.154678222
10044	1.025000000	0.154678222
10045	1.037500000	0.154678222
10046	1.050000000	0.154678222
10047	1.062500000	0.154678222
10048	1.075000000	0.154678222
10049	1.087500000	0.154678222
10050	1.100000000	0.154678222
10051	1.112500000	0.154678222
10052	1.125000000	0.154678222
10053	1.137500000	0.154678222
10054	1.150000000	0.154678222
10055	1.162500000	0.154678222
10056	1.175000000	0.154678222
10057	1.187500000	0.154678222
10058	1.200000000	0.154678222
10059	1.212500000	0.154678222
10060	1.225000000	0.154678222
10061	1.237500000	0.154678222
10062	1.250000000	0.154678222
10063	1.262500000	0.154678222
10064	1.275000000	0.154678222
10065	1.287500000	0.154678222
10066	1.300000000	0.154678222
10067	1.312500000	0.154678222
10068	1.325000000	0.154678222
10069	1.337500000	0.154678222
10070	1.350000000	0.154678222
10071	1.362500000	0.154678222
10072	1.375000000	0.154678222
10073	1.387500000	0.154678222
10074	1.400000000	0.154678222
10075	1.412500000	0.154678222
10076	1.425000000	0.154678222
10077	1.437500000	0.154678222
10078	1.450000000	0.154678222
10079	1.462500000	0.154678222
10080	1.475000000	0.154678222
10081	1.487500000	0.154678222
10082	1.500000000	0.154678222
10083	1.512500000	0.154678222
10084	1.525000000	0.154678222
10085	1.537500000	0.154678222
10086	1.550000000	0.154678222
10087	1.562500000	0.154678222
10088	1.575000000	0.154678222
10089	1.587500000	0.154678222
10090	1.600000000	0.154678222
10091	1.612500000	0.154678222
10092	1.625000000	0.154678222
10093	1.637500000	0.154678222
10094	1.650000000	0.154678222
10095	1.662500000	0.154678222
10096	1.675000000	0.154678222
10097	1.687500000	0.154678222
10098	1.700000000	0.154678222
10099	1.712500000	0.154678222
10100	1.725000000	0.154678222
10101	1.737500000	0.154678222
10102	1.750000000	0.154678222
10103	1.762500000	0.154678222
10104	1.775000000	0.154678222
10105	1.787500000	0.154678222
10106	1.800000000	0.154678222
10107	1.812500000	0.154678222
10108	1.825000000	0.154678222
10109	1.837500000	0.154678222
10110	1.850000000	0.154678222
10111	1.862500000	0.154678222
10112	1.875000000	0.154678222
10113	1.887500000	0.154678222
10114	1.900000000	0.154678222
10115	1.912500000	0.154678222
10116	1.925000000	0.154678222
10117	1.937500000	0.154678222
10118	1.950000000	0.154678222
10119	1.962500000	0.154678222
10120	1.975000000	0.154678222
10121	1.987500000	0.154678222
10122	2.000000000	0.154678222
10123	-1.000000000	0.163009435
10124	-0.987500000	0.163009435
10125	-0.975000000	0.163009435
10126	-0.962500000	0.163009435
10127	-0.950000000	0.163009435
10128	-0.937500000	0.163009435
10129	-0.925000000	0.163009435
10130	-0.912500000	0.163009435
10131	-0.900000000	0.163009435
10132	-0.887500000	0.163009435
10133	-0.875000000	0.163009435
10134	-0.862500000	0.163009435
10135	-0.850000000	0.163009435
10136	-0.837500000	0.163009435
10137	-0.825000000	0.163009435
10138	-0.812500000	0.163009435
10139	-0.800000000	0.163009435
10140	-0.787500000	0.163009435
10141	-0.775000000	0.163009435
10142	-0.762500000	0.163009435
10143	-0.750000000	0.163009435
10144	-0.737500000	0.163009435
10145	-0.725000000	0.163009435
10146	-0.712500000	0.163009435
10147	-0.700000000	0.163009435
10148	-0.687500000	0.163009435
10149	-0.675000000	0.163009435
10150	-0.662500000	0.163009435
10151	-0.650000000	0.163009435
10152	-0.637500000	0.163009435
10153	-0.625000000	0.163009435
10154	-0.612500000	0.163009435
10155	-0.600000000	0.163009435
10156	-0.587500000	0.163009435
10157	-0.575000000	0.163009435
10158	-0.562500000	0.163009435
10159	-0.550000000	0.163009435
10160	-0.537500000	0.163009435
10161	-0.525000000	0.163009435
10162	-0.512500000	0.163009435
10163	-0.500000000	0.163009435
10164	-0.487500000	0.163009435
10165	-0.475000000	0.163009435
10166	-0.462500000	0.163009435
10167	-0.450000000	0.163009435
10168	-0.437500000	0.163009435
10169	-0.425000000	0.163009435
10170	-0.412500000	0.163009435
10171	-0.400000000	0.163009435
10172	-0.387500000	0.163009435
10173	-0.375000000	0.163009435
10174	-0.362500000	0.163009435
10175	-0.350000000	0.163009435
10176	-0.337500000	0.163009435
10177	-0.325000000	0.163009435
10178	-0.312500000	0.163009435
10179	-0.300000000	0.163009435
10180	-0.287500000	0.163009435
10181	-0.275000000	0.163009435
10182	-0.262500000	0.163009435
10183	-0.250000000	0.163009435
10184	-0.237500000	0.163009435
10185	-0.225000000	0.163009435
10186	-0.212500000	0.163009435
10187	-0.200000000	0.163009435
10188	-0.187500000	0.163009435
10189	-0.175000000	0.163009435
10190	-0.162500000	0.163009435
10191	-0.150000000	0.163009435
10192	-0.137500000	0.163009435
10193	-0.125000000	0.163009435
10194	-0.112500000	0.163009435
10195	-0.100000000	0.163009435
10196	-0.087500000	0.163009435
10197	-0.075000000	0.163009435
10198	-0.062500000	0.163009435
10199	-0.050000000	0.163009435
10200	-0.037500000	0.163009435
10201	-0.025000000	0.163009435
10202	-0.012500000	0.163009435
10203	0.000000000	0.163009435
10204	0.012500000	0.164323839
10205	0.025000000	0.165636216
10206	0.037500000	0.166944543
10207	0.050000000	0.168246802
10208	0.062500000	0.169540986
10209	0.075000000	0.170825098
10210	0.087500000	0.172097159
10211	0.100000000	0.173355208
10212	0.112500000	0.174597304
10213	0.125000000	0.175821532
10214	0.137500000	0.177026005
10215	0.150000000	0.178208866
10216	0.162500000	0.179368290
10217	0.175000000	0.180502490
10218	0.187500000	0.181609717
10219	0.200000000	0.182688264
10220	0.212500000	0.183736467
10221	0.225000000	0.184752711
10222	0.237500000	0.185735428
10223	0.250000000	0.186683104
10224	0.262500000	0.187594276
10225	0.275000000	0.188467540
10226	0.287500000	0.189301550
10227	0.300000000	0.190095019
10228	0.312500000	0.190846724
10229	0.325000000	0.191555506
10230	0.337500000	0.192220272
10231	0.350000000	0.192839998
10232	0.362500000	0.193413726
10233	0.375000000	0.193940573
10234	0.387500000	0.194419727
10235	0.400000000	0.194850449
10236	0.412500000	0.195232073
10237	0.425000000	0.195564013
10238	0.437500000	0.195845756
10239	0.450000000	0.196076868
10240	0.462500000	0.196256993
10241	0.475000000	0.196385851
10242	0.487500000	0.196463246
10243	0.500000000	0.196489058
10244	0.512500000	0.196463246
10245	0.525000000	0.196385851
10246	0.537500000	0.196256993
10247	0.550000000	0.196076868
10248	0.562500000	0.195845756
10249	0.575000000	0.195564013
10250	0.587500000	0.195232073
10251	0.600000000	0.194850449
10252	0.612500000	0.194419727
10253	0.625000000	0.193940573
10254	0.637500000	0.193413726
10255	0.650000000	0.192839998
10256	0.662500000	0.192220272
10257	0.675000000	0.191555506
10258	0.687500000	0.190846724
10259	0.700000000	0.190095019
10260	0.712500000	0.189301550
10261	0.725000000	0.188467540
10262	0.737500000	0.187594276
10263	0.750000000	0.186683104
10264	0.762500000	0.185735428
10265	0.775000000	0.184752711
10266	0.787500000	0.183736467
10267	0.800000000	0.182688264
10268	0.812500000	0.181609717
10269	0.825000000	0.180502490
10270	0.837500000	0.179368290
10271	0.850000000	0.178208866
10272	0.862500000	0.177026005
10273	0.875000000	0.175821532
10274	0.887500000	0.174597304
10275	0.900000000	0.173355208
10276	0.912500000	0.172097159
10277	0.925000000	0.170825098
10278	0.937500000	0.169540986
10279	0.950000000	0.168246802
10280	0.962500000	0.166944543
10281	0.975000000	0.165636216
10282	0.987500000	0.164323839
10283	1.000000000	0.163009435
10284	1.012500000	0.163009435
10285	1.025000000	0.163009435
10286	1.037500000	0.163009435
10287	1.050000000	0.163009435
10288	1.062500000	0.163009435
10289	1.075000000	0.163009435
10290	1.087500000	0.163009435
10291	1.100000000	0.163009435
10292	1.112500000	0.163009435
10293	1.125000000	0.163009435
10294	1.137500000	0.163009435
10295	1.150000000	0.163009435
10296	1.162500000	0.163009435
10297	1.175000000	0.163009435
10298	1.187500000	0.163009435
10299	1.200000000	0.163009435
10300	1.212500000	0.163009435
10301	1.225000000	0.163009435
10302	1.237500000	0.163009435
10303	1.250000000	0.163009435
10304	1.262500000	0.163009435
10305	1.275000000	0.163009435
10306	1.287500000	0.163009435
10307	1.300000000	0.163009435
10308	1.312500000	0.163009435
10309	1.325000000	0.163009435
10310	1.337500000	0.163009435
10311	1.350000000	0.163009435
10312	1.362500000	0.163009435
10313	1.375000000	0.163009435
10314	1.387500000	0.163009435
10315	1.400000000	0.163009435
10316	1.412500000	0.163009435
10317	1.425000000	0.163009435
10318	1.437500000	0.163009435
10319	1.450000000	0.163009435
10320	1.462500000	0.163009435
10321	1.475000000	0.163009435
10322	1.487500000	0.163009435
10323	1.500000000	0.163009435
10324	1.512500000	0.163009435
10325	1.525000000	0.163009435
10326	1.537500000	0.163009435
10327	1.550000000	0.163009435
10328	1.562500000	0.163009435
10329	1.575000000	0.163009435
10330	1.587500000	0.163009435
10331	1.600000000	0.163009435
10332	1.612500000	0.163009435
10333	1.625000000	0.163009435
10334	1.637500000	0.163009435
10335	1.650000000	0.163009435
10336	1.662500000	0.163009435
10337	1.675000000	0.163009435
10338	1.687500000	0.163009435
10339	1.700000000	0.163009435
10340	1.712500000	0.163009435
10341	1.725000000	0.163009435
10342	1.737500000	0.163009435
10343	1.750000000	0.163009435
10344	1.762500000	0.163009435
10345	1.775000000	0.163009435
10346	1.787500000	0.163009435
10347	1.800000000	0.163009435
10348	1.812500000	0.163009435
10349	1.825000000	0.163009435
10350	1.837500000	0.163009435
10351	1.850000000	0.163009435
10352	1.862500000	0.163009435
10353	1.875000000	0.163009435
10354	1.887500000	0.163009435
10355	1.900000000	0.163009435
10356	1.912500000	0.163009435
10357	1.925000000	0.163009435
10358	1.937500000	0.163009435
10359	1.950000000	0.163009435
10360	1.962500000	0.163009435
10361	1.975000000	0.163009435
10362	1.987500000	0.163009435
10363	2.000000000	0.163009435
10364	-1.000000000	0.171715554
10365	-0.987500000	0.171715554
10366	-0.975000000	0.171715554
10367	-0.962500000	0.171715554
10368	-0.950000000	0.171715554
10369	-0.937500000	0.171715554
10370	-0.925000000	0.171715554
10371	-0.912500000	0.171715554
10372	-0.900000000	0.171715554
10373	-0.887500000	0.171715554
10374	-0.875000000	0.171715554
10375	-0.862500000	0.171715554
10376	-0.850000000	0.171715554
10377	-0.837500000	0.171715554
10378	-0.825000000	0.171715554
10379	-0.812500000	0.171715554
10380	-0.800000000	0.171715554
10381	-0.787500000	0.171715554
10382	-0.775000000	0.171715554
10383	-0.762500000	0.171715554
10384	-0.750000000	0.171715554
10385	-0.737500000	0.171715554
10386	-0.725000000	0.171715554
10387	-0.712500000	0.171715554
10388	-0.700000000	0.171715554
10389	-0.687500000	0.171715554
10390	-0.675000000	0.171715554
10391	-0.662500000	0.171715554
10392	-0.650000000	0.171715554
10393	-0.637500000	0.171715554
10394	-0.625000000	0.171715554
10395	-0.612500000	0.171715554
10396	-0.600000000	0.171715554
10397	-0.587500000	0.171715554
10398	-0.575000000	0.171715554
10399	-0.562500000	0.171715554
10400	-0.550000000	0.171715554
10401	-0.537500000	0.171715554
10402	-0.525000000	0.171715554
10403	-0.512500000	0.171715554
10404	-0.500000000	0.171715554
10405	-0.487500000	0.171715554
10406	-0.475000000	0.171715554
10407	-0.462500000	0.171715554
10408	-0.450000000	0.171715554
10409	-0.437500000	0.171715554
10410	-0.425000000	0.171715554
10411	-0.412500000	0.171715554
10412	-0.400000000	0.171715554
10413	-0.387500000	0.171715554
10414	-0.375000000	0.171715554
10415	-0.362500000	0.171715554
10416	-0.350000000	0.171715554
10417	-0.337500000	0.171715554
10418	-0.325000000	0.171715554
10419	-0.312500000	0.171715554
10420	-0.300000000	0.171715554
10421	-0.287500000	0.171715554
10422	-0.275000000	0.171715554
10423	-0.262500000	0.171715554
10424	-0.250000000	0.171715554
10425	-0.237500000	0.171715554
10426	-0.225000000	0.171715554
10427	-0.212500000	0.171715554
10428	-0.200000000	0.171715554
10429	-0.187500000	0.171715554
10430	-0.175000000	0.171715554
10431	-0.162500000	0.171715554
10432	-0.150000000	0.171715554
10433	-0.137500000	0.171715554
10434	-0.125000000	0.171715554
10435	-0.112500000	0.171715554
10436	-0.100000000	0.171715554
10437	-0.087500000	0.171715554
10438	-0.075000000	0.171715554
10439	-0.062500000	0.171715554
10440	-0.050000000	0.171715554
10441	-0.037500000	0.171715554
10442	-0.025000000	0.171715554
10443	-0.012500000	0.171715554
10444	0.000000000	0.171715554
10445	0.012500000	0.173016285
10446	0.025000000	0.174315011
10447	0.037500000	0.175609729
10448	0.050000000	0.176898443
10449	0.062500000	0.178179165
10450	0.075000000	0.179449920
10451	0.087500000	0.180708750
10452	0.100000000	0.181953712
10453	0.112500000	0.183182889
10454	0.125000000	0.184394383
10455	0.137500000	0.185586327
10456	0.150000000	0.186756884
10457	0.162500000	0.187904248
10458	0.175000000	0.189026651
10459	0.187500000	0.190122361
10460	0.200000000	0.191189689
10461	0.212500000	0.192226989
10462	0.225000000	0.193232662
10463	0.237500000	0.194205158
10464	0.250000000	0.195142975
10465	0.262500000	0.196044670
10466	0.275000000	0.196908851
10467	0.287500000	0.197734185
10468	0.300000000	0.198519401
10469	0.312500000	0.199263287
10470	0.325000000	0.199964697
10471	0.337500000	0.200622548
10472	0.350000000	0.201235827
10473	0.362500000	0.201803588
10474	0.375000000	0.202324955
10475	0.387500000	0.202799125
10476	0.400000000	0.203225366
10477	0.412500000	0.203603022
10478	0.425000000	0.203931509
10479	0.437500000	0.204210321
10480	0.450000000	0.204439029
10481	0.462500000	0.204617280
10482	0.475000000	0.204744798
10483	0.487500000	0.204821388
10484	0.500000000	0.204846931
10485	0.512500000	0.204821388
10486	0.525000000	0.204744798
10487	0.537500000	0.204617280
10488	0.550000000	0.204439029
10489	0.562500000	0.204210321
10490	0.575000000	0.203931509
10491	0.587500000	0.203603022
10492	0.600000000	0.203225366
10493	0.612500000	0.202799125
10494	0.625000000	0.202324955
10495	0.637500000	0.201803588
10496	0.650000000	0.201235827
10497	0.662500000	0.200622548
10498	0.675000000	0.199964697
10499	0.687500000	0.199263287
10500	0.700000000	0.198519401
10501	0.712500000	0.197734185
10502	0.725000000	0.196908851
10503	0.737500000	0.196044670
10504	0.750000000	0.195142975
10505	0.762500000	0.194205158
10506	0.775000000	0.193232662
10507	0.787500000	0.192226989
10508	0.800000000	0.191189689
10509	0.812500000	0.190122361
10510	0.825000000	0.189026651
10511	0.837500000	0.187904248
10512	0.850000000	0.186756884
10513	0.862500000	0.185586327
10514	0.875000000	0.184394383
10515	0.887500000	0.183182889
10516	0.900000000	0.181953712
10517	0.912500000	0.180708750
10518	0.925000000	0.179449920
10519	0.937500000	0.178179165
10520	0.950000000	0.176898443
10521	0.962500000	0.175609729
10522	0.975000000	0.174315011
10523	0.987500000	0.173016285
10524	1.000000000	0.171715554
10525	1.012500000	0.171715554
10526	1.025000000	0.171715554
10527	1.037500000	0.171715554
10528	1.050000000	0.171715554
10529	1.062500000	0.171715554
10530	1.075000000	0.171715554
10531	1.087500000	0.171715554
10532	1.100000000	0.171715554
10533	1.112500000	0.171715554
10534	1.125000000	0.171715554
10535	1.137500000	0.171715554
10536	1.150000000	0.171715554
10537	1.162500000	0.171715554
10538	1.175000000	0.171715554
10539	1.187500000	0.171715554
10540	1.200000000	0.171715554
10541	1.212500000	0.171715554
10542	1.225000000	0.171715554
10543	1.237500000	0.171715554
10544	1.250000000	0.171715554
10545	1.262500000	0.171715554
10546	1.275000000	0.171715554
10547	1.287500000	0.171715554
10548	1.300000000	0.171715554
10549	1.312500000	0.171715554
10550	1.325000000	0.171715554
10551	1.337500000	0.171715554
10552	1.350000000	0.171715554
10553	1.362500000	0.171715554
10554	1.375000000	0.171715554
10555	1.387500000	0.171715554
10556	1.400000000	0.171715554
10557	1.412500000	0.171715554
10558	1.425000000	0.171715554
10559	1.437500000	0.171715554
10560	1.450000000	0.171715554
10561	1.462500000	0.171715554
10562	1.475000000	0.171715554
10563	1.487500000	0.171715554
10564	1.500000000	0.171715554
10565	1.512500000	0.171715554
10566	1.525000000	0.171715554
10567	1.537500000	0.171715554
10568	1.550000000	0.171715554
10569	1.562500000	0.171715554
10570	1.575000000	0.171715554
10571	1.587500000	0.171715554
10572	1.600000000	0.171715554
10573	1.612500000	0.171715554
10574	1.625000000	0.171715554
10575	1.637500000	0.171715554
10576	1.650000000	0.171715554
10577	1.662500000	0.171715554
10578	1.675000000	0.171715554
10579	1.687500000	0.171715554
10580	1.700000000	0.171715554
10581	1.712500000	0.171715554
10582	1.725000000	0.171715554
10583	1.737500000	0.171715554
10584	1.750000000	0.171715554
10585	1.762500000	0.171715554
10586	1.775000000	0.171715554
10587	1.787500000	0.171715554
10588	1.800000000	0.171715554
10589	1.812500000	0.171715554
10590	1.825000000	0.171715554
10591	1.837500000	0.171715554
10592	1.850000000	0.171715554
10593	1.862500000	0.171715554
10594	1.875000000	0.171715554
10595	1.887500000	0.171715554
10596	1.900000000	0.171715554
10597	1.912500000	0.171715554
10598	1.925000000	0.171715554
10599	1.937500000	0.171715554
10600	1.950000000	0.171715554
10601	1.962500000	0.171715554
10602	1.975000000	0.171715554
10603	1.987500000	0.171715554
10604	2.000000000	0.171715554
10605	-1.000000000	0.180813447
10606	-0.987500000	0.180813447
10607	-0.975000000	0.180813447
10608	-0.962500000	0.180813447
10609	-0.950000000	0.180813447
10610	-0.937500000	0.180813447
10611	-0.925000000	0.180813447
10612	-0.912500000	0.180813447
10613	-0.900000000	0.180813447
10614	-0.887500000	0.180813447
10615	-0.875000000	0.180813447
10616	-0.862500000	0.180813447
10617	-0.850000000	0.180813447
10618	-0.837500000	0.180813447
10619	-0.825000000	0.180813447
10620	-0.812500000	0.180813447
10621	-0.800000000	0.180813447
10622	-0.787500000	0.180813447
10623	-0.775000000	0.180813447
10624	-0.762500000	0.180813447
10625	-0.750000000	0.180813447
10626	-0.737500000	0.180813447
10627	-0.725000000	0.180813447
10628	-0.712500000	0.180813447
10629	-0.700000000	0.180813447
10630	-0.687500000	0.180813447
10631	-0.675000000	0.180813447
10632	-0.662500000	0.180813447
10633	-0.650000000	0.180813447
10634	-0.637500000	0.180813447
10635	-0.625000000	0.180813447
10636	-0.612500000	0.180813447
10637	-0.600000000	0.180813447
10638	-0.587500000	0.180813447
10639	-0.575000000	0.180813447
10640	-0.562500000	0.180813447
10641	-0.550000000	0.180813447
10642	-0.537500000	0.180813447
10643	-0.525000000	0.180813447
10644	-0.512500000	0.180813447
10645	-0.500000000	0.180813447
10646	-0.487500000	0.180813447
10647	-0.475000000	0.180813447
10648	-0.462500000	0.180813447
10649	-0.450000000	0.180813447
10650	-0.437500000	0.180813447
10651	-0.425000000	0.180813447
10652	-0.412500000	0.180813447
10653	-0.400000000	0.180813447
10654	-0.387500000	0.180813447
10655	-0.375000000	0.180813447
10656	-0.362500000	0.180813447
10657	-0.350000000	0.180813447
10658	-0.337500000	0.180813447
10659	-0.325000000	0.180813447
10660	-0.312500000	0.180813447
10661	-0.300000000	0.180813447
10662	-0.287500000	0.180813447
10663	-0.275000000	0.180813447
10664	-0.262500000	0.180813447
10665	-0.250000000	0.180813447
10666	-0.237500000	0.180813447
10667	-0.225000000	0.180813447
10668	-0.212500000	0.180813447
10669	-0.200000000	0.180813447
10670	-0.187500000	0.180813447
10671	-0.175000000	0.180813447
10672	-0.162500000	0.180813447
10673	-0.150000000	0.180813447
10674	-0.137500000	0.180813447
10675	-0.125000000	0.180813447
10676	-0.112500000	0.180813447
10677	-0.100000000	0.180813447
10678	-0.087500000	0.180813447
10679	-0.075000000	0.180813447
10680	-0.062500000	0.180813447
10681	-0.050000000	0.180813447
10682	-0.037500000	0.180813447
10683	-0.025000000	0.180813447
10684	-0.012500000	0.180813447
10685	0.000000000	0.180813447
10686	0.012500000	0.182099891
10687	0.025000000	0.183384352
10688	0.037500000	0.184664849
10689	0.050000000	0.185939407
10690	0.062500000	0.187206062
10691	0.075000000	0.188462859
10692	0.087500000	0.189707862
10693	0.100000000	0.190939150
10694	0.112500000	0.192154824
10695	0.125000000	0.193353012
10696	0.137500000	0.194531864
10697	0.150000000	0.195689563
10698	0.162500000	0.196824325
10699	0.175000000	0.197934399
10700	0.187500000	0.199018073
10701	0.200000000	0.200073678
10702	0.212500000	0.201099584
10703	0.225000000	0.202094211
10704	0.237500000	0.203056025
10705	0.250000000	0.203983542
10706	0.262500000	0.204875332
10707	0.275000000	0.205730021
10708	0.287500000	0.206546290
10709	0.300000000	0.207322881
10710	0.312500000	0.208058596
10711	0.325000000	0.208752301
10712	0.337500000	0.209402927
10713	0.350000000	0.210009469
10714	0.362500000	0.210570994
10715	0.375000000	0.211086635
10716	0.387500000	0.211555596
10717	0.400000000	0.211977155
10718	0.412500000	0.212350662
10719	0.425000000	0.212675541
10720	0.437500000	0.212951291
10721	0.450000000	0.213177487
10722	0.462500000	0.213353780
10723	0.475000000	0.213479898
10724	0.487500000	0.213555647
10725	0.500000000	0.213580909
10726	0.512500000	0.213555647
10727	0.525000000	0.213479898
10728	0.537500000	0.213353780
10729	0.550000000	0.213177487
10730	0.562500000	0.212951291
10731	0.575000000	0.212675541
10732	0.587500000	0.212350662
10733	0.600000000	0.211977155
10734	0.612500000	0.211555596
10735	0.625000000	0.211086635
10736	0.637500000	0.210570994
10737	0.650000000	0.210009469
10738	0.662500000	0.209402927
10739	0.675000000	0.208752301
10740	0.687500000	0.208058596
10741	0.700000000	0.207322881
10742	0.712500000	0.206546290
10743	0.725000000	0.205730021
10744	0.737500000	0.204875332
10745	0.750000000	0.203983542
10746	0.762500000	0.203056025
10747	0.775000000	0.202094211
10748	0.787500000	0.201099584
10749	0.800000000	0.200073678
10750	0.812500000	0.199018073
10751	0.825000000	0.197934399
10752	0.837500000	0.196824325
10753	0.850000000	0.195689563
10754	0.862500000	0.194531864
10755	0.875000000	0.193353012
10756	0.887500000	0.192154824
10757	0.900000000	0.190939150
10758	0.912500000	0.189707862
10759	0.925000000	0.188462859
10760	0.937500000	0.187206062
10761	0.950000000	0.185939407
10762	0.962500000	0.184664849
10763	0.975000000	0.183384352
10764	0.987500000	0.182099891
10765	1.000000000	0.180813447
10766	1.012500000	0.180813447
10767	1.025000000	0.180813447
10768	1.037500000	0.180813447
10769	1.050000000	0.180813447
10770	1.062500000	0.180813447
10771	1.075000000	0.180813447
10772	1.087500000	0.180813447
10773	1.100000000	0.180813447
10774	1.112500000	0.180813447
10775	1.125000000	0.180813447
10776	1.137500000	0.180813447
10777	1.150000000	0.180813447
10778	1.162500000	0.180813447
10779	1.175000000	0.180813447
10780	1.187500000	0.180813447
10781	1.200000000	0.180813447
10782	1.212500000	0.180813447
10783	1.225000000	0.180813447
10784	1.237500000	0.180813447
10785	1.250000000	0.180813447
10786	1.262500000	0.180813447
10787	1.275000000	0.180813447
10788	1.287500000	0.180813447
10789	1.300000000	0.180813447
10790	1.312500000	0.180813447
10791	1.325000000	0.180813447
10792	1.337500000	0.180813447
10793	1.350000000	0.180813447
10794	1.362500000	0.180813447
10795	1.375000000	0.180813447
10796	1.387500000	0.180813447
10797	1.400000000	0.180813447
10798	1.412500000	0.180813447
10799	1.425000000	0.180813447
10800	1.437500000	0.180813447
10801	1.450000000	0.180813447
10802	1.462500000	0.180813447
10803	1.475000000	0.180813447
10804	1.487500000	0.180813447
10805	1.500000000	0.180813447
10806	1.512500000	0.180813447
10807	1.525000000	0.180813447
10808	1.537500000	0.180813447
10809	1.550000000	0.180813447
10810	1.562500000	0.180813447
10811	1.575000000	0.180813447
10812	1.587500000	0.180813447
10813	1.600000000	0.180813447
10814	1.612500000	0.180813447
10815	1.625000000	0.180813447
10816	1.637500000	0.180813447
10817	1.650000000	0.180813447
10818	1.662500000	0.180813447
10819	1.675000000	0.180813447
10820	1.687500000	0.180813447
10821	1.700000000	0.180813447
10822	1.712500000	0.180813447
10823	1.725000000	0.180813447
10824	1.737500000	0.180813447
10825	1.750000000	0.180813447
10826	1.762500000	0.180813447
10827	1.775000000	0.180813447
10828	1.787500000	0.180813447
10829	1.800000000	0.180813447
10830	1.812500000	0.180813447
10831	1.825000000	0.180813447
10832	1.837500000	0.180813447
10833	1.850000000	0.180813447
10834	1.862500000	0.180813447
10835	1.875000000	0.180813447
10836	1.887500000	0.180813447
10837	1.900000000	0.180813447
10838	1.912500000	0.180813447
10839	1.925000000	0.180813447
10840	1.937500000	0.180813447
10841	1.950000000	0.180813447
10842	1.962500000	0.180813447
10843	1.975000000	0.180813447
10844	1.987500000	0.180813447
10845	2.000000000	0.180813447
10846	-1.000000000	0.190320746
10847	-0.987500000	0.190320746
10848	-0.975000000	0.190320746
10849	-0.962500000	0.190320746
10850	-0.950000000	0.190320746
10851	-0.937500000	0.190320746
10852	-0.925000000	0.190320746
10853	-0.912500000	0.190320746
10854	-0.900000000	0.190320746
10855	-0.887500000	0.190320746
10856	-0.875000000	0.190320746
10857	-0.862500000	0.190320746
10858	-0.850000000	0.190320746
10859	-0.837500000	0.190320746
10860	-0.825000000	0.190320746
10861	-0.812500000	0.190320746
10862	-0.800000000	0.190320746
10863	-0.787500000	0.190320746
10864	-0.775000000	0.190320746
10865	-0.762500000	0.190320746
10866	-0.750000000	0.190320746
10867	-0.737500000	0.190320746
10868	-0.725000000	0.190320746
10869	-0.712500000	0.190320746
10870	-0.700000000	0.190320746
10871	-0.687500000	0.190320746
10872	-0.675000000	0.190320746
10873	-0.662500000	0.190320746
10874	-0.650000000	0.190320746
10875	-0.637500000	0.190320746
10876	-0.625000000	0.190320746
10877	-0.612500000	0.190320746
10878	-0.600000000	0.190320746
10879	-0.587500000	0.190320746
10880	-0.575000000	0.190320746
10881	-0.562500000	0.190320746
10882	-0.550000000	0.190320746
10883	-0.537500000	0.190320746
10884	-0.525000000	0.190320746
10885	-0.512500000	0.190320746
10886	-0.500000000	0.190320746
10887	-0.487500000	0.190320746
10888	-0.475000000	0.190320746
10889	-0.462500000	0.190320746
10890	-0.450000000	0.190320746
10891	-0.437500000	0.190320746
10892	-0.425000000	0.190320746
10893	-0.412500000	0.190320746
10894	-0.400000000	0.190320746
10895	-0.387500000	0.190320746
10896	-0.375000000	0.190320746
10897	-0.362500000	0.190320746
10898	-0.350000000	0.190320746
10899	-0.337500000	0.190320746
10900	-0.325000000	0.190320746
10901	-0.312500000	0.190320746
10902	-0.300000000	0.190320746
10903	-0.287500000	0.190320746
10904	-0.275000000	0.190320746
10905	-0.262500000	0.190320746
10906	-0.250000000	0.190320746
10907	-0.237500000	0.190320746
10908	-0.225000000	0.190320746
10909	-0.212500000	0.190320746
10910	-0.200000000	0.190320746
10911	-0.187500000	0.190320746
10912	-0.175000000	0.190320746
10913	-0.162500000	0.190320746
10914	-0.150000000	0.190320746
10915	-0.137500000	0.190320746
10916	-0.125000000	0.190320746
10917	-0.112500000	0.190320746
10918	-0.100000000	0.190320746
10919	-0.087500000	0.190320746
10920	-0.075000000	0.190320746
10921	-0.062500000	0.190320746
10922	-0.050000000	0.190320746
10923	-0.037500000	0.190320746
10924	-0.025000000	0.190320746
10925	-0.012500000	0.190320746
10926	0.000000000	0.190320746
10927	0.012500000	0.191592260
10928	0.025000000	0.192861814
10929	0.037500000	0.194127449
10930	0.050000000	0.195387215
10931	0.062500000	0.196639169
10932	0.075000000	0.197881380
10933	0.087500000	0.199111934
10934	0.100000000	0.200328932
10935	0.112500000	0.201530498
10936	0.125000000	0.202714779
10937	0.137500000	0.203879950
10938	0.150000000	0.205024213
10939	0.162500000	0.206145805
10940	0.175000000	0.207242995
10941	0.187500000	0.208314093
10942	0.200000000	0.209357447
10943	0.212500000	0.210371447
10944	0.225000000	0.211354530
10945	0.237500000	0.212305181
10946	0.250000000	0.213221933
10947	0.262500000	0.214103374
10948	0.275000000	0.214948143
10949	0.287500000	0.215754939
10950	0.300000000	0.216522517
10951	0.312500000	0.217249693
10952	0.325000000	0.217935348
10953	0.337500000	0.218578422
10954	0.350000000	0.219177925
10955	0.362500000	0.219732933
10956	0.375000000	0.220242589
10957	0.387500000	0.220706108
10958	0.400000000	0.221122775
10959	0.412500000	0.221491947
10960	0.425000000	0.221813056
10961	0.437500000	0.222085605
10962	0.450000000	0.222309176
10963	0.462500000	0.222483423
10964	0.475000000	0.222608077
10965	0.487500000	0.222682946
10966	0.500000000	0.222707916
10967	0.512500000	0.222682946
10968	0.525000000	0.222608077
10969	0.537500000	0.222483423
10970	0.550000000	0.222309176
10971	0.562500000	0.222085605
10972	0.575000000	0.221813056
10973	0.587500000	0.221491947
10974	0.600000000	0.221122775
10975	0.612500000	0.220706108
10976	0.625000000	0.220242589
10977	0.637500000	0.219732933
10978	0.650000000	0.219177925
10979	0.662500000	0.218578422
10980	0.675000000	0.217935348
10981	0.687500000	0.217249693
10982	0.700000000	0.216522517
10983	0.712500000	0.215754939
10984	0.725000000	0.214948143
10985	0.737500000	0.214103374
10986	0.750000000	0.213221933
10987	0.762500000	0.212305181
10988	0.775000000	0.211354530
10989	0.787500000	0.210371447
10990	0.800000000	0.209357447
10991	0.812500000	0.208314093
10992	0.825000000	0.207242995
10993	0.837500000	0.206145805
10994	0.850000000	0.205024213
10995	0.862500000	0.203879950
10996	0.875000000	0.202714779
10997	0.887500000	0.201530498
10998	0.900000000	0.200328932
10999	0.912500000	0.199111934
11000	0.925000000	0.197881380
11001	0.937500000	0.196639169
11002	0.950000000	0.195387215
11003	0.962500000	0.194127449
11004	0.975000000	0.192861814
11005	0.987500000	0.191592260
11006	1.000000000	0.190320746
11007	1.012500000	0.190320746
11008	1.025000000	0.190320746
11009	1.037500000	0.190320746
11010	1.050000000	0.190320746
11011	1.062500000	0.190320746
11012	1.075000000	0.190320746
11013	1.087500000	0.190320746
11014	1.100000000	0.190320746
11015	1.112500000	0.190320746
11016	1.125000000	0.190320746
11017	1.137500000	0.190320746
11018	1.150000000	0.190320746
11019	1.162500000	0.190320746
11020	1.175000000	0.190320746
11021	1.187500000	0.190320746
11022	1.200000000	0.190320746
11023	1.212500000	0.190320746
11024	1.225000000	0.190320746
11025	1.237500000	0.190320746
11026	1.250000000	0.190320746
11027	1.262500000	0.190320746
11028	1.275000000	0.190320746
11029	1.287500000	0.190320746
11030	1.300000000	0.190320746
11031	1.312500000	0.190320746
11032	1.325000000	0.190320746
11033	1.337500000	0.190320746
11034	1.350000000	0.190320746
11035	1.362500000	0.190320746
11036	1.375000000	0.190320746
11037	1.387500000	0.190320746
11038	1.400000000	0.190320746
11039	1.412500000	0.190320746
11040	1.425000000	0.190320746
11041	1.437500000	0.190320746
11042	1.450000000	0.190320746
11043	1.462500000	0.190320746
11044	1.475000000	0.190320746
11045	1.487500000	0.190320746
11046	1.500000000	0.190320746
11047	1.512500000	0.190320746
11048	1.525000000	0.190320746
11049	1.537500000	0.190320746
11050	1.550000000	0.190320746
11051	1.562500000	0.190320746
11052	1.575000000	0.190320746
11053	1.587500000	0.190320746
11054	1.600000000	0.190320746
11055	1.612500000	0.190320746
11056	1.625000000	0.190320746
11057	1.637500000	0.190320746
11058	1.650000000	0.190320746
11059	1.662500000	0.190320746
11060	1.675000000	0.190320746
11061	1.687500000	0.190320746
11062	1.700000000	0.190320746
11063	1.712500000	0.190320746
11064	1.725000000	0.190320746
11065	1.737500000	0.190320746
11066	1.750000000	0.190320746
11067	1.762500000	0.190320746
11068	1.775000000	0.190320746
11069	1.787500000	0.190320746
11070	1.800000000	0.190320746
11071	1.812500000	0.190320746
11072	1.825000000	0.190320746
11073	1.837500000	0.190320746
11074	1.850000000	0.190320746
11075	1.862500000	0.190320746
11076	1.875000000	0.190320746
11077	1.887500000	0.190320746
11078	1.900000000	0.190320746
11079	1.912500000	0.190320746
11080	1.925000000	0.190320746
11081	1.937500000	0.190320746
11082	1.950000000	0.190320746
11083	1.962500000	0.190320746
11084	1.975000000	0.190320746
11085	1.987500000	0.190320746
11086	2.000000000	0.190320746
11087	-1.000000000	0.200255873
11088	-0.987500000	0.200255873
11089	-0.975000000	0.200255873
11090	-0.962500000	0.200255873
11091	-0.950000000	0.200255873
11092	-0.937500000	0.200255873
11093	-0.925000000	0.200255873
11094	-0.912500000	0.200255873
11095	-0.900000000	0.200255873
11096	-0.887500000	0.200255873
11097	-0.875000000	0.200255873
11098	-0.862500000	0.200255873
11099	-0.850000000	0.200255873
11100	-0.837500000	0.200255873
11101	-0.825000000	0.200255873
11102	-0.812500000	0.200255873
11103	-0.800000000	0.200255873
11104	-0.787500000	0.200255873
11105	-0.775000000	0.200255873
11106	-0.762500000	0.200255873
11107	-0.750000000	0.200255873
11108	-0.737500000	0.200255873
11109	-0.725000000	0.200255873
11110	-0.712500000	0.200255873
11111	-0.700000000	0.200255873
11112	-0.687500000	0.200255873
11113	-0.675000000	0.200255873
11114	-0.662500000	0.200255873
11115	-0.650000000	0.200255873
11116	-0.637500000	0.200255873
11117	-0.625000000	0.200255873
11118	-0.612500000	0.200255873
11119	-0.600000000	0.200255873
11120	-0.587500000	0.200255873
11121	-0.575000000	0.200255873
11122	-0.562500000	0.200255873
11123	-0.550000000	0.200255873
11124	-0.537500000	0.200255873
11125	-0.525000000	0.200255873
11126	-0.512500000	0.200255873
11127	-0.500000000	0.200255873
11128	-0.487500000	0.200255873
11129	-0.475000000	0.200255873
11130	-0.462500000	0.200255873
11131	-0.450000000	0.200255873
11132	-0.437500000	0.200255873
11133	-0.425000000	0.200255873
11134	-0.412500000	0.200255873
11135	-0.400000000	0.200255873
11136	-0.387500000	0.200255873
11137	-0.375000000	0.200255873
11138	-0.362500000	0.200255873
11139	-0.350000000	0.200255873
11140	-0.337500000	0.200255873
11141	-0.325000000	0.200255873
11142	-0.312500000	0.200255873
11143	-0.300000000	0.200255873
11144	-0.287500000	0.200255873
11145	-0.275000000	0.200255873
11146	-0.262500000	0.200255873
11147	-0.250000000	0.200255873
11148	-0.237500000	0.200255873
11149	-0.225000000	0.200255873
11150	-0.212500000	0.200255873
11151	-0.200000000	0.200255873
11152	-0.187500000	0.200255873
11153	-0.175000000	0.200255873
11154	-0.162500000	0.200255873
11155	-0.150000000	0.200255873
11156	-0.137500000	0.200255873
11157	-0.125000000	0.200255873
11158	-0.112500000	0.200255873
11159	-0.100000000	0.200255873
11160	-0.087500000	0.200255873
11161	-0.075000000	0.200255873
11162	-0.062500000	0.200255873
11163	-0.050000000	0.200255873
11164	-0.037500000	0.200255873
11165	-0.025000000	0.200255873
11166	-0.012500000	0.200255873
11167	0.000000000	0.200255873
11168	0.012500000	0.201511785
11169	0.025000000	0.202765761
11170	0.037500000	0.204015866
11171	0.050000000	0.205260174
11172	0.062500000	0.206496766
11173	0.075000000	0.207723735
11174	0.087500000	0.208939189
11175	0.100000000	0.210141254
11176	0.112500000	0.211328076
11177	0.125000000	0.212497826
11178	0.137500000	0.213648699
11179	0.150000000	0.214778922
11180	0.162500000	0.215886751
11181	0.175000000	0.216970479
11182	0.187500000	0.218028434
11183	0.200000000	0.219058985
11184	0.212500000	0.220060543
11185	0.225000000	0.221031563
11186	0.237500000	0.221970549
11187	0.250000000	0.222876052
11188	0.262500000	0.223746677
11189	0.275000000	0.224581081
11190	0.287500000	0.225377977
11191	0.300000000	0.226136136
11192	0.312500000	0.226854390
11193	0.325000000	0.227531631
11194	0.337500000	0.228166815
11195	0.350000000	0.228758962
11196	0.362500000	0.229307159
11197	0.375000000	0.229810562
11198	0.387500000	0.230268393
11199	0.400000000	0.230679947
11200	0.412500000	0.231044590
11201	0.425000000	0.231361758
11202	0.437500000	0.231630963
11203	0.450000000	0.231851791
11204	0.462500000	0.232023899
11205	0.475000000	0.232147024
11206	0.487500000	0.232220975
11207	0.500000000	0.232245638
11208	0.512500000	0.232220975
11209	0.525000000	0.232147024
11210	0.537500000	0.232023899
11211	0.550000000	0.231851791
11212	0.562500000	0.231630963
11213	0.575000000	0.231361758
11214	0.587500000	0.231044590
11215	0.600000000	0.230679947
11216	0.612500000	0.230268393
11217	0.625000000	0.229810562
11218	0.637500000	0.229307159
11219	0.650000000	0.228758962
11220	0.662500000	0.228166815
11221	0.675000000	0.227531631
11222	0.687500000	0.226854390
11223	0.700000000	0.226136136
11224	0.712500000	0.225377977
11225	0.725000000	0.224581081
11226	0.737500000	0.223746677
11227	0.750000000	0.222876052
11228	0.762500000	0.221970549
11229	0.775000000	0.221031563
11230	0.787500000	0.220060543
11231	0.800000000	0.219058985
11232	0.812500000	0.218028434
11233	0.825000000	0.216970479
11234	0.837500000	0.215886751
11235	0.850000000	0.214778922
11236	0.862500000	0.213648699
11237	0.875000000	0.212497826
11238	0.887500000	0.211328076
11239	0.900000000	0.210141254
11240	0.912500000	0.208939189
11241	0.925000000	0.207723735
11242	0.937500000	0.206496766
11243	0.950000000	0.205260174
11244	0.962500000	0.204015866
11245	0.975000000	0.202765761
11246	0.987500000	0.201511785
11247	1.000000000	0.200255873
11248	1.012500000	0.200255873
11249	1.025000000	0.200255873
11250	1.037500000	0.200255873
11251	1.050000000	0.200255873
11252	1.062500000	0.200255873
11253	1.075000000	0.200255873
11254	1.087500000	0.200255873
11255	1.100000000	0.200255873
11256	1.112500000	0.200255873
11257	1.125000000	0.200255873
11258	1.137500000	0.200255873
11259	1.150000000	0.200255873
11260	1.162500000	0.200255873
11261	1.175000000	0.200255873
11262	1.187500000	0.200255873
11263	1.200000000	0.200255873
11264	1.212500000	0.200255873
11265	1.225000000	0.200255873
11266	1.237500000	0.200255873
11267	1.250000000	0.200255873
11268	1.262500000	0.200255873
11269	1.275000000	0.200255873
11270	1.287500000	0.200255873
11271	1.300000000	0.200255873
11272	1.312500000	0.200255873
11273	1.325000000	0.200255873
11274	1.337500000	0.200255873
11275	1.350000000	0.200255873
11276	1.362500000	0.200255873
11277	1.375000000	0.200255873
11278	1.387500000	0.200255873
11279	1.400000000	0.200255873
11280	1.412500000	0.200255873
11281	1.425000000	0.200255873
11282	1.437500000	0.200255873
11283	1.450000000	0.200255873
11284	1.462500000	0.200255873
11285	1.475000000	0.200255873
11286	1.487500000	0.200255873
11287	1.500000000	0.200255873
11288	1.512500000	0.200255873
11289	1.525000000	0.200255873
11290	1.537500000	0.200255873
11291	1.550000000	0.200255873
11292	1.562500000	0.200255873
11293	1.575000000	0.200255873
11294	1.587500000	0.200255873
11295	1.600000000	0.200255873
11296	1.612500000	0.200255873
11297	1.625000000	0.200255873
11298	1.637500000	0.200255873
11299	1.650000000	0.200255873
11300	1.662500000	0.200255873
11301	1.675000000	0.200255873
11302	1.687500000	0.200255873
11303	1.700000000	0.200255873
11304	1.712500000	0.200255873
11305	1.725000000	0.200255873
11306	1.737500000	0.200255873
11307	1.750000000	0.200255873
11308	1.762500000	0.200255873
11309	1.775000000	0.200255873
11310	1.787500000	0.200255873
11311	1.800000000	0.200255873
11312	1.812500000	0.200255873
11313	1.825000000	0.200255873
11314	1.837500000	0.200255873
11315	1.850000000	0.200255873
11316	1.862500000	0.200255873
11317	1.875000000	0.200255873
11318	1.887500000	0.200255873
11319	1.900000000	0.200255873
11320	1.912500000	0.200255873
11321	1.925000000	0.200255873
11322	1.937500000	0.200255873
11323	1.950000000	0.200255873
11324	1.962500000	0.200255873
11325	1.975000000	0.200255873
11326	1.987500000	0.200255873
11327	2.000000000	0.200255873
11328	-1.000000000	0.210638080
11329	-0.987500000	0.210638080
11330	-0.975000000	0.210638080
11331	-0.962500000	0.210638080
11332	-0.950000000	0.210638080
11333	-0.937500000	0.210638080
11334	-0.925000000	0.210638080
11335	-0.912500000	0.210638080
11336	-0.900000000	0.210638080
11337	-0.887500000	0.210638080
11338	-0.875000000	0.210638080
11339	-0.862500000	0.210638080
11340	-0.850000000	0.210638080
11341	-0.837500000	0.210638080
11342	-0.825000000	0.210638080
11343	-0.812500000	0.210638080
11344	-0.800000000	0.210638080
11345	-0.787500000	0.210638080
11346	-0.775000000	0.210638080
11347	-0.762500000	0.210638080
11348	-0.750000000	0.210638080
11349	-0.737500000	0.210638080
11350	-0.725000000	0.210638080
11351	-0.712500000	0.210638080
11352	-0.700000000	0.210638080
11353	-0.687500000	0.210638080
11354	-0.675000000	0.210638080
11355	-0.662500000	0.210638080
11356	-0.650000000	0.210638080
11357	-0.637500000	0.210638080
11358	-0.625000000	0.210638080
11359	-0.612500000	0.210638080
11360	-0.600000000	0.210638080
11361	-0.587500000	0.210638080
11362	-0.575000000	0.210638080
11363	-0.562500000	0.210638080
11364	-0.550000000	0.210638080
11365	-0.537500000	0.210638080
11366	-0.525000000	0.210638080
11367	-0.512500000	0.210638080
11368	-0.500000000	0.210638080
11369	-0.487500000	0.210638080
11370	-0.475000000	0.210638080
11371	-0.462500000	0.210638080
11372	-0.450000000	0.210638080
11373	-0.437500000	0.210638080
11374	-0.425000000	0.210638080
11375	-0.412500000	0.210638080
11376	-0.400000000	0.210638080
11377	-0.387500000	0.210638080
11378	-0.375000000	0.210638080
11379	-0.362500000	0.210638080
11380	-0.350000000	0.210638080
11381	-0.337500000	0.210638080
11382	-0.325000000	0.210638080
11383	-0.312500000	0.210638080
11384	-0.300000000	0.210638080
11385	-0.287500000	0.210638080
11386	-0.275000000	0.210638080
11387	-0.262500000	0.210638080
11388	-0.250000000	0.210638080
11389	-0.237500000	0.210638080
11390	-0.225000000	0.210638080
11391	-0.212500000	0.210638080
11392	-0.200000000	0.210638080
11393	-0.187500000	0.210638080
11394	-0.175000000	0.210638080
11395	-0.162500000	0.210638080
11396	-0.150000000	0.210638080
11397	-0.137500000	0.210638080
11398	-0.125000000	0.210638080
11399	-0.112500000	0.210638080
11400	-0.100000000	0.210638080
11401	-0.087500000	0.210638080
11402	-0.075000000	0.210638080
11403	-0.062500000	0.210638080
11404	-0.050000000	0.210638080
11405	-0.037500000	0.210638080
11406	-0.025000000	0.210638080
11407	-0.012500000	0.210638080
11408	0.000000000	0.210638080
11409	0.012500000	0.211877689
11410	0.025000000	0.213115385
11411	0.037500000	0.214349262
11412	0.050000000	0.215577417
11413	0.062500000	0.216797955
11414	0.075000000	0.218008996
11415	0.087500000	0.219208671
11416	0.100000000	0.220395130
11417	0.112500000	0.221566545
11418	0.125000000	0.222721110
11419	0.137500000	0.223857043
11420	0.150000000	0.224972593
11421	0.162500000	0.226066040
11422	0.175000000	0.227135699
11423	0.187500000	0.228179920
11424	0.200000000	0.229197092
11425	0.212500000	0.230185648
11426	0.225000000	0.231144063
11427	0.237500000	0.232070859
11428	0.250000000	0.232964607
11429	0.262500000	0.233823929
11430	0.275000000	0.234647501
11431	0.287500000	0.235434052
11432	0.300000000	0.236182369
11433	0.312500000	0.236891298
11434	0.325000000	0.237559747
11435	0.337500000	0.238186685
11436	0.350000000	0.238771145
11437	0.362500000	0.239312226
11438	0.375000000	0.239809093
11439	0.387500000	0.240260981
11440	0.400000000	0.240667192
11441	0.412500000	0.241027101
11442	0.425000000	0.241340152
11443	0.437500000	0.241605862
11444	0.450000000	0.241823823
11445	0.462500000	0.241993697
11446	0.475000000	0.242115224
11447	0.487500000	0.242188214
11448	0.500000000	0.242212557
11449	0.512500000	0.242188214
11450	0.525000000	0.242115224
11451	0.537500000	0.241993697
11452	0.550000000	0.241823823
11453	0.562500000	0.241605862
11454	0.575000000	0.241340152
11455	0.587500000	0.241027101
11456	0.600000000	0.240667192
11457	0.612500000	0.240260981
11458	0.625000000	0.239809093
11459	0.637500000	0.239312226
11460	0.650000000	0.238771145
11461	0.662500000	0.238186685
11462	0.675000000	0.237559747
11463	0.687500000	0.236891298
11464	0.700000000	0.236182369
11465	0.712500000	0.235434052
11466	0.725000000	0.234647501
11467	0.737500000	0.233823929
11468	0.750000000	0.232964607
11469	0.762500000	0.232070859
11470	0.775000000	0.231144063
11471	0.787500000	0.230185648
11472	0.800000000	0.229197092
11473	0.812500000	0.228179920
11474	0.825000000	0.227135699
11475	0.837500000	0.226066040
11476	0.850000000	0.224972593
11477	0.862500000	0.223857043
11478	0.875000000	0.222721110
11479	0.887500000	0.221566545
11480	0.900000000	0.220395130
11481	0.912500000	0.219208671
11482	0.925000000	0.218008996
11483	0.937500000	0.216797955
11484	0.950000000	0.215577417
11485	0.962500000	0.214349262
11486	0.975000000	0.213115385
11487	0.987500000	0.211877689
11488	1.000000000	0.210638080
11489	1.012500000	0.210638080
11490	1.025000000	0.210638080
11491	1.037500000	0.210638080
11492	1.050000000	0.210638080
11493	1.062500000	0.210638080
11494	1.075000000	0.210638080
11495	1.087500000	0.210638080
11496	1.100000000	0.210638080
11497	1.112500000	0.210638080
11498	1.125000000	0.210638080
11499	1.137500000	0.210638080
11500	1.150000000	0.210638080
11501	1.162500000	0.210638080
11502	1.175000000	0.210638080
11503	1.187500000	0.210638080
11504	1.200000000	0.210638080
11505	1.212500000	0.210638080
11506	1.225000000	0.210638080
11507	1.237500000	0.210638080
11508	1.250000000	0.210638080
11509	1.262500000	0.210638080
11510	1.275000000	0.210638080
11511	1.287500000	0.210638080
11512	1.300000000	0.210638080
11513	1.312500000	0.210638080
11514	1.325000000	0.210638080
11515	1.337500000	0.210638080
11516	1.350000000	0.210638080
11517	1.362500000	0.210638080
11518	1.375000000	0.210638080
11519	1.387500000	0.210638080
11520	1.400000000	0.210638080
11521	1.412500000	0.210638080
11522	1.425000000	0.210638080
11523	1.437500000	0.210638080
11524	1.450000000	0.210638080
11525	1.462500000	0.210638080
11526	1.475000000	0.210638080
11527	1.487500000	0.210638080
11528	1.500000000	0.210638080
11529	1.512500000	0.210638080
11530	1.525000000	0.210638080
11531	1.537500000	0.210638080
11532	1.550000000	0.210638080
11533	1.562500000	0.210638080
11534	1.575000000	0.210638080
11535	1.587500000	0.210638080
11536	1.600000000	0.210638080
11537	1.612500000	0.210638080
11538	1.625000000	0.210638080
11539	1.637500000	0.210638080
11540	1.650000000	0.210638080
11541	1.662500000	0.210638080
11542	1.675000000	0.210638080
11543	1.687500000	0.210638080
11544	1.700000000	0.210638080
11545	1.712500000	0.210638080
11546	1.725000000	0.210638080
11547	1.737500000	0.210638080
11548	1.750000000	0.210638080
11549	1.762500000	0.210638080
11550	1.775000000	0.210638080
11551	1.787500000	0.210638080
11552	1.800000000	0.210638080
11553	1.812500000	0.210638080
11554	1.825000000	0.210638080
11555	1.837500000	0.210638080
11556	1.850000000	0.210638080
11557	1.862500000	0.210638080
11558	1.875000000	0.210638080
11559	1.887500000	0.210638080
11560	1.900000000	0.210638080
11561	1.912500000	0.210638080
11562	1.925000000	0.210638080
11563	1.937500000	0.210638080
11564	1.950000000	0.210638080
11565	1.962500000	0.210638080
11566	1.975000000	0.210638080
11567	1.987500000	0.210638080
11568	2.000000000	0.210638080
11569	-1.000000000	0.221487487
11570	-0.987500000	0.221487487
11571	-0.975000000	0.221487487
11572	-0.962500000	0.221487487
11573	-0.950000000	0.221487487
11574	-0.937500000	0.221487487
11575	-0.925000000	0.221487487
11576	-0.912500000	0.221487487
11577	-0.900000000	0.221487487
11578	-0.887500000	0.221487487
11579	-0.875000000	0.221487487
11580	-0.862500000	0.221487487
11581	-0.850000000	0.221487487
11582	-0.837500000	0.221487487
11583	-0.825000000	0.221487487
11584	-0.812500000	0.221487487
11585	-0.800000000	0.221487487
11586	-0.787500000	0.221487487
11587	-0.775000000	0.221487487
11588	-0.762500000	0.221487487
11589	-0.750000000	0.221487487
11590	-0.737500000	0.221487487
11591	-0.725000000	0.221487487
11592	-0.712500000	0.221487487
11593	-0.700000000	0.221487487
11594	-0.687500000	0.221487487
11595	-0.675000000	0.221487487
11596	-0.662500000	0.221487487
11597	-0.650000000	0.221487487
11598	-0.637500000	0.221487487
11599	-0.625000000	0.221487487
11600	-0.612500000	0.221487487
11601	-0.600000000	0.221487487
11602	-0.587500000	0.221487487
11603	-0.575000000	0.221487487
11604	-0.562500000	0.221487487
11605	-0.550000000	0.221487487
11606	-0.537500000	0.221487487
11607	-0.525000000	0.221487487
11608	-0.512500000	0.221487487
11609	-0.500000000	0.221487487
11610	-0.487500000	0.221487487
11611	-0.475000000	0.221487487
11612	-0.462500000	0.221487487
11613	-0.450000000	0.221487487
11614	-0.437500000	0.221487487
11615	-0.425000000	0.221487487
11616	-0.412500000	0.221487487
11617	-0.400000000	0.221487487
11618	-0.387500000	0.221487487
11619	-0.375000000	0.221487487
11620	-0.362500000	0.221487487
11621	-0.350000000	0.221487487
11622	-0.337500000	0.221487487
11623	-0.325000000	0.221487487
11624	-0.312500000	0.221487487
11625	-0.300000000	0.221487487
11626	-0.287500000	0.221487487
11627	-0.275000000	0.221487487
11628	-0.262500000	0.221487487
11629	-0.250000000	0.221487487
11630	-0.237500000	0.221487487
11631	-0.225000000	0.221487487
11632	-0.212500000	0.221487487
11633	-0.200000000	0.221487487
11634	-0.187500000	0.221487487
11635	-0.175000000	0.221487487
11636	-0.162500000	0.221487487
11637	-0.150000000	0.221487487
11638	-0.137500000	0.221487487
11639	-0.125000000	0.221487487
11640	-0.112500000	0.221487487
11641	-0.100000000	0.221487487
11642	-0.087500000	0.221487487
11643	-0.075000000	0.221487487
11644	-0.062500000	0.221487487
11645	-0.050000000	0.221487487
11646	-0.037500000	0.221487487
11647	-0.025000000	0.221487487
11648	-0.012500000	0.221487487
11649	0.000000000	0.221487487
11650	0.012500000	0.222710058
11651	0.025000000	0.223930743
11652	0.037500000	0.225147661
11653	0.050000000	0.226358935
11654	0.062500000	0.227562698
11655	0.075000000	0.228757093
11656	0.087500000	0.229940279
11657	0.100000000	0.231110431
11658	0.112500000	0.232265746
11659	0.125000000	0.233404441
11660	0.137500000	0.234524761
11661	0.150000000	0.235624979
11662	0.162500000	0.236703398
11663	0.175000000	0.237758354
11664	0.187500000	0.238788223
11665	0.200000000	0.239791414
11666	0.212500000	0.240766383
11667	0.225000000	0.241711625
11668	0.237500000	0.242625682
11669	0.250000000	0.243507147
11670	0.262500000	0.244354658
11671	0.275000000	0.245166910
11672	0.287500000	0.245942650
11673	0.300000000	0.246680682
11674	0.312500000	0.247379867
11675	0.325000000	0.248039129
11676	0.337500000	0.248657450
11677	0.350000000	0.249233877
11678	0.362500000	0.249767520
11679	0.375000000	0.250257559
11680	0.387500000	0.250703235
11681	0.400000000	0.251103863
11682	0.412500000	0.251458825
11683	0.425000000	0.251767573
11684	0.437500000	0.252029632
11685	0.450000000	0.252244597
11686	0.462500000	0.252412136
11687	0.475000000	0.252531992
11688	0.487500000	0.252603980
11689	0.500000000	0.252627988
11690	0.512500000	0.252603980
11691	0.525000000	0.252531992
11692	0.537500000	0.252412136
11693	0.550000000	0.252244597
11694	0.562500000	0.252029632
11695	0.575000000	0.251767573
11696	0.587500000	0.251458825
11697	0.600000000	0.251103863
11698	0.612500000	0.250703235
11699	0.625000000	0.250257559
11700	0.637500000	0.249767520
11701	0.650000000	0.249233877
11702	0.662500000	0.248657450
11703	0.675000000	0.248039129
11704	0.687500000	0.247379867
11705	0.700000000	0.246680682
11706	0.712500000	0.245942650
11707	0.725000000	0.245166910
11708	0.737500000	0.244354658
11709	0.750000000	0.243507147
11710	0.762500000	0.242625682
11711	0.775000000	0.241711625
11712	0.787500000	0.240766383
11713	0.800000000	0.239791414
11714	0.812500000	0.238788223
11715	0.825000000	0.237758354
11716	0.837500000	0.236703398
11717	0.850000000	0.235624979
11718	0.862500000	0.234524761
11719	0.875000000	0.233404441
11720	0.887500000	0.232265746
11721	0.900000000	0.231110431
11722	0.912500000	0.229940279
11723	0.925000000	0.228757093
11724	0.937500000	0.227562698
11725	0.950000000	0.226358935
11726	0.962500000	0.225147661
11727	0.975000000	0.223930743
11728	0.987500000	0.222710058
11729	1.000000000	0.221487487
11730	1.012500000	0.221487487
11731	1.025000000	0.221487487
11732	1.037500000	0.221487487
11733	1.050000000	0.221487487
11734	1.062500000	0.221487487
11735	1.075000000	0.221487487
11736	1.087500000	0.221487487
11737	1.100000000	0.221487487
11738	1.112500000	0.221487487
11739	1.125000000	0.221487487
11740	1.137500000	0.221487487
11741	1.150000000	0.221487487
11742	1.162500000	0.221487487
11743	1.175000000	0.221487487
11744	1.187500000	0.221487487
11745	1.200000000	0.221487487
11746	1.212500000	0.221487487
11747	1.225000000	0.221487487
11748	1.237500000	0.221487487
11749	1.250000000	0.221487487
11750	1.262500000	0.221487487
11751	1.275000000	0.221487487
11752	1.287500000	0.221487487
11753	1.300000000	0.221487487
11754	1.312500000	0.221487487
11755	1.325000000	0.221487487
11756	1.337500000	0.221487487
11757	1.350000000	0.221487487
11758	1.362500000	0.221487487
11759	1.375000000	0.221487487
11760	1.387500000	0.221487487
11761	1.400000000	0.221487487
11762	1.412500000	0.221487487
11763	1.425000000	0.221487487
11764	1.437500000	0.221487487
11765	1.450000000	0.221487487
11766	1.462500000	0.221487487
11767	1.475000000	0.221487487
11768	1.487500000	0.221487487
11769	1.500000000	0.221487487
11770	1.512500000	0.221487487
11771	1.525000000	0.221487487
11772	1.537500000	0.221487487
11773	1.550000000	0.221487487
11774	1.562500000	0.221487487
11775	1.575000000	0.221487487
11776	1.587500000	0.221487487
11777	1.600000000	0.221487487
11778	1.612500000	0.221487487
11779	1.625000000	0.221487487
11780	1.637500000	0.221487487
11781	1.650000000	0.221487487
11782	1.662500000	0.221487487
11783	1.675000000	0.221487487
11784	1.687500000	0.221487487
11785	1.700000000	0.221487487
11786	1.712500000	0.221487487
11787	1.725000000	0.221487487
11788	1.737500000	0.221487487
11789	1.750000000	0.221487487
11790	1.762500000	0.221487487
11791	1.775000000	0.221487487
11792	1.787500000	0.221487487
11793	1.800000000	0.221487487
11794	1.812500000	0.221487487
11795	1.825000000	0.221487487
11796	1.837500000	0.221487487
11797	1.850000000	0.221487487
11798	1.862500000	0.221487487
11799	1.875000000	0.221487487
11800	1.887500000	0.221487487
11801	1.900000000	0.221487487
11802	1.912500000	0.221487487
11803	1.925000000	0.221487487
11804	1.937500000	0.221487487
11805	1.950000000	0.221487487
11806	1.962500000	0.221487487
11807	1.975000000	0.221487487
11808	1.987500000	0.221487487
11809	2.000000000	0.221487487
11810	-1.000000000	0.232825118
11811	-0.987500000	0.232825118
11812	-0.975000000	0.232825118
11813	-0.962500000	0.232825118
11814	-0.950000000	0.232825118
11815	-0.937500000	0.232825118
11816	-0.925000000	0.232825118
11817	-0.912500000	0.232825118
11818	-0.900000000	0.232825118
11819	-0.887500000	0.232825118
11820	-0.875000000	0.232825118
11821	-0.862500000	0.232825118
11822	-0.850000000	0.232825118
11823	-0.837500000	0.232825118
11824	-0.825000000	0.232825118
11825	-0.812500000	0.232825118
11826	-0.800000000	0.232825118
11827	-0.787500000	0.232825118
11828	-0.775000000	0.232825118
11829	-0.762500000	0.232825118
11830	-0.750000000	0.232825118
11831	-0.737500000	0.232825118
11832	-0.725000000	0.232825118
11833	-0.712500000	0.232825118
11834	-0.700000000	0.232825118
11835	-0.687500000	0.232825118
11836	-0.675000000	0.232825118
11837	-0.662500000	0.232825118
11838	-0.650000000	0.232825118
11839	-0.637500000	0.232825118
11840	-0.625000000	0.232825118
11841	-0.612500000	0.232825118
11842	-0.600000000	0.232825118
11843	-0.587500000	0.232825118
11844	-0.575000000	0.232825118
11845	-0.562500000	0.232825118
11846	-0.550000000	0.232825118
11847	-0.537500000	0.232825118
11848	-0.525000000	0.232825118
11849	-0.512500000	0.232825118
11850	-0.500000000	0.232825118
11851	-0.487500000	0.232825118
11852	-0.475000000	0.232825118
11853	-0.462500000	0.232825118
11854	-0.450000000	0.232825118
11855	-0.437500000	0.232825118
11856	-0.425000000	0.232825118
11857	-0.412500000	0.232825118
11858	-0.400000000	0.232825118
11859	-0.387500000	0.232825118
11860	-0.375000000	0.232825118
11861	-0.362500000	0.232825118
11862	-0.350000000	0.232825118
11863	-0.337500000	0.232825118
11864	-0.325000000	0.232825118
11865	-0.312500000	0.232825118
11866	-0.300000000	0.232825118
11867	-0.287500000	0.232825118
11868	-0.275000000	0.232825118
11869	-0.262500000	0.232825118
11870	-0.250000000	0.232825118
11871	-0.237500000	0.232825118
11872	-0.225000000	0.232825118
11873	-0.212500000	0.232825118
11874	-0.200000000	0.232825118
11875	-0.187500000	0.232825118
11876	-0.175000000	0.232825118
11877	-0.162500000	0.232825118
11878	-0.150000000	0.232825118
11879	-0.137500000	0.232825118
11880	-0.125000000	0.232825118
11881	-0.112500000	0.232825118
11882	-0.100000000	0.232825118
11883	-0.087500000	0.232825118
11884	-0.075000000	0.232825118
11885	-0.062500000	0.232825118
11886	-0.050000000	0.232825118
11887	-0.037500000	0.232825118
11888	-0.025000000	0.232825118
11889	-0.012500000	0.232825118
11890	0.000000000	0.232825118
11891	0.012500000	0.234029884
11892	0.025000000	0.235232792
11893	0.037500000	0.236431987
11894	0.050000000	0.237625622
11895	0.062500000	0.238811854
11896	0.075000000	0.239988855
11897	0.087500000	0.241154810
11898	0.100000000	0.242307921
11899	0.112500000	0.243446410
11900	0.125000000	0.244568523
11901	0.137500000	0.245672527
11902	0.150000000	0.246756722
11903	0.162500000	0.247819436
11904	0.175000000	0.248859029
11905	0.187500000	0.249873899
11906	0.200000000	0.250862481
11907	0.212500000	0.251823251
11908	0.225000000	0.252754727
11909	0.237500000	0.253655473
11910	0.250000000	0.254524100
11911	0.262500000	0.255359269
11912	0.275000000	0.256159692
11913	0.287500000	0.256924135
11914	0.300000000	0.257651419
11915	0.312500000	0.258340422
11916	0.325000000	0.258990083
11917	0.337500000	0.259599399
11918	0.350000000	0.260167431
11919	0.362500000	0.260693303
11920	0.375000000	0.261176205
11921	0.387500000	0.261615391
11922	0.400000000	0.262010185
11923	0.412500000	0.262359977
11924	0.425000000	0.262664229
11925	0.437500000	0.262922471
11926	0.450000000	0.263134305
11927	0.462500000	0.263299405
11928	0.475000000	0.263417515
11929	0.487500000	0.263488455
11930	0.500000000	0.263512113
11931	0.512500000	0.263488455
11932	0.525000000	0.263417515
11933	0.537500000	0.263299405
11934	0.550000000	0.263134305
11935	0.562500000	0.262922471
11936	0.575000000	0.262664229
11937	0.587500000	0.262359977
11938	0.600000000	0.262010185
11939	0.612500000	0.261615391
11940	0.625000000	0.261176205
11941	0.637500000	0.260693303
11942	0.650000000	0.260167431
11943	0.662500000	0.259599399
11944	0.675000000	0.258990083
11945	0.687500000	0.258340422
11946	0.700000000	0.257651419
11947	0.712500000	0.256924135
11948	0.725000000	0.256159692
11949	0.737500000	0.255359269
11950	0.750000000	0.254524100
11951	0.762500000	0.253655473
11952	0.775000000	0.252754727
11953	0.787500000	0.251823251
11954	0.800000000	0.250862481
11955	0.812500000	0.249873899
11956	0.825000000	0.248859029
11957	0.837500000	0.247819436
11958	0.850000000	0.246756722
11959	0.862500000	0.245672527
11960	0.875000000	0.244568523
11961	0.887500000	0.243446410
11962	0.900000000	0.242307921
11963	0.912500000	0.241154810
11964	0.925000000	0.239988855
11965	0.937500000	0.238811854
11966	0.950000000	0.237625622
11967	0.962500000	0.236431987
11968	0.975000000	0.235232792
11969	0.987500000	0.234029884
11970	1.000000000	0.232825118
11971	1.012500000	0.232825118
11972	1.025000000	0.232825118
11973	1.037500000	0.232825118
11974	1.050000000	0.232825118
11975	1.062500000	0.232825118
11976	1.075000000	0.232825118
11977	1.087500000	0.232825118
11978	1.100000000	0.232825118
11979	1.112500000	0.232825118
11980	1.125000000	0.232825118
11981	1.137500000	0.232825118
11982	1.150000000	0.232825118
11983	1.162500000	0.232825118
11984	1.175000000	0.232825118
11985	1.187500000	0.232825118
11986	1.200000000	0.232825118
11987	1.212500000	0.232825118
11988	1.225000000	0.232825118
11989	1.237500000	0.232825118
11990	1.250000000	0.232825118
11991	1.262500000	0.232825118
11992	1.275000000	0.232825118
11993	1.287500000	0.232825118
11994	1.300000000	0.232825118
11995	1.312500000	0.232825118
11996	1.325000000	0.232825118
11997	1.337500000	0.232825118
11998	1.350000000	0.232825118
11999	1.362500000	0.232825118
12000	1.375000000	0.232825118
12001	1.387500000	0.232825118
12002	1.400000000	0.232825118
12003	1.412500000	0.232825118
12004	1.425000000	0.232825118
12005	1.437500000	0.232825118
12006	1.450000000	0.232825118
12007	1.462500000	0.232825118
12008	1.475000000	0.232825118
12009	1.487500000	0.232825118
12010	1.500000000	0.232825118
12011	1.512500000	0.232825118
12012	1.525000000	0.232825118
12013	1.537500000	0.232825118
12014	1.550000000	0.232825118
12015	1.562500000	0.232825118
12016	1.575000000	0.232825118
12017	1.587500000	0.232825118
12018	1.600000000	0.232825118
12019	1.612500000	0.232825118
12020	1.625000000	0.232825118
12021	1.637500000	0.232825118
12022	1.650000000	0.232825118
12023	1.662500000	0.232825118
12024	1.675000000	0.232825118
12025	1.687500000	0.232825118
12026	1.700000000	0.232825118
12027	1.712500000	0.232825118
12028	1.725000000	0.232825118
12029	1.737500000	0.232825118
12030	1.750000000	0.232825118
12031	1.762500000	0.232825118
12032	1.775000000	0.232825118
12033	1.787500000	0.232825118
12034	1.800000000	0.232825118
12035	1.812500000	0.232825118
12036	1.825000000	0.232825118
12037	1.837500000	0.232825118
12038	1.850000000	0.232825118
12039	1.862500000	0.232825118
12040	1.875000000	0.232825118
12041	1.887500000	0.232825118
12042	1.900000000	0.232825118
12043	1.912500000	0.232825118
12044	1.925000000	0.232825118
12045	1.937500000	0.232825118
12046	1.950000000	0.232825118
12047	1.962500000	0.232825118
12048	1.975000000	0.232825118
12049	1.987500000	0.232825118
12050	2.000000000	0.232825118
12051	-1.000000000	0.244672942
12052	-0.987500000	0.244672942
12053	-0.975000000	0.244672942
12054	-0.962500000	0.244672942
12055	-0.950000000	0.244672942
12056	-0.937500000	0.244672942
12057	-0.925000000	0.244672942
12058	-0.912500000	0.244672942
12059	-0.900000000	0.244672942
12060	-0.887500000	0.244672942
12061	-0.875000000	0.244672942
12062	-0.862500000	0.244672942
12063	-0.850000000	0.244672942
12064	-0.837500000	0.244672942
12065	-0.825000000	0.244672942
12066	-0.812500000	0.244672942
12067	-0.800000000	0.244672942
12068	-0.787500000	0.244672942
12069	-0.775000000	0.244672942
12070	-0.762500000	0.244672942
12071	-0.750000000	0.244672942
12072	-0.737500000	0.244672942
12073	-0.725000000	0.244672942
12074	-0.712500000	0.244672942
12075	-0.700000000	0.244672942
12076	-0.687500000	0.244672942
12077	-0.675000000	0.244672942
12078	-0.662500000	0.244672942
12079	-0.650000000	0.244672942
12080	-0.637500000	0.244672942
12081	-0.625000000	0.244672942
12082	-0.612500000	0.244672942
12083	-0.600000000	0.244672942
12084	-0.587500000	0.244672942
12085	-0.575000000	0.244672942
12086	-0.562500000	0.244672942
12087	-0.550000000	0.244672942
12088	-0.537500000	0.244672942
12089	-0.525000000	0.244672942
12090	-0.512500000	0.244672942
12091	-0.500000000	0.244672942
12092	-0.487500000	0.244672942
12093	-0.475000000	0.244672942
12094	-0.462500000	0.244672942
12095	-0.450000000	0.244672942
12096	-0.437500000	0.244672942
12097	-0.425000000	0.244672942
12098	-0.412500000	0.244672942
12099	-0.400000000	0.244672942
12100	-0.387500000	0.244672942
12101	-0.375000000	0.244672942
12102	-0.362500000	0.244672942
12103	-0.350000000	0.244672942
12104	-0.337500000	0.244672942
12105	-0.325000000	0.244672942
12106	-0.312500000	0.244672942
12107	-0.300000000	0.244672942
12108	-0.287500000	0.244672942
12109	-0.275000000	0.244672942
12110	-0.262500000	0.244672942
12111	-0.250000000	0.244672942
12112	-0.237500000	0.244672942
12113	-0.225000000	0.244672942
12114	-0.212500000	0.244672942
12115	-0.200000000	0.244672942
12116	-0.187500000	0.244672942
12117	-0.175000000	0.244672942
12118	-0.162500000	0.244672942
12119	-0.150000000	0.244672942
12120	-0.137500000	0.244672942
12121	-0.125000000	0.244672942
12122	-0.112500000	0.244672942
12123	-0.100000000	0.244672942
12124	-0.087500000	0.244672942
12125	-0.075000000	0.244672942
12126	-0.062500000	0.244672942
12127	-0.050000000	0.244672942
12128	-0.037500000	0.244672942
12129	-0.025000000	0.244672942
12130	-0.012500000	0.244672942
12131	0.000000000	0.244672942
12132	0.012500000	0.245859102
12133	0.025000000	0.247043433
12134	0.037500000	0.248224109
12135	0.050000000	0.249399309
12136	0.062500000	0.250567222
12137	0.075000000	0.251726046
12138	0.087500000	0.252873994
12139	0.100000000	0.254009298
12140	0.112500000	0.255130205
12141	0.125000000	0.256234988
12142	0.137500000	0.257321943
12143	0.150000000	0.258389394
12144	0.162500000	0.259435696
12145	0.175000000	0.260459234
12146	0.187500000	0.261458431
12147	0.200000000	0.262431746
12148	0.212500000	0.263377678
12149	0.225000000	0.264294769
12150	0.237500000	0.265181605
12151	0.250000000	0.266036817
12152	0.262500000	0.266859088
12153	0.275000000	0.267647150
12154	0.287500000	0.268399787
12155	0.300000000	0.269115839
12156	0.312500000	0.269794202
12157	0.325000000	0.270433829
12158	0.337500000	0.271033735
12159	0.350000000	0.271592995
12160	0.362500000	0.272110746
12161	0.375000000	0.272586190
12162	0.387500000	0.273018594
12163	0.400000000	0.273407291
12164	0.412500000	0.273751681
12165	0.425000000	0.274051234
12166	0.437500000	0.274305488
12167	0.450000000	0.274514051
12168	0.462500000	0.274676601
12169	0.475000000	0.274792887
12170	0.487500000	0.274862731
12171	0.500000000	0.274886024
12172	0.512500000	0.274862731
12173	0.525000000	0.274792887
12174	0.537500000	0.274676601
12175	0.550000000	0.274514051
12176	0.562500000	0.274305488
12177	0.575000000	0.274051234
12178	0.587500000	0.273751681
12179	0.600000000	0.273407291
12180	0.612500000	0.273018594
12181	0.625000000	0.272586190
12182	0.637500000	0.272110746
12183	0.650000000	0.271592995
12184	0.662500000	0.271033735
12185	0.675000000	0.270433829
12186	0.687500000	0.269794202
12187	0.700000000	0.269115839
12188	0.712500000	0.268399787
12189	0.725000000	0.267647150
12190	0.737500000	0.266859088
12191	0.750000000	0.266036817
12192	0.762500000	0.265181605
12193	0.775000000	0.264294769
12194	0.787500000	0.263377678
12195	0.800000000	0.262431746
12196	0.812500000	0.261458431
12197	0.825000000	0.260459234
12198	0.837500000	0.259435696
12199	0.850000000	0.258389394
12200	0.862500000	0.257321943
12201	0.875000000	0.256234988
12202	0.887500000	0.255130205
12203	0.900000000	0.254009298
12204	0.912500000	0.252873994
12205	0.925000000	0.251726046
12206	0.937500000	0.250567222
12207	0.950000000	0.249399309
12208	0.962500000	0.248224109
12209	0.975000000	0.247043433
12210	0.987500000	0.245859102
12211	1.000000000	0.244672942
12212	1.012500000	0.244672942
12213	1.025000000	0.244672942
12214	1.037500000	0.244672942
12215	1.050000000	0.244672942
12216	1.062500000	0.244672942
12217	1.075000000	0.244672942
12218	1.087500000	0.244672942
12219	1.100000000	0.244672942
12220	1.112500000	0.244672942
12221	1.125000000	0.244672942
12222	1.137500000	0.244672942
12223	1.150000000	0.244672942
12224	1.162500000	0.244672942
12225	1.175000000	0.244672942
12226	1.187500000	0.244672942
12227	1.200000000	0.244672942
12228	1.212500000	0.244672942
12229	1.225000000	0.244672942
12230	1.237500000	0.244672942
12231	1.250000000	0.244672942
12232	1.262500000	0.244672942
12233	1.275000000	0.244672942
12234	1.287500000	0.244672942
12235	1.300000000	0.244672942
12236	1.312500000	0.244672942
12237	1.325000000	0.244672942
12238	1.337500000	0.244672942
12239	1.350000000	0.244672942
12240	1.362500000	0.244672942
12241	1.375000000	0.244672942
12242	1.387500000	0.244672942
12243	1.400000000	0.244672942
12244	1.412500000	0.244672942
12245	1.425000000	0.244672942
12246	1.437500000	0.244672942
12247	1.450000000	0.244672942
12248	1.462500000	0.244672942
12249	1.475000000	0.244672942
12250	1.487500000	0.244672942
12251	1.500000000	0.244672942
12252	1.512500000	0.244672942
12253	1.525000000	0.244672942
12254	1.537500000	0.244672942
12255	1.550000000	0.244672942
12256	1.562500000	0.244672942
12257	1.575000000	0.244672942
12258	1.587500000	0.244672942
12259	1.600000000	0.244672942
12260	1.612500000	0.244672942
12261	1.625000000	0.244672942
12262	1.637500000	0.244672942
12263	1.650000000	0.244672942
12264	1.662500000	0.244672942
12265	1.675000000	0.244672942
12266	1.687500000	0.244672942
12267	1.700000000	0.244672942
12268	1.712500000	0.244672942
12269	1.725000000	0.244672942
12270	1.737500000	0.244672942
12271	1.750000000	0.244672942
12272	1.762500000	0.244672942
12273	1.775000000	0.244672942
12274	1.787500000	0.244672942
12275	1.800000000	0.244672942
12276	1.812500000	0.244672942
12277	1.825000000	0.244672942
12278	1.837500000	0.244672942
12279	1.850000000	0.244672942
12280	1.862500000	0.244672942
12281	1.875000000	0.244672942
12282	1.887500000	0.244672942
12283	1.900000000	0.244672942
12284	1.912500000	0.244672942
12285	1.925000000	0.244672942
12286	1.937500000	0.244672942
12287	1.950000000	0.244672942
12288	1.962500000	0.244672942
12289	1.975000000	0.244672942
12290	1.987500000	0.244672942
12291	2.000000000	0.244672942
12292	-1.000000000	0.257053918
12293	-0.987500000	0.257053918
12294	-0.975000000	0.257053918
12295	-0.962500000	0.257053918
12296	-0.950000000	0.257053918
12297	-0.937500000	0.257053918
12298	-0.925000000	0.257053918
12299	-0.912500000	0.257053918
12300	-0.900000000	0.257053918
12301	-0.887500000	0.257053918
12302	-0.875000000	0.257053918
12303	-0.862500000	0.257053918
12304	-0.850000000	0.257053918
12305	-0.837500000	0.257053918
12306	-0.825000000	0.257053918
12307	-0.812500000	0.257053918
12308	-0.800000000	0.257053918
12309	-0.787500000	0.257053918
12310	-0.775000000	0.257053918
12311	-0.762500000	0.257053918
12312	-0.750000000	0.257053918
12313	-0.737500000	0.257053918
12314	-0.725000000	0.257053918
12315	-0.712500000	0.257053918
12316	-0.700000000	0.257053918
12317	-0.687500000	0.257053918
12318	-0.675000000	0.257053918
12319	-0.662500000	0.257053918
12320	-0.650000000	0.257053918
12321	-0.637500000	0.257053918
12322	-0.625000000	0.257053918
12323	-0.612500000	0.257053918
12324	-0.600000000	0.257053918
12325	-0.587500000	0.257053918
12326	-0.575000000	0.257053918
12327	-0.562500000	0.257053918
12328	-0.550000000	0.257053918
12329	-0.537500000	0.257053918
12330	-0.525000000	0.257053918
12331	-0.512500000	0.257053918
12332	-0.500000000	0.257053918
12333	-0.487500000	0.257053918
12334	-0.475000000	0.257053918
12335	-0.462500000	0.257053918
12336	-0.450000000	0.257053918
12337	-0.437500000	0.257053918
12338	-0.425000000	0.257053918
12339	-0.412500000	0.257053918
12340	-0.400000000	0.257053918
12341	-0.387500000	0.257053918
12342	-0.375000000	0.257053918
12343	-0.362500000	0.257053918
12344	-0.350000000	0.257053918
12345	-0.337500000	0.257053918
12346	-0.325000000	0.257053918
12347	-0.312500000	0.257053918
12348	-0.300000000	0.257053918
12349	-0.287500000	0.257053918
12350	-0.275000000	0.257053918
12351	-0.262500000	0.257053918
12352	-0.250000000	0.257053918
12353	-0.237500000	0.257053918
12354	-0.225000000	0.257053918
12355	-0.212500000	0.257053918
12356	-0.200000000	0.257053918
12357	-0.187500000	0.257053918
12358	-0.175000000	0.257053918
12359	-0.162500000	0.257053918
12360	-0.150000000	0.257053918
12361	-0.137500000	0.257053918
12362	-0.125000000	0.257053918
12363	-0.112500000	0.257053918
12364	-0.100000000	0.257053918
12365	-0.087500000	0.257053918
12366	-0.075000000	0.257053918
12367	-0.062500000	0.257053918
12368	-0.050000000	0.257053918
12369	-0.037500000	0.257053918
12370	-0.025000000	0.257053918
12371	-0.012500000	0.257053918
12372	0.000000000	0.257053918
12373	0.012500000	0.258220635
12374	0.025000000	0.259385553
12375	0.037500000	0.260546876
12376	0.050000000	0.261702813
12377	0.062500000	0.262851581
12378	0.075000000	0.263991410
12379	0.087500000	0.265120542
12380	0.100000000	0.266237236
12381	0.112500000	0.267339770
12382	0.125000000	0.268426444
12383	0.137500000	0.269495582
12384	0.150000000	0.270545536
12385	0.162500000	0.271574687
12386	0.175000000	0.272581448
12387	0.187500000	0.273564267
12388	0.200000000	0.274521628
12389	0.212500000	0.275452055
12390	0.225000000	0.276354113
12391	0.237500000	0.277226412
12392	0.250000000	0.278067606
12393	0.262500000	0.278876399
12394	0.275000000	0.279651543
12395	0.287500000	0.280391843
12396	0.300000000	0.281096158
12397	0.312500000	0.281763401
12398	0.325000000	0.282392544
12399	0.337500000	0.282982617
12400	0.350000000	0.283532710
12401	0.362500000	0.284041974
12402	0.375000000	0.284509625
12403	0.387500000	0.284934941
12404	0.400000000	0.285317266
12405	0.412500000	0.285656012
12406	0.425000000	0.285950655
12407	0.437500000	0.286200741
12408	0.450000000	0.286405885
12409	0.462500000	0.286565770
12410	0.475000000	0.286680151
12411	0.487500000	0.286748850
12412	0.500000000	0.286771761
12413	0.512500000	0.286748850
12414	0.525000000	0.286680151
12415	0.537500000	0.286565770
12416	0.550000000	0.286405885
12417	0.562500000	0.286200741
12418	0.575000000	0.285950655
12419	0.587500000	0.285656012
12420	0.600000000	0.285317266
12421	0.612500000	0.284934941
12422	0.625000000	0.284509625
12423	0.637500000	0.284041974
12424	0.650000000	0.283532710
12425	0.662500000	0.282982617
12426	0.675000000	0.282392544
12427	0.687500000	0.281763401
12428	0.700000000	0.281096158
12429	0.712500000	0.280391843
12430	0.725000000	0.279651543
12431	0.737500000	0.278876399
12432	0.750000000	0.278067606
12433	0.762500000	0.277226412
12434	0.775000000	0.276354113
12435	0.787500000	0.275452055
12436	0.800000000	0.274521628
12437	0.812500000	0.273564267
12438	0.825000000	0.272581448
12439	0.837500000	0.271574687
12440	0.850000000	0.270545536
12441	0.862500000	0.269495582
12442	0.875000000	0.268426444
12443	0.887500000	0.267339770
12444	0.900000000	0.266237236
12445	0.912500000	0.265120542
12446	0.925000000	0.263991410
12447	0.937500000	0.262851581
12448	0.950000000	0.261702813
12449	0.962500000	0.260546876
12450	0.975000000	0.259385553
12451	0.987500000	0.258220635
12452	1.000000000	0.257053918
12453	1.012500000	0.257053918
12454	1.025000000	0.257053918
12455	1.037500000	0.257053918
12456	1.050000000	0.257053918
12457	1.062500000	0.257053918
12458	1.075000000	0.257053918
12459	1.087500000	0.257053918
12460	1.100000000	0.257053918
12461	1.112500000	0.257053918
12462	1.125000000	0.257053918
12463	1.137500000	0.257053918
12464	1.150000000	0.257053918
12465	1.162500000	0.257053918
12466	1.175000000	0.257053918
12467	1.187500000	0.257053918
12468	1.200000000	0.257053918
12469	1.212500000	0.257053918
12470	1.225000000	0.257053918
12471	1.237500000	0.257053918
12472	1.250000000	0.257053918
12473	1.262500000	0.257053918
12474	1.275000000	0.257053918
12475	1.287500000	0.257053918
12476	1.300000000	0.257053918
12477	1.312500000	0.257053918
12478	1.325000000	0.257053918
12479	1.337500000	0.257053918
12480	1.350000000	0.257053918
12481	1.362500000	0.257053918
12482	1.375000000	0.257053918
12483	1.387500000	0.257053918
12484	1.400000000	0.257053918
12485	1.412500000	0.257053918
12486	1.425000000	0.257053918
12487	1.437500000	0.257053918
12488	1.450000000	0.257053918
12489	1.462500000	0.257053918
12490	1.475000000	0.257053918
12491	1.487500000	0.257053918
12492	1.500000000	0.257053918
12493	1.512500000	0.257053918
12494	1.525000000	0.257053918
12495	1.537500000	0.257053918
12496	1.550000000	0.257053918
12497	1.562500000	0.257053918
12498	1.575000000	0.257053918
12499	1.587500000	0.257053918
12500	1.600000000	0.257053918
12501	1.612500000	0.257053918
12502	1.625000000	0.257053918
12503	1.637500000	0.257053918
12504	1.650000000	0.257053918
12505	1.662500000	0.257053918
12506	1.675000000	0.257053918
12507	1.687500000	0.257053918
12508	1.700000000	0.257053918
12509	1.712500000	0.257053918
12510	1.725000000	0.257053918
12511	1.737500000	0.257053918
12512	1.750000000	0.257053918
12513	1.762500000	0.257053918
12514	1.775000000	0.257053918
12515	1.787500000	0.257053918
12516	1.800000000	0.257053918
12517	1.812500000	0.257053918
12518	1.825000000	0.257053918
12519	1.837500000	0.257053918
12520	1.850000000	0.257053918
12521	1.862500000	0.257053918
12522	1.875000000	0.257053918
12523	1.887500000	0.257053918
12524	1.900000000	0.257053918
12525	1.912500000	0.257053918
12526	1.925000000	0.257053918
12527	1.937500000	0.257053918
12528	1.950000000	0.257053918
12529	1.962500000	0.257053918
12530	1.975000000	0.257053918
12531	1.987500000	0.257053918
12532	2.000000000	0.257053918
12533	-1.000000000	0.269992037
12534	-0.987500000	0.269992037
12535	-0.975000000	0.269992037
12536	-0.962500000	0.269992037
12537	-0.950000000	0.269992037
12538	-0.937500000	0.269992037
12539	-0.925000000	0.269992037
12540	-0.912500000	0.269992037
12541	-0.900000000	0.269992037
12542	-0.887500000	0.269992037
12543	-0.875000000	0.269992037
12544	-0.862500000	0.269992037
12545	-0.850000000	0.269992037
12546	-0.837500000	0.269992037
12547	-0.825000000	0.269992037
12548	-0.812500000	0.269992037
12549	-0.800000000	0.269992037
12550	-0.787500000	0.269992037
12551	-0.775000000	0.269992037
12552	-0.762500000	0.269992037
12553	-0.750000000	0.269992037
12554	-0.737500000	0.269992037
12555	-0.725000000	0.269992037
12556	-0.712500000	0.269992037
12557	-0.700000000	0.269992037
12558	-0.687500000	0.269992037
12559	-0.675000000	0.269992037
12560	-0.662500000	0.269992037
12561	-0.650000000	0.269992037
12562	-0.637500000	0.269992037
12563	-0.625000000	0.269992037
12564	-0.612500000	0.269992037
12565	-0.600000000	0.269992037
12566	-0.587500000	0.269992037
12567	-0.575000000	0.269992037
12568	-0.562500000	0.269992037
12569	-0.550000000	0.269992037
12570	-0.537500000	0.269992037
12571	-0.525000000	0.269992037
12572	-0.512500000	0.269992037
12573	-0.500000000	0.269992037
12574	-0.487500000	0.269992037
12575	-0.475000000	0.269992037
12576	-0.462500000	0.269992037
12577	-0.450000000	0.269992037
12578	-0.437500000	0.269992037
12579	-0.425000000	0.269992037
12580	-0.412500000	0.269992037
12581	-0.400000000	0.269992037
12582	-0.387500000	0.269992037
12583	-0.375000000	0.269992037
12584	-0.362500000	0.269992037
12585	-0.350000000	0.269992037
12586	-0.337500000	0.269992037
12587	-0.325000000	0.269992037
12588	-0.312500000	0.269992037
12589	-0.300000000	0.269992037
12590	-0.287500000	0.269992037
12591	-0.275000000	0.269992037
12592	-0.262500000	0.269992037
12593	-0.250000000	0.269992037
12594	-0.237500000	0.269992037
12595	-0.225000000	0.269992037
12596	-0.212500000	0.269992037
12597	-0.200000000	0.269992037
12598	-0.187500000	0.269992037
12599	-0.175000000	0.269992037
12600	-0.162500000	0.269992037
12601	-0.150000000	0.269992037
12602	-0.137500000	0.269992037
12603	-0.125000000	0.269992037
12604	-0.112500000	0.269992037
12605	-0.100000000	0.269992037
12606	-0.087500000	0.269992037
12607	-0.075000000	0.269992037
12608	-0.062500000	0.269992037
12609	-0.050000000	0.269992037
12610	-0.037500000	0.269992037
12611	-0.025000000	0.269992037
12612	-0.012500000	0.269992037
12613	0.000000000	0.269992037
12614	0.012500000	0.271138437
12615	0.025000000	0.272283068
12616	0.037500000	0.273424167
12617	0.050000000	0.274559974
12618	0.062500000	0.275688737
12619	0.075000000	0.276808716
12620	0.087500000	0.277918185
12621	0.100000000	0.279015432
12622	0.112500000	0.280098766
12623	0.125000000	0.281166516
12624	0.137500000	0.282217035
12625	0.150000000	0.283248705
12626	0.162500000	0.284259933
12627	0.175000000	0.285249162
12628	0.187500000	0.286214865
12629	0.200000000	0.287155554
12630	0.212500000	0.288069778
12631	0.225000000	0.288956127
12632	0.237500000	0.289813235
12633	0.250000000	0.290639781
12634	0.262500000	0.291434489
12635	0.275000000	0.292196134
12636	0.287500000	0.292923542
12637	0.300000000	0.293615591
12638	0.312500000	0.294271215
12639	0.325000000	0.294889402
12640	0.337500000	0.295469199
12641	0.350000000	0.296009712
12642	0.362500000	0.296510107
12643	0.375000000	0.296969614
12644	0.387500000	0.297387523
12645	0.400000000	0.297763191
12646	0.412500000	0.298096037
12647	0.425000000	0.298385549
12648	0.437500000	0.298631280
12649	0.450000000	0.298832852
12650	0.462500000	0.298989953
12651	0.475000000	0.299102341
12652	0.487500000	0.299169844
12653	0.500000000	0.299192356
12654	0.512500000	0.299169844
12655	0.525000000	0.299102341
12656	0.537500000	0.298989953
12657	0.550000000	0.298832852
12658	0.562500000	0.298631280
12659	0.575000000	0.298385549
12660	0.587500000	0.298096037
12661	0.600000000	0.297763191
12662	0.612500000	0.297387523
12663	0.625000000	0.296969614
12664	0.637500000	0.296510107
12665	0.650000000	0.296009712
12666	0.662500000	0.295469199
12667	0.675000000	0.294889402
12668	0.687500000	0.294271215
12669	0.700000000	0.293615591
12670	0.712500000	0.292923542
12671	0.725000000	0.292196134
12672	0.737500000	0.291434489
12673	0.750000000	0.290639781
12674	0.762500000	0.289813235
12675	0.775000000	0.288956127
12676	0.787500000	0.288069778
12677	0.800000000	0.287155554
12678	0.812500000	0.286214865
12679	0.825000000	0.285249162
12680	0.837500000	0.284259933
12681	0.850000000	0.283248705
12682	0.862500000	0.282217035
12683	0.875000000	0.281166516
12684	0.887500000	0.280098766
12685	0.900000000	0.279015432
12686	0.912500000	0.277918185
12687	0.925000000	0.276808716
12688	0.937500000	0.275688737
12689	0.950000000	0.274559974
12690	0.962500000	0.273424167
12691	0.975000000	0.272283068
12692	0.987500000	0.271138437
12693	1.000000000	0.269992037
12694	1.012500000	0.269992037
12695	1.025000000	0.269992037
12696	1.037500000	0.269992037
12697	1.050000000	0.269992037
12698	1.062500000	0.269992037
12699	1.075000000	0.269992037
12700	1.087500000	0.269992037
12701	1.100000000	0.269992037
12702	1.112500000	0.269992037
12703	1.125000000	0.269992037
12704	1.137500000	0.269992037
12705	1.150000000	0.269992037
12706	1.162500000	0.269992037
12707	1.175000000	0.269992037
12708	1.187500000	0.269992037
12709	1.200000000	0.269992037
12710	1.212500000	0.269992037
12711	1.225000000	0.269992037
12712	1.237500000	0.269992037
12713	1.250000000	0.269992037
12714	1.262500000	0.269992037
12715	1.275000000	0.269992037
12716	1.287500000	0.269992037
12717	1.300000000	0.269992037
12718	1.312500000	0.269992037
12719	1.325000000	0.269992037
12720	1.337500000	0.269992037
12721	1.350000000	0.269992037
12722	1.362500000	0.269992037
12723	1.375000000	0.269992037
12724	1.387500000	0.269992037
12725	1.400000000	0.269992037
12726	1.412500000	0.269992037
12727	1.425000000	0.269992037
12728	1.437500000	0.269992037
12729	1.450000000	0.269992037
12730	1.462500000	0.269992037
12731	1.475000000	0.269992037
12732	1.487500000	0.269992037
12733	1.500000000	0.269992037
12734	1.512500000	0.269992037
12735	1.525000000	0.269992037
12736	1.537500000	0.269992037
12737	1.550000000	0.269992037
12738	1.562500000	0.269992037
12739	1.575000000	0.269992037
12740	1.587500000	0.269992037
12741	1.600000000	0.269992037
12742	1.612500000	0.269992037
12743	1.625000000	0.269992037
12744	1.637500000	0.269992037
12745	1.650000000	0.269992037
12746	1.662500000	0.269992037
12747	1.675000000	0.269992037
12748	1.687500000	0.269992037
12749	1.700000000	0.269992037
12750	1.712500000	0.269992037
12751	1.725000000	0.269992037
12752	1.737500000	0.269992037
12753	1.750000000	0.269992037
12754	1.762500000	0.269992037
12755	1.775000000	0.269992037
12756	1.787500000	0.269992037
12757	1.800000000	0.269992037
12758	1.812500000	0.269992037
12759	1.825000000	0.269992037
12760	1.837500000	0.269992037
12761	1.850000000	0.269992037
12762	1.862500000	0.269992037
12763	1.875000000	0.269992037
12764	1.887500000	0.269992037
12765	1.900000000	0.269992037
12766	1.912500000	0.269992037
12767	1.925000000	0.269992037
12768	1.937500000	0.269992037
12769	1.950000000	0.269992037
12770	1.962500000	0.269992037
12771	1.975000000	0.269992037
12772	1.987500000	0.269992037
12773	2.000000000	0.269992037
12774	-1.000000000	0.283512373
12775	-0.987500000	0.283512373
12776	-0.975000000	0.283512373
12777	-0.962500000	0.283512373
12778	-0.950000000	0.283512373
12779	-0.937500000	0.283512373
12780	-0.925000000	0.283512373
12781	-0.912500000	0.283512373
12782	-0.900000000	0.283512373
12783	-0.887500000	0.283512373
12784	-0.875000000	0.283512373
12785	-0.862500000	0.283512373
12786	-0.850000000	0.283512373
12787	-0.837500000	0.283512373
12788	-0.825000000	0.283512373
12789	-0.812500000	0.283512373
12790	-0.800000000	0.283512373
12791	-0.787500000	0.283512373
12792	-0.775000000	0.283512373
12793	-0.762500000	0.283512373
12794	-0.750000000	0.283512373
12795	-0.737500000	0.283512373
12796	-0.725000000	0.283512373
12797	-0.712500000	0.283512373
12798	-0.700000000	0.283512373
12799	-0.687500000	0.283512373
12800	-0.675000000	0.283512373
12801	-0.662500000	0.283512373
12802	-0.650000000	0.283512373
12803	-0.637500000	0.283512373
12804	-0.625000000	0.283512373
12805	-0.612500000	0.283512373
12806	-0.600000000	0.283512373
12807	-0.587500000	0.283512373
12808	-0.575000000	0.283512373
12809	-0.562500000	0.283512373
12810	-0.550000000	0.283512373
12811	-0.537500000	0.283512373
12812	-0.525000000	0.283512373
12813	-0.512500000	0.283512373
12814	-0.500000000	0.283512373
12815	-0.487500000	0.283512373
12816	-0.475000000	0.283512373
12817	-0.462500000	0.283512373
12818	-0.450000000	0.283512373
12819	-0.437500000	0.283512373
12820	-0.425000000	0.283512373
12821	-0.412500000	0.283512373
12822	-0.400000000	0.283512373
12823	-0.387500000	0.283512373
12824	-0.375000000	0.283512373
12825	-0.362500000	0.283512373
12826	-0.350000000	0.283512373
12827	-0.337500000	0.283512373
12828	-0.325000000	0.283512373
12829	-0.312500000	0.283512373
12830	-0.300000000	0.283512373
12831	-0.287500000	0.283512373
12832	-0.275000000	0.283512373
12833	-0.262500000	0.283512373
12834	-0.250000000	0.283512373
12835	-0.237500000	0.283512373
12836	-0.225000000	0.283512373
12837	-0.212500000	0.283512373
12838	-0.200000000	0.283512373
12839	-0.187500000	0.283512373
12840	-0.175000000	0.283512373
12841	-0.162500000	0.283512373
12842	-0.150000000	0.283512373
12843	-0.137500000	0.283512373
12844	-0.125000000	0.283512373
12845	-0.112500000	0.283512373
12846	-0.100000000	0.283512373
12847	-0.087500000	0.283512373
12848	-0.075000000	0.283512373
12849	-0.062500000	0.283512373
12850	-0.050000000	0.283512373
12851	-0.037500000	0.283512373
12852	-0.025000000	0.283512373
12853	-0.012500000	0.283512373
12854	0.000000000	0.283512373
12855	0.012500000	0.284637540
12856	0.025000000	0.285760971
12857	0.037500000	0.286880936
12858	0.050000000	0.287995707
12859	0.062500000	0.289103565
12860	0.075000000	0.290202801
12861	0.087500000	0.291291722
12862	0.100000000	0.292368647
12863	0.112500000	0.293431916
12864	0.125000000	0.294479890
12865	0.137500000	0.295510954
12866	0.150000000	0.296523516
12867	0.162500000	0.297516016
12868	0.175000000	0.298486923
12869	0.187500000	0.299434741
12870	0.200000000	0.300358007
12871	0.212500000	0.301255299
12872	0.225000000	0.302125232
12873	0.237500000	0.302966466
12874	0.250000000	0.303777703
12875	0.262500000	0.304557692
12876	0.275000000	0.305305231
12877	0.287500000	0.306019167
12878	0.300000000	0.306698399
12879	0.312500000	0.307341880
12880	0.325000000	0.307948618
12881	0.337500000	0.308517676
12882	0.350000000	0.309048179
12883	0.362500000	0.309539307
12884	0.375000000	0.309990303
12885	0.387500000	0.310400472
12886	0.400000000	0.310769182
12887	0.412500000	0.311095863
12888	0.425000000	0.311380013
12889	0.437500000	0.311621193
12890	0.450000000	0.311819032
12891	0.462500000	0.311973223
12892	0.475000000	0.312083530
12893	0.487500000	0.312149782
12894	0.500000000	0.312171878
12895	0.512500000	0.312149782
12896	0.525000000	0.312083530
12897	0.537500000	0.311973223
12898	0.550000000	0.311819032
12899	0.562500000	0.311621193
12900	0.575000000	0.311380013
12901	0.587500000	0.311095863
12902	0.600000000	0.310769182
12903	0.612500000	0.310400472
12904	0.625000000	0.309990303
12905	0.637500000	0.309539307
12906	0.650000000	0.309048179
12907	0.662500000	0.308517676
12908	0.675000000	0.307948618
12909	0.687500000	0.307341880
12910	0.700000000	0.306698399
12911	0.712500000	0.306019167
12912	0.725000000	0.305305231
12913	0.737500000	0.304557692
12914	0.750000000	0.303777703
12915	0.762500000	0.302966466
12916	0.775000000	0.302125232
12917	0.787500000	0.301255299
12918	0.800000000	0.300358007
12919	0.812500000	0.299434741
12920	0.825000000	0.298486923
12921	0.837500000	0.297516016
12922	0.850000000	0.296523516
12923	0.862500000	0.295510954
12924	0.875000000	0.294479890
12925	0.887500000	0.293431916
12926	0.900000000	0.292368647
12927	0.912500000	0.291291722
12928	0.925000000	0.290202801
12929	0.937500000	0.289103565
12930	0.950000000	0.287995707
12931	0.962500000	0.286880936
12932	0.975000000	0.285760971
12933	0.987500000	0.284637540
12934	1.000000000	0.283512373
12935	1.012500000	0.283512373
12936	1.025000000	0.283512373
12937	1.037500000	0.283512373
12938	1.050000000	0.283512373
12939	1.062500000	0.283512373
12940	1.075000000	0.283512373
12941	1.087500000	0.283512373
12942	1.100000000	0.283512373
12943	1.112500000	0.283512373
12944	1.125000000	0.283512373
12945	1.137500000	0.283512373
12946	1.150000000	0.283512373
12947	1.162500000	0.283512373
12948	1.175000000	0.283512373
12949	1.187500000	0.283512373
12950	1.200000000	0.283512373
12951	1.212500000	0.283512373
12952	1.225000000	0.283512373
12953	1.237500000	0.283512373
12954	1.250000000	0.283512373
12955	1.262500000	0.283512373
12956	1.275000000	0.283512373
12957	1.287500000	0.283512373
12958	1.300000000	0.283512373
12959	1.312500000	0.283512373
12960	1.325000000	0.283512373
12961	1.337500000	0.283512373
12962	1.350000000	0.283512373
12963	1.362500000	0.283512373
12964	1.375000000	0.283512373
12965	1.387500000	0.283512373
12966	1.400000000	0.283512373
12967	1.412500000	0.283512373
12968	1.425000000	0.283512373
12969	1.437500000	0.283512373
12970	1.450000000	0.283512373
12971	1.462500000	0.283512373
12972	1.475000000	0.283512373
12973	1.487500000	0.283512373
12974	1.500000000	0.283512373
12975	1.512500000	0.283512373
12976	1.525000000	0.283512373
12977	1.537500000	0.283512373
12978	1.550000000	0.283512373
12979	1.562500000	0.283512373
12980	1.575000000	0.283512373
12981	1.587500000	0.283512373
12982	1.600000000	0.283512373
12983	1.612500000	0.283512373
12984	1.625000000	0.283512373
12985	1.637500000	0.283512373
12986	1.650000000	0.283512373
12987	1.662500000	0.283512373
12988	1.675000000	0.283512373
12989	1.687500000	0.283512373
12990	1.700000000	0.283512373
12991	1.712500000	0.283512373
12992	1.725000000	0.283512373
12993	1.737500000	0.283512373
12994	1.750000000	0.283512373
12995	1.762500000	0.283512373
12996	1.775000000	0.283512373
12997	1.787500000	0.283512373
12998	1.800000000	0.283512373
12999	1.812500000	0.283512373
13000	1.825000000	0.283512373
13001	1.837500000	0.283512373
13002	1.850000000	0.283512373
13003	1.862500000	0.283512373
13004	1.875000000	0.283512373
13005	1.887500000	0.283512373
13006	1.900000000	0.283512373
13007	1.912500000	0.283512373
13008	1.925000000	0.283512373
13009	1.937500000	0.283512373
13010	1.950000000	0.283512373
13011	1.962500000	0.283512373
13012	1.975000000	0.283512373
13013	1.987500000	0.283512373
13014	2.000000000	0.283512373
13015	-1.000000000	0.297641123
13016	-0.987500000	0.297641123
13017	-0.975000000	0.297641123
13018	-0.962500000	0.297641123
13019	-0.950000000	0.297641123
13020	-0.937500000	0.297641123
13021	-0.925000000	0.297641123
13022	-0.912500000	0.297641123
13023	-0.900000000	0.297641123
13024	-0.887500000	0.297641123
13025	-0.875000000	0.297641123
13026	-0.862500000	0.297641123
13027	-0.850000000	0.297641123
13028	-0.837500000	0.297641123
13029	-0.825000000	0.297641123
13030	-0.812500000	0.297641123
13031	-0.800000000	0.297641123
13032	-0.787500000	0.297641123
13033	-0.775000000	0.297641123
13034	-0.762500000	0.297641123
13035	-0.750000000	0.297641123
13036	-0.737500000	0.297641123
13037	-0.725000000	0.297641123
13038	-0.712500000	0.297641123
13039	-0.700000000	0.297641123
13040	-0.687500000	0.297641123
13041	-0.675000000	0.297641123
13042	-0.662500000	0.297641123
13043	-0.650000000	0.297641123
13044	-0.637500000	0.297641123
13045	-0.625000000	0.297641123
13046	-0.612500000	0.297641123
13047	-0.600000000	0.297641123
13048	-0.587500000	0.297641123
13049	-0.575000000	0.297641123
13050	-0.562500000	0.297641123
13051	-0.550000000	0.297641123
13052	-0.537500000	0.297641123
13053	-0.525000000	0.297641123
13054	-0.512500000	0.297641123
13055	-0.500000000	0.297641123
13056	-0.487500000	0.297641123
13057	-0.475000000	0.297641123
13058	-0.462500000	0.297641123
13059	-0.450000000	0.297641123
13060	-0.437500000	0.297641123
13061	-0.425000000	0.297641123
13062	-0.412500000	0.297641123
13063	-0.400000000	0.297641123
13064	-0.387500000	0.297641123
13065	-0.375000000	0.297641123
13066	-0.362500000	0.297641123
13067	-0.350000000	0.297641123
13068	-0.337500000	0.297641123
13069	-0.325000000	0.297641123
13070	-0.312500000	0.297641123
13071	-0.300000000	0.297641123
13072	-0.287500000	0.297641123
13073	-0.275000000	0.297641123
13074	-0.262500000	0.297641123
13075	-0.250000000	0.297641123
13076	-0.237500000	0.297641123
13077	-0.225000000	0.297641123
13078	-0.212500000	0.297641123
13079	-0.200000000	0.297641123
13080	-0.187500000	0.297641123
13081	-0.175000000	0.297641123
13082	-0.162500000	0.297641123
13083	-0.150000000	0.297641123
13084	-0.137500000	0.297641123
13085	-0.125000000	0.297641123
13086	-0.112500000	0.297641123
13087	-0.100000000	0.297641123
13088	-0.087500000	0.297641123
13089	-0.075000000	0.297641123
13090	-0.062500000	0.297641123
13091	-0.050000000	0.297641123
13092	-0.037500000	0.297641123
13093	-0.025000000	0.297641123
13094	-0.012500000	0.297641123
13095	0.000000000	0.297641123
13096	0.012500000	0.298744102
13097	0.025000000	0.299845381
13098	0.037500000	0.300943260
13099	0.050000000	0.302036048
13100	0.062500000	0.303122060
13101	0.075000000	0.304199620
13102	0.087500000	0.305267067
13103	0.100000000	0.306322756
13104	0.112500000	0.307365058
13105	0.125000000	0.308392367
13106	0.137500000	0.309403098
13107	0.150000000	0.310395693
13108	0.162500000	0.311368622
13109	0.175000000	0.312320383
13110	0.187500000	0.313249510
13111	0.200000000	0.314154570
13112	0.212500000	0.315034168
13113	0.225000000	0.315886947
13114	0.237500000	0.316711592
13115	0.250000000	0.317506832
13116	0.262500000	0.318271440
13117	0.275000000	0.319004238
13118	0.287500000	0.319704096
13119	0.300000000	0.320369934
13120	0.312500000	0.321000725
13121	0.325000000	0.321595498
13122	0.337500000	0.322153336
13123	0.350000000	0.322673377
13124	0.362500000	0.323154820
13125	0.375000000	0.323596923
13126	0.387500000	0.323999003
13127	0.400000000	0.324360442
13128	0.412500000	0.324680682
13129	0.425000000	0.324959229
13130	0.437500000	0.325195653
13131	0.450000000	0.325389590
13132	0.462500000	0.325540741
13133	0.475000000	0.325648872
13134	0.487500000	0.325713818
13135	0.500000000	0.325735478
13136	0.512500000	0.325713818
13137	0.525000000	0.325648872
13138	0.537500000	0.325540741
13139	0.550000000	0.325389590
13140	0.562500000	0.325195653
13141	0.575000000	0.324959229
13142	0.587500000	0.324680682
13143	0.600000000	0.324360442
13144	0.612500000	0.323999003
13145	0.625000000	0.323596923
13146	0.637500000	0.323154820
13147	0.650000000	0.322673377
13148	0.662500000	0.322153336
13149	0.675000000	0.321595498
13150	0.687500000	0.321000725
13151	0.700000000	0.320369934
13152	0.712500000	0.319704096
13153	0.725000000	0.319004238
13154	0.737500000	0.318271440
13155	0.750000000	0.317506832
13156	0.762500000	0.316711592
13157	0.775000000	0.315886947
13158	0.787500000	0.315034168
13159	0.800000000	0.314154570
13160	0.812500000	0.313249510
13161	0.825000000	0.312320383
13162	0.837500000	0.311368622
13163	0.850000000	0.310395693
13164	0.862500000	0.309403098
13165	0.875000000	0.308392367
13166	0.887500000	0.307365058
13167	0.900000000	0.306322756
13168	0.912500000	0.305267067
13169	0.925000000	0.304199620
13170	0.937500000	0.303122060
13171	0.950000000	0.302036048
13172	0.962500000	0.300943260
13173	0.975000000	0.299845381
13174	0.987500000	0.298744102
13175	1.000000000	0.297641123
13176	1.012500000	0.297641123
13177	1.025000000	0.297641123
13178	1.037500000	0.297641123
13179	1.050000000	0.297641123
13180	1.062500000	0.297641123
13181	1.075000000	0.297641123
13182	1.087500000	0.297641123
13183	1.100000000	0.297641123
13184	1.112500000	0.297641123
13185	1.125000000	0.297641123
13186	1.137500000	0.297641123
13187	1.150000000	0.297641123
13188	1.162500000	0.297641123
13189	1.175000000	0.297641123
13190	1.187500000	0.297641123
13191	1.200000000	0.297641123
13192	1.212500000	0.297641123
13193	1.225000000	0.297641123
13194	1.237500000	0.297641123
13195	1.250000000	0.297641123
13196	1.262500000	0.297641123
13197	1.275000000	0.297641123
13198	1.287500000	0.297641123
13199	1.300000000	0.297641123
13200	1.312500000	0.297641123
13201	1.325000000	0.297641123
13202	1.337500000	0.297641123
13203	1.350000000	0.297641123
13204	1.362500000	0.297641123
13205	1.375000000	0.297641123
13206	1.387500000	0.297641123
13207	1.400000000	0.297641123
13208	1.412500000	0.297641123
13209	1.425000000	0.297641123
13210	1.437500000	0.297641123
13211	1.450000000	0.297641123
13212	1.462500000	0.297641123
13213	1.475000000	0.297641123
13214	1.487500000	0.297641123
13215	1.500000000	0.297641123
13216	1.512500000	0.297641123
13217	1.525000000	0.297641123
13218	1.537500000	0.297641123
13219	1.550000000	0.297641123
13220	1.562500000	0.297641123
13221	1.575000000	0.297641123
13222	1.587500000	0.297641123
13223	1.600000000	0.297641123
13224	1.612500000	0.297641123
13225	1.625000000	0.297641123
13226	1.637500000	0.297641123
13227	1.650000000	0.297641123
13228	1.662500000	0.297641123
13229	1.675000000	0.297641123
13230	1.687500000	0.297641123
13231	1.700000000	0.297641123
13232	1.712500000	0.297641123
13233	1.725000000	0.297641123
13234	1.737500000	0.297641123
13235	1.750000000	0.297641123
13236	1.762500000	0.297641123
13237	1.775000000	0.297641123
13238	1.787500000	0.297641123
13239	1.800000000	0.297641123
13240	1.812500000	0.297641123
13241	1.825000000	0.297641123
13242	1.837500000	0.297641123
13243	1.850000000	0.297641123
13244	1.862500000	0.297641123
13245	1.875000000	0.297641123
13246	1.887500000	0.297641123
13247	1.900000000	0.297641123
13248	1.912500000	0.297641123
13249	1.925000000	0.297641123
13250	1.937500000	0.297641123
13251	1.950000000	0.297641123
13252	1.962500000	0.297641123
13253	1.975000000	0.297641123
13254	1.987500000	0.297641123
13255	2.000000000	0.297641123
13256	-1.000000000	0.312405667
13257	-0.987500000	0.312405667
13258	-0.975000000	0.312405667
13259	-0.962500000	0.312405667
13260	-0.950000000	0.312405667
13261	-0.937500000	0.312405667
13262	-0.925000000	0.312405667
13263	-0.912500000	0.312405667
13264	-0.900000000	0.312405667
13265	-0.887500000	0.312405667
13266	-0.875000000	0.312405667
13267	-0.862500000	0.312405667
13268	-0.850000000	0.312405667
13269	-0.837500000	0.312405667
13270	-0.825000000	0.312405667
13271	-0.812500000	0.312405667
13272	-0.800000000	0.312405667
13273	-0.787500000	0.312405667
13274	-0.775000000	0.312405667
13275	-0.762500000	0.312405667
13276	-0.750000000	0.312405667
13277	-0.737500000	0.312405667
13278	-0.725000000	0.312405667
13279	-0.712500000	0.312405667
13280	-0.700000000	0.312405667
13281	-0.687500000	0.312405667
13282	-0.675000000	0.312405667
13283	-0.662500000	0.312405667
13284	-0.650000000	0.312405667
13285	-0.637500000	0.312405667
13286	-0.625000000	0.312405667
13287	-0.612500000	0.312405667
13288	-0.600000000	0.312405667
13289	-0.587500000	0.312405667
13290	-0.575000000	0.312405667
13291	-0.562500000	0.312405667
13292	-0.550000000	0.312405667
13293	-0.537500000	0.312405667
13294	-0.525000000	0.312405667
13295	-0.512500000	0.312405667
13296	-0.500000000	0.312405667
13297	-0.487500000	0.312405667
13298	-0.475000000	0.312405667
13299	-0.462500000	0.312405667
13300	-0.450000000	0.312405667
13301	-0.437500000	0.312405667
13302	-0.425000000	0.312405667
13303	-0.412500000	0.312405667
13304	-0.400000000	0.312405667
13305	-0.387500000	0.312405667
13306	-0.375000000	0.312405667
13307	-0.362500000	0.312405667
13308	-0.350000000	0.312405667
13309	-0.337500000	0.312405667
13310	-0.325000000	0.312405667
13311	-0.312500000	0.312405667
13312	-0.300000000	0.312405667
13313	-0.287500000	0.312405667
13314	-0.275000000	0.312405667
13315	-0.262500000	0.312405667
13316	-0.250000000	0.312405667
13317	-0.237500000	0.312405667
13318	-0.225000000	0.312405667
13319	-0.212500000	0.312405667
13320	-0.200000000	0.312405667
13321	-0.187500000	0.312405667
13322	-0.175000000	0.312405667
13323	-0.162500000	0.312405667
13324	-0.150000000	0.312405667
13325	-0.137500000	0.312405667
13326	-0.125000000	0.312405667
13327	-0.112500000	0.312405667
13328	-0.100000000	0.312405667
13329	-0.087500000	0.312405667
13330	-0.075000000	0.312405667
13331	-0.062500000	0.312405667
13332	-0.050000000	0.312405667
13333	-0.037500000	0.312405667
13334	-0.025000000	0.312405667
13335	-0.012500000	0.312405667
13336	0.000000000	0.312405667
13337	0.012500000	0.313485460
13338	0.025000000	0.314563588
13339	0.037500000	0.315638389
13340	0.050000000	0.316708205
13341	0.062500000	0.317771387
13342	0.075000000	0.318826295
13343	0.087500000	0.319871304
13344	0.100000000	0.320904800
13345	0.112500000	0.321925192
13346	0.125000000	0.322930905
13347	0.137500000	0.323920389
13348	0.150000000	0.324892119
13349	0.162500000	0.325844595
13350	0.175000000	0.326776349
13351	0.187500000	0.327685945
13352	0.200000000	0.328571979
13353	0.212500000	0.329433087
13354	0.225000000	0.330267939
13355	0.237500000	0.331075249
13356	0.250000000	0.331853772
13357	0.262500000	0.332602307
13358	0.275000000	0.333319700
13359	0.287500000	0.334004846
13360	0.300000000	0.334656687
13361	0.312500000	0.335274219
13362	0.325000000	0.335856489
13363	0.337500000	0.336402599
13364	0.350000000	0.336911708
13365	0.362500000	0.337383031
13366	0.375000000	0.337815840
13367	0.387500000	0.338209469
13368	0.400000000	0.338563310
13369	0.412500000	0.338876818
13370	0.425000000	0.339149509
13371	0.437500000	0.339380963
13372	0.450000000	0.339570823
13373	0.462500000	0.339718797
13374	0.475000000	0.339824655
13375	0.487500000	0.339888236
13376	0.500000000	0.339909440
13377	0.512500000	0.339888236
13378	0.525000000	0.339824655
13379	0.537500000	0.339718797
13380	0.550000000	0.339570823
13381	0.562500000	0.339380963
13382	0.575000000	0.339149509
13383	0.587500000	0.338876818
13384	0.600000000	0.338563310
13385	0.612500000	0.338209469
13386	0.625000000	0.337815840
13387	0.637500000	0.337383031
13388	0.650000000	0.336911708
13389	0.662500000	0.336402599
13390	0.675000000	0.335856489
13391	0.687500000	0.335274219
13392	0.700000000	0.334656687
13393	0.712500000	0.334004846
13394	0.725000000	0.333319700
13395	0.737500000	0.332602307
13396	0.750000000	0.331853772
13397	0.762500000	0.331075249
13398	0.775000000	0.330267939
13399	0.787500000	0.329433087
13400	0.800000000	0.328571979
13401	0.812500000	0.327685945
13402	0.825000000	0.326776349
13403	0.837500000	0.325844595
13404	0.850000000	0.324892119
13405	0.862500000	0.323920389
13406	0.875000000	0.322930905
13407	0.887500000	0.321925192
13408	0.900000000	0.320904800
13409	0.912500000	0.319871304
13410	0.925000000	0.318826295
13411	0.937500000	0.317771387
13412	0.950000000	0.316708205
13413	0.962500000	0.315638389
13414	0.975000000	0.314563588
13415	0.987500000	0.313485460
13416	1.000000000	0.312405667
13417	1.012500000	0.312405667
13418	1.025000000	0.312405667
13419	1.037500000	0.312405667
13420	1.050000000	0.312405667
13421	1.062500000	0.312405667
13422	1.075000000	0.312405667
13423	1.087500000	0.312405667
13424	1.100000000	0.312405667
13425	1.112500000	0.312405667
13426	1.125000000	0.312405667
13427	1.137500000	0.312405667
13428	1.150000000	0.312405667
13429	1.162500000	0.312405667
13430	1.175000000	0.312405667
13431	1.187500000	0.312405667
13432	1.200000000	0.312405667
13433	1.212500000	0.312405667
13434	1.225000000	0.312405667
13435	1.237500000	0.312405667
13436	1.250000000	0.312405667
13437	1.262500000	0.312405667
13438	1.275000000	0.312405667
13439	1.287500000	0.312405667
13440	1.300000000	0.312405667
13441	1.312500000	0.312405667
13442	1.325000000	0.312405667
13443	1.337500000	0.312405667
13444	1.350000000	0.312405667
13445	1.362500000	0.312405667
13446	1.375000000	0.312405667
13447	1.387500000	0.312405667
13448	1.400000000	0.312405667
13449	1.412500000	0.312405667
13450	1.425000000	0.312405667
13451	1.437500000	0.312405667
13452	1.450000000	0.312405667
13453	1.462500000	0.312405667
13454	1.475000000	0.312405667
13455	1.487500000	0.312405667
13456	1.500000000	0.312405667
13457	1.512500000	0.312405667
13458	1.525000000	0.312405667
13459	1.537500000	0.312405667
13460	1.550000000	0.312405667
13461	1.562500000	0.312405667
13462	1.575000000	0.312405667
13463	1.587500000	0.312405667
13464	1.600000000	0.312405667
13465	1.612500000	0.312405667
13466	1.625000000	0.312405667
13467	1.637500000	0.312405667
13468	1.650000000	0.312405667
13469	1.662500000	0.312405667
13470	1.675000000	0.312405667
13471	1.687500000	0.312405667
13472	1.700000000	0.312405667
13473	1.712500000	0.312405667
13474	1.725000000	0.312405667
13475	1.737500000	0.312405667
13476	1.750000000	0.312405667
13477	1.762500000	0.312405667
13478	1.775000000	0.312405667
13479	1.787500000	0.312405667
13480	1.800000000	0.312405667
13481	1.812500000	0.312405667
13482	1.825000000	0.312405667
13483	1.837500000	0.312405667
13484	1.850000000	0.312405667
13485	1.862500000	0.312405667
13486	1.875000000	0.312405667
13487	1.887500000	0.312405667
13488	1.900000000	0.312405667
13489	1.912500000	0.312405667
13490	1.925000000	0.312405667
13491	1.937500000	0.312405667
13492	1.950000000	0.312405667
13493	1.962500000	0.312405667
13494	1.975000000	0.312405667
13495	1.987500000	0.312405667
13496	2.000000000	0.312405667
13497	-1.000000000	0.327834615
13498	-0.987500000	0.327834615
13499	-0.975000000	0.327834615
13500	-0.962500000	0.327834615
13501	-0.950000000	0.327834615
13502	-0.937500000	0.327834615
13503	-0.925000000	0.327834615
13504	-0.912500000	0.327834615
13505	-0.900000000	0.327834615
13506	-0.887500000	0.327834615
13507	-0.875000000	0.327834615
13508	-0.862500000	0.327834615
13509	-0.850000000	0.327834615
13510	-0.837500000	0.327834615
13511	-0.825000000	0.327834615
13512	-0.812500000	0.327834615
13513	-0.800000000	0.327834615
13514	-0.787500000	0.327834615
13515	-0.775000000	0.327834615
13516	-0.762500000	0.327834615
13517	-0.750000000	0.327834615
13518	-0.737500000	0.327834615
13519	-0.725000000	0.327834615
13520	-0.712500000	0.327834615
13521	-0.700000000	0.327834615
13522	-0.687500000	0.327834615
13523	-0.675000000	0.327834615
13524	-0.662500000	0.327834615
13525	-0.650000000	0.327834615
13526	-0.637500000	0.327834615
13527	-0.625000000	0.327834615
13528	-0.612500000	0.327834615
13529	-0.600000000	0.327834615
13530	-0.587500000	0.327834615
13531	-0.575000000	0.327834615
13532	-0.562500000	0.327834615
13533	-0.550000000	0.327834615
13534	-0.537500000	0.327834615
13535	-0.525000000	0.327834615
13536	-0.512500000	0.327834615
13537	-0.500000000	0.327834615
13538	-0.487500000	0.327834615
13539	-0.475000000	0.327834615
13540	-0.462500000	0.327834615
13541	-0.450000000	0.327834615
13542	-0.437500000	0.327834615
13543	-0.425000000	0.327834615
13544	-0.412500000	0.327834615
13545	-0.400000000	0.327834615
13546	-0.387500000	0.327834615
13547	-0.375000000	0.327834615
13548	-0.362500000	0.327834615
13549	-0.350000000	0.327834615
13550	-0.337500000	0.327834615
13551	-0.325000000	0.327834615
13552	-0.312500000	0.327834615
13553	-0.300000000	0.327834615
13554	-0.287500000	0.327834615
13555	-0.275000000	0.327834615
13556	-0.262500000	0.327834615
13557	-0.250000000	0.327834615
13558	-0.237500000	0.327834615
13559	-0.225000000	0.327834615
13560	-0.212500000	0.327834615
13561	-0.200000000	0.327834615
13562	-0.187500000	0.327834615
13563	-0.175000000	0.327834615
13564	-0.162500000	0.327834615
13565	-0.150000000	0.327834615
13566	-0.137500000	0.327834615
13567	-0.125000000	0.327834615
13568	-0.112500000	0.327834615
13569	-0.100000000	0.327834615
13570	-0.087500000	0.327834615
13571	-0.075000000	0.327834615
13572	-0.062500000	0.327834615
13573	-0.050000000	0.327834615
13574	-0.037500000	0.327834615
13575	-0.025000000	0.327834615
13576	-0.012500000	0.327834615
13577	0.000000000	0.327834615
13578	0.012500000	0.328890179
13579	0.025000000	0.329944115
13580	0.037500000	0.330994798
13581	0.050000000	0.332040609
13582	0.062500000	0.333079934
13583	0.075000000	0.334111171
13584	0.087500000	0.335132730
13585	0.100000000	0.336143037
13586	0.112500000	0.337140532
13587	0.125000000	0.338123678
13588	0.137500000	0.339090959
13589	0.150000000	0.340040883
13590	0.162500000	0.340971987
13591	0.175000000	0.341882833
13592	0.187500000	0.342772019
13593	0.200000000	0.343638171
13594	0.212500000	0.344479956
13595	0.225000000	0.345296075
13596	0.237500000	0.346085270
13597	0.250000000	0.346846324
13598	0.262500000	0.347578062
13599	0.275000000	0.348279358
13600	0.287500000	0.348949130
13601	0.300000000	0.349586344
13602	0.312500000	0.350190019
13603	0.325000000	0.350759224
13604	0.337500000	0.351293080
13605	0.350000000	0.351790765
13606	0.362500000	0.352251512
13607	0.375000000	0.352674609
13608	0.387500000	0.353059405
13609	0.400000000	0.353405306
13610	0.412500000	0.353711779
13611	0.425000000	0.353978352
13612	0.437500000	0.354204612
13613	0.450000000	0.354390212
13614	0.462500000	0.354534865
13615	0.475000000	0.354638348
13616	0.487500000	0.354700502
13617	0.500000000	0.354721231
13618	0.512500000	0.354700502
13619	0.525000000	0.354638348
13620	0.537500000	0.354534865
13621	0.550000000	0.354390212
13622	0.562500000	0.354204612
13623	0.575000000	0.353978352
13624	0.587500000	0.353711779
13625	0.600000000	0.353405306
13626	0.612500000	0.353059405
13627	0.625000000	0.352674609
13628	0.637500000	0.352251512
13629	0.650000000	0.351790765
13630	0.662500000	0.351293080
13631	0.675000000	0.350759224
13632	0.687500000	0.350190019
13633	0.700000000	0.349586344
13634	0.712500000	0.348949130
13635	0.725000000	0.348279358
13636	0.737500000	0.347578062
13637	0.750000000	0.346846324
13638	0.762500000	0.346085270
13639	0.775000000	0.345296075
13640	0.787500000	0.344479956
13641	0.800000000	0.343638171
13642	0.812500000	0.342772019
13643	0.825000000	0.341882833
13644	0.837500000	0.340971987
13645	0.850000000	0.340040883
13646	0.862500000	0.339090959
13647	0.875000000	0.338123678
13648	0.887500000	0.337140532
13649	0.900000000	0.336143037
13650	0.912500000	0.335132730
13651	0.925000000	0.334111171
13652	0.937500000	0.333079934
13653	0.950000000	0.332040609
13654	0.962500000	0.330994798
13655	0.975000000	0.329944115
13656	0.987500000	0.328890179
13657	1.000000000	0.327834615
13658	1.012500000	0.327834615
13659	1.025000000	0.327834615
13660	1.037500000	0.327834615
13661	1.050000000	0.327834615
13662	1.062500000	0.327834615
13663	1.075000000	0.327834615
13664	1.087500000	0.327834615
13665	1.100000000	0.327834615
13666	1.112500000	0.327834615
13667	1.125000000	0.327834615
13668	1.137500000	0.327834615
13669	1.150000000	0.327834615
13670	1.162500000	0.327834615
13671	1.175000000	0.327834615
13672	1.187500000	0.327834615
13673	1.200000000	0.327834615
13674	1.212500000	0.327834615
13675	1.225000000	0.327834615
13676	1.237500000	0.327834615
13677	1.250000000	0.327834615
13678	1.262500000	0.327834615
13679	1.275000000	0.327834615
13680	1.287500000	0.327834615
13681	1.300000000	0.327834615
13682	1.312500000	0.327834615
13683	1.325000000	0.327834615
13684	1.337500000	0.327834615
13685	1.350000000	0.327834615
13686	1.362500000	0.327834615
13687	1.375000000	0.327834615
13688	1.387500000	0.327834615
13689	1.400000000	0.327834615
13690	1.412500000	0.327834615
13691	1.425000000	0.327834615
13692	1.437500000	0.327834615
13693	1.450000000	0.327834615
13694	1.462500000	0.327834615
13695	1.475000000	0.327834615
13696	1.487500000	0.327834615
13697	1.500000000	0.327834615
13698	1.512500000	0.327834615
13699	1.525000000	0.327834615
13700	1.537500000	0.327834615
13701	1.550000000	0.327834615
13702	1.562500000	0.327834615
13703	1.575000000	0.327834615
13704	1.587500000	0.327834615
13705	1.600000000	0.327834615
13706	1.612500000	0.327834615
13707	1.625000000	0.327834615
13708	1.637500000	0.327834615
13709	1.650000000	0.327834615
13710	1.662500000	0.327834615
13711	1.675000000	0.327834615
13712	1.687500000	0.327834615
13713	1.700000000	0.327834615
13714	1.712500000	0.327834615
13715	1.725000000	0.327834615
13716	1.737500000	0.327834615
13717	1.750000000	0.327834615
13718	1.762500000	0.327834615
13719	1.775000000	0.327834615
13720	1.787500000	0.327834615
13721	1.800000000	0.327834615
13722	1.812500000	0.327834615
13723	1.825000000	0.327834615
13724	1.837500000	0.327834615
13725	1.850000000	0.327834615
13726	1.862500000	0.327834615
13727	1.875000000	0.327834615
13728	1.887500000	0.327834615
13729	1.900000000	0.327834615
13730	1.912500000	0.327834615
13731	1.925000000	0.327834615
13732	1.937500000	0.327834615
13733	1.950000000	0.327834615
13734	1.962500000	0.327834615
13735	1.975000000	0.327834615
13736	1.987500000	0.327834615
13737	2.000000000	0.327834615
13738	-1.000000000	0.343957867
13739	-0.987500000	0.343957867
13740	-0.975000000	0.343957867
13741	-0.962500000	0.343957867
13742	-0.950000000	0.343957867
13743	-0.937500000	0.343957867
13744	-0.925000000	0.343957867
13745	-0.912500000	0.343957867
13746	-0.900000000	0.343957867
13747	-0.887500000	0.343957867
13748	-0.875000000	0.343957867
13749	-0.862500000	0.343957867
13750	-0.850000000	0.343957867
13751	-0.837500000	0.343957867
13752	-0.825000000	0.343957867
13753	-0.812500000	0.343957867
13754	-0.800000000	0.343957867
13755	-0.787500000	0.343957867
13756	-0.775000000	0.343957867
13757	-0.762500000	0.343957867
13758	-0.750000000	0.343957867
13759	-0.737500000	0.343957867
13760	-0.725000000	0.343957867
13761	-0.712500000	0.343957867
13762	-0.700000000	0.343957867
13763	-0.687500000	0.343957867
13764	-0.675000000	0.343957867
13765	-0.662500000	0.343957867
13766	-0.650000000	0.343957867
13767	-0.637500000	0.343957867
13768	-0.625000000	0.343957867
13769	-0.612500000	0.343957867
13770	-0.600000000	0.343957867
13771	-0.587500000	0.343957867
13772	-0.575000000	0.343957867
13773	-0.562500000	0.343957867
13774	-0.550000000	0.343957867
13775	-0.537500000	0.343957867
13776	-0.525000000	0.343957867
13777	-0.512500000	0.343957867
13778	-0.500000000	0.343957867
13779	-0.487500000	0.343957867
13780	-0.475000000	0.343957867
13781	-0.462500000	0.343957867
13782	-0.450000000	0.343957867
13783	-0.437500000	0.343957867
13784	-0.425000000	0.343957867
13785	-0.412500000	0.343957867
13786	-0.400000000	0.343957867
13787	-0.387500000	0.343957867
13788	-0.375000000	0.343957867
13789	-0.362500000	0.343957867
13790	-0.350000000	0.343957867
13791	-0.337500000	0.343957867
13792	-0.325000000	0.343957867
13793	-0.312500000	0.343957867
13794	-0.300000000	0.343957867
13795	-0.287500000	0.343957867
13796	-0.275000000	0.343957867
13797	-0.262500000	0.343957867
13798	-0.250000000	0.343957867
13799	-0.237500000	0.343957867
13800	-0.225000000	0.343957867
13801	-0.212500000	0.343957867
13802	-0.200000000	0.343957867
13803	-0.187500000	0.343957867
13804	-0.175000000	0.343957867
13805	-0.162500000	0.343957867
13806	-0.150000000	0.343957867
13807	-0.137500000	0.343957867
13808	-0.125000000	0.343957867
13809	-0.112500000	0.343957867
13810	-0.100000000	0.343957867
13811	-0.087500000	0.343957867
13812	-0.075000000	0.343957867
13813	-0.062500000	0.343957867
13814	-0.050000000	0.343957867
13815	-0.037500000	0.343957867
13816	-0.025000000	0.343957867
13817	-0.012500000	0.343957867
13818	0.000000000	0.343957867
13819	0.012500000	0.344988110
13820	0.025000000	0.346016766
13821	0.037500000	0.347042246
13822	0.050000000	0.348062971
13823	0.062500000	0.349077366
13824	0.075000000	0.350083866
13825	0.087500000	0.351080922
13826	0.100000000	0.352066993
13827	0.112500000	0.353040562
13828	0.125000000	0.354000125
13829	0.137500000	0.354944204
13830	0.150000000	0.355871342
13831	0.162500000	0.356780112
13832	0.175000000	0.357669110
13833	0.187500000	0.358536966
13834	0.200000000	0.359382342
13835	0.212500000	0.360203935
13836	0.225000000	0.361000478
13837	0.237500000	0.361770742
13838	0.250000000	0.362513540
13839	0.262500000	0.363227727
13840	0.275000000	0.363912201
13841	0.287500000	0.364565906
13842	0.300000000	0.365187836
13843	0.312500000	0.365777031
13844	0.325000000	0.366332582
13845	0.337500000	0.366853632
13846	0.350000000	0.367339379
13847	0.362500000	0.367789074
13848	0.375000000	0.368202023
13849	0.387500000	0.368577588
13850	0.400000000	0.368915192
13851	0.412500000	0.369214314
13852	0.425000000	0.369474492
13853	0.437500000	0.369695325
13854	0.450000000	0.369876473
13855	0.462500000	0.370017657
13856	0.475000000	0.370118658
13857	0.487500000	0.370179321
13858	0.500000000	0.370199552
13859	0.512500000	0.370179321
13860	0.525000000	0.370118658
13861	0.537500000	0.370017657
13862	0.550000000	0.369876473
13863	0.562500000	0.369695325
13864	0.575000000	0.369474492
13865	0.587500000	0.369214314
13866	0.600000000	0.368915192
13867	0.612500000	0.368577588
13868	0.625000000	0.368202023
13869	0.637500000	0.367789074
13870	0.650000000	0.367339379
13871	0.662500000	0.366853632
13872	0.675000000	0.366332582
13873	0.687500000	0.365777031
13874	0.700000000	0.365187836
13875	0.712500000	0.364565906
13876	0.725000000	0.363912201
13877	0.737500000	0.363227727
13878	0.750000000	0.362513540
13879	0.762500000	0.361770742
13880	0.775000000	0.361000478
13881	0.787500000	0.360203935
13882	0.800000000	0.359382342
13883	0.812500000	0.358536966
13884	0.825000000	0.357669110
13885	0.837500000	0.356780112
13886	0.850000000	0.355871342
13887	0.862500000	0.354944204
13888	0.875000000	0.354000125
13889	0.887500000	0.353040562
13890	0.900000000	0.352066993
13891	0.912500000	0.351080922
13892	0.925000000	0.350083866
13893	0.937500000	0.349077366
13894	0.950000000	0.348062971
13895	0.962500000	0.347042246
13896	0.975000000	0.346016766
13897	0.987500000	0.344988110
13898	1.000000000	0.343957867
13899	1.012500000	0.343957867
13900	1.025000000	0.343957867
13901	1.037500000	0.343957867
13902	1.050000000	0.343957867
13903	1.062500000	0.343957867
13904	1.075000000	0.343957867
13905	1.087500000	0.343957867
13906	1.100000000	0.343957867
13907	1.112500000	0.343957867
13908	1.125000000	0.343957867
13909	1.137500000	0.343957867
13910	1.150000000	0.343957867
13911	1.162500000	0.343957867
13912	1.175000000	0.343957867
13913	1.187500000	0.343957867
13914	1.200000000	0.343957867
13915	1.212500000	0.343957867
13916	1.225000000	0.343957867
13917	1.237500000	0.343957867
13918	1.250000000	0.343957867
13919	1.262500000	0.343957867
13920	1.275000000	0.343957867
13921	1.287500000	0.343957867
13922	1.300000000	0.343957867
13923	1.312500000	0.343957867
13924	1.325000000	0.343957867
13925	1.337500000	0.343957867
13926	1.350000000	0.343957867
13927	1.362500000	0.343957867
13928	1.375000000	0.343957867
13929	1.387500000	0.343957867
13930	1.400000000	0.343957867
13931	1.412500000	0.343957867
13932	1.425000000	0.343957867
13933	1.437500000	0.343957867
13934	1.450000000	0.343957867
13935	1.462500000	0.343957867
13936	1.475000000	0.343957867
13937	1.487500000	0.343957867
13938	1.500000000	0.343957867
13939	1.512500000	0.343957867
13940	1.525000000	0.343957867
13941	1.537500000	0.343957867
13942	1.550000000	0.343957867
13943	1.562500000	0.343957867
13944	1.575000000	0.343957867
13945	1.587500000	0.343957867
13946	1.600000000	0.343957867
13947	1.612500000	0.343957867
13948	1.625000000	0.343957867
13949	1.637500000	0.343957867
13950	1.650000000	0.343957867
13951	1.662500000	0.343957867
13952	1.675000000	0.343957867
13953	1.687500000	0.343957867
13954	1.700000000	0.343957867
13955	1.712500000	0.343957867
13956	1.725000000	0.343957867
13957	1.737500000	0.343957867
13958	1.750000000	0.343957867
13959	1.762500000	0.343957867
13960	1.775000000	0.343957867
13961	1.787500000	0.343957867
13962	1.800000000	0.343957867
13963	1.812500000	0.343957867
13964	1.825000000	0.343957867
13965	1.837500000	0.343957867
13966	1.850000000	0.343957867
13967	1.862500000	0.343957867
13968	1.875000000	0.343957867
13969	1.887500000	0.343957867
13970	1.900000000	0.343957867
13971	1.912500000	0.343957867
13972	1.925000000	0.343957867
13973	1.937500000	0.343957867
13974	1.950000000	0.343957867
13975	1.962500000	0.343957867
13976	1.975000000	0.343957867
13977	1.987500000	0.343957867
13978	2.000000000	0.343957867
13979	-1.000000000	0.360806664
13980	-0.987500000	0.360806664
13981	-0.975000000	0.360806664
13982	-0.962500000	0.360806664
13983	-0.950000000	0.360806664
13984	-0.937500000	0.360806664
13985	-0.925000000	0.360806664
13986	-0.912500000	0.360806664
13987	-0.900000000	0.360806664
13988	-0.887500000	0.360806664
13989	-0.875000000	0.360806664
13990	-0.862500000	0.360806664
13991	-0.850000000	0.360806664
13992	-0.837500000	0.360806664
13993	-0.825000000	0.360806664
13994	-0.812500000	0.360806664
13995	-0.800000000	0.360806664
13996	-0.787500000	0.360806664
13997	-0.775000000	0.360806664
13998	-0.762500000	0.360806664
13999	-0.750000000	0.360806664
14000	-0.737500000	0.360806664
14001	-0.725000000	0.360806664
14002	-0.712500000	0.360806664
14003	-0.700000000	0.360806664
14004	-0.687500000	0.360806664
14005	-0.675000000	0.360806664
14006	-0.662500000	0.360806664
14007	-0.650000000	0.360806664
14008	-0.637500000	0.360806664
14009	-0.625000000	0.360806664
14010	-0.612500000	0.360806664
14011	-0.600000000	0.360806664
14012	-0.587500000	0.360806664
14013	-0.575000000	0.360806664
14014	-0.562500000	0.360806664
14015	-0.550000000	0.360806664
14016	-0.537500000	0.360806664
14017	-0.525000000	0.360806664
14018	-0.512500000	0.360806664
14019	-0.500000000	0.360806664
14020	-0.487500000	0.360806664
14021	-0.475000000	0.360806664
14022	-0.462500000	0.360806664
14023	-0.450000000	0.360806664
14024	-0.437500000	0.360806664
14025	-0.425000000	0.360806664
14026	-0.412500000	0.360806664
14027	-0.400000000	0.360806664
14028	-0.387500000	0.360806664
14029	-0.375000000	0.360806664
14030	-0.362500000	0.360806664
14031	-0.350000000	0.360806664
14032	-0.337500000	0.360806664
14033	-0.325000000	0.360806664
14034	-0.312500000	0.360806664
14035	-0.300000000	0.360806664
14036	-0.287500000	0.360806664
14037	-0.275000000	0.360806664
14038	-0.262500000	0.360806664
14039	-0.250000000	0.360806664
14040	-0.237500000	0.360806664
14041	-0.225000000	0.360806664
14042	-0.212500000	0.360806664
14043	-0.200000000	0.360806664
14044	-0.187500000	0.360806664
14045	-0.175000000	0.360806664
14046	-0.162500000	0.360806664
14047	-0.150000000	0.360806664
14048	-0.137500000	0.360806664
14049	-0.125000000	0.360806664
14050	-0.112500000	0.360806664
14051	-0.100000000	0.360806664
14052	-0.087500000	0.360806664
14053	-0.075000000	0.360806664
14054	-0.062500000	0.360806664
14055	-0.050000000	0.360806664
14056	-0.037500000	0.360806664
14057	-0.025000000	0.360806664
14058	-0.012500000	0.360806664
14059	0.000000000	0.360806664
14060	0.012500000	0.361810449
14061	0.025000000	0.362812685
14062	0.037500000	0.363811829
14063	0.050000000	0.364806339
14064	0.062500000	0.365794682
14065	0.075000000	0.366775333
14066	0.087500000	0.367746781
14067	0.100000000	0.368707528
14068	0.112500000	0.369656093
14069	0.125000000	0.370591012
14070	0.137500000	0.371510845
14071	0.150000000	0.372414172
14072	0.162500000	0.373299602
14073	0.175000000	0.374165768
14074	0.187500000	0.375011336
14075	0.200000000	0.375835001
14076	0.212500000	0.376635493
14077	0.225000000	0.377411579
14078	0.237500000	0.378162061
14079	0.250000000	0.378885782
14080	0.262500000	0.379581626
14081	0.275000000	0.380248521
14082	0.287500000	0.380885438
14083	0.300000000	0.381491395
14084	0.312500000	0.382065458
14085	0.325000000	0.382606741
14086	0.337500000	0.383114409
14087	0.350000000	0.383587681
14088	0.362500000	0.384025827
14089	0.375000000	0.384428170
14090	0.387500000	0.384794090
14091	0.400000000	0.385123024
14092	0.412500000	0.385414463
14093	0.425000000	0.385667959
14094	0.437500000	0.385883121
14095	0.450000000	0.386059616
14096	0.462500000	0.386197174
14097	0.475000000	0.386295581
14098	0.487500000	0.386354686
14099	0.500000000	0.386374398
14100	0.512500000	0.386354686
14101	0.525000000	0.386295581
14102	0.537500000	0.386197174
14103	0.550000000	0.386059616
14104	0.562500000	0.385883121
14105	0.575000000	0.385667959
14106	0.587500000	0.385414463
14107	0.600000000	0.385123024
14108	0.612500000	0.384794090
14109	0.625000000	0.384428170
14110	0.637500000	0.384025827
14111	0.650000000	0.383587681
14112	0.662500000	0.383114409
14113	0.675000000	0.382606741
14114	0.687500000	0.382065458
14115	0.700000000	0.381491395
14116	0.712500000	0.380885438
14117	0.725000000	0.380248521
14118	0.737500000	0.379581626
14119	0.750000000	0.378885782
14120	0.762500000	0.378162061
14121	0.775000000	0.377411579
14122	0.787500000	0.376635493
14123	0.800000000	0.375835001
14124	0.812500000	0.375011336
14125	0.825000000	0.374165768
14126	0.837500000	0.373299602
14127	0.850000000	0.372414172
14128	0.862500000	0.371510845
14129	0.875000000	0.370591012
14130	0.887500000	0.369656093
14131	0.900000000	0.368707528
14132	0.912500000	0.367746781
14133	0.925000000	0.366775333
14134	0.937500000	0.365794682
14135	0.950000000	0.364806339
14136	0.962500000	0.363811829
14137	0.975000000	0.362812685
14138	0.987500000	0.361810449
14139	1.000000000	0.360806664
14140	1.012500000	0.360806664
14141	1.025000000	0.360806664
14142	1.037500000	0.360806664
14143	1.050000000	0.360806664
14144	1.062500000	0.360806664
14145	1.075000000	0.360806664
14146	1.087500000	0.360806664
14147	1.100000000	0.360806664
14148	1.112500000	0.360806664
14149	1.125000000	0.360806664
14150	1.137500000	0.360806664
14151	1.150000000	0.360806664
14152	1.162500000	0.360806664
14153	1.175000000	0.360806664
14154	1.187500000	0.360806664
14155	1.200000000	0.360806664
14156	1.212500000	0.360806664
14157	1.225000000	0.360806664
14158	1.237500000	0.360806664
14159	1.250000000	0.360806664
14160	1.262500000	0.360806664
14161	1.275000000	0.360806664
14162	1.287500000	0.360806664
14163	1.300000000	0.360806664
14164	1.312500000	0.360806664
14165	1.325000000	0.360806664
14166	1.337500000	0.360806664
14167	1.350000000	0.360806664
14168	1.362500000	0.360806664
14169	1.375000000	0.360806664
14170	1.387500000	0.360806664
14171	1.400000000	0.360806664
14172	1.412500000	0.360806664
14173	1.425000000	0.360806664
14174	1.437500000	0.360806664
14175	1.450000000	0.360806664
14176	1.462500000	0.360806664
14177	1.475000000	0.360806664
14178	1.487500000	0.360806664
14179	1.500000000	0.360806664
14180	1.512500000	0.360806664
14181	1.525000000	0.360806664
14182	1.537500000	0.360806664
14183	1.550000000	0.360806664
14184	1.562500000	0.360806664
14185	1.575000000	0.360806664
14186	1.587500000	0.360806664
14187	1.600000000	0.360806664
14188	1.612500000	0.360806664
14189	1.625000000	0.360806664
14190	1.637500000	0.360806664
14191	1.650000000	0.360806664
14192	1.662500000	0.360806664
14193	1.675000000	0.360806664
14194	1.687500000	0.360806664
14195	1.700000000	0.360806664
14196	1.712500000	0.360806664
14197	1.725000000	0.360806664
14198	1.737500000	0.360806664
14199	1.750000000	0.360806664
14200	1.762500000	0.360806664
14201	1.775000000	0.360806664
14202	1.787500000	0.360806664
14203	1.800000000	0.360806664
14204	1.812500000	0.360806664
14205	1.825000000	0.360806664
14206	1.837500000	0.360806664
14207	1.850000000	0.360806664
14208	1.862500000	0.360806664
14209	1.875000000	0.360806664
14210	1.887500000	0.360806664
14211	1.900000000	0.360806664
14212	1.912500000	0.360806664
14213	1.925000000	0.360806664
14214	1.937500000	0.360806664
14215	1.950000000	0.360806664
14216	1.962500000	0.360806664
14217	1.975000000	0.360806664
14218	1.987500000	0.360806664
14219	2.000000000	0.360806664
14220	-1.000000000	0.378413658
14221	-0.987500000	0.378413658
14222	-0.975000000	0.378413658
14223	-0.962500000	0.378413658
14224	-0.950000000	0.378413658
14225	-0.937500000	0.378413658
14226	-0.925000000	0.378413658
14227	-0.912500000	0.378413658
14228	-0.900000000	0.378413658
14229	-0.887500000	0.378413658
14230	-0.875000000	0.378413658
14231	-0.862500000	0.378413658
14232	-0.850000000	0.378413658
14233	-0.837500000	0.378413658
14234	-0.825000000	0.378413658
14235	-0.812500000	0.378413658
14236	-0.800000000	0.378413658
14237	-0.787500000	0.378413658
14238	-0.775000000	0.378413658
14239	-0.762500000	0.378413658
14240	-0.750000000	0.378413658
14241	-0.737500000	0.378413658
14242	-0.725000000	0.378413658
14243	-0.712500000	0.378413658
14244	-0.700000000	0.378413658
14245	-0.687500000	0.378413658
14246	-0.675000000	0.378413658
14247	-0.662500000	0.378413658
14248	-0.650000000	0.378413658
14249	-0.637500000	0.378413658
14250	-0.625000000	0.378413658
14251	-0.612500000	0.378413658
14252	-0.600000000	0.378413658
14253	-0.587500000	0.378413658
14254	-0.575000000	0.378413658
14255	-0.562500000	0.378413658
14256	-0.550000000	0.378413658
14257	-0.537500000	0.378413658
14258	-0.525000000	0.378413658
14259	-0.512500000	0.378413658
14260	-0.500000000	0.378413658
14261	-0.487500000	0.378413658
14262	-0.475000000	0.378413658
14263	-0.462500000	0.378413658
14264	-0.450000000	0.378413658
14265	-0.437500000	0.378413658
14266	-0.425000000	0.378413658
14267	-0.412500000	0.378413658
14268	-0.400000000	0.378413658
14269	-0.387500000	0.378413658
14270	-0.375000000	0.378413658
14271	-0.362500000	0.378413658
14272	-0.350000000	0.378413658
14273	-0.337500000	0.378413658
14274	-0.325000000	0.378413658
14275	-0.312500000	0.378413658
14276	-0.300000000	0.378413658
14277	-0.287500000	0.378413658
14278	-0.275000000	0.378413658
14279	-0.262500000	0.378413658
14280	-0.250000000	0.378413658
14281	-0.237500000	0.378413658
14282	-0.225000000	0.378413658
14283	-0.212500000	0.378413658
14284	-0.200000000	0.378413658
14285	-0.187500000	0.378413658
14286	-0.175000000	0.378413658
14287	-0.162500000	0.378413658
14288	-0.150000000	0.378413658
14289	-0.137500000	0.378413658
14290	-0.125000000	0.378413658
14291	-0.112500000	0.378413658
14292	-0.100000000	0.378413658
14293	-0.087500000	0.378413658
14294	-0.075000000	0.378413658
14295	-0.062500000	0.378413658
14296	-0.050000000	0.378413658
14297	-0.037500000	0.378413658
14298	-0.025000000	0.378413658
14299	-0.012500000	0.378413658
14300	0.000000000	0.378413658
14301	0.012500000	0.379389792
14302	0.025000000	0.380364422
14303	0.037500000	0.381336043
14304	0.050000000	0.382303159
14305	0.062500000	0.383264277
14306	0.075000000	0.384217916
14307	0.087500000	0.385162605
14308	0.100000000	0.386096887
14309	0.112500000	0.387019323
14310	0.125000000	0.387928489
14311	0.137500000	0.388822985
14312	0.150000000	0.389701429
14313	0.162500000	0.390562469
14314	0.175000000	0.391404776
14315	0.187500000	0.392227052
14316	0.200000000	0.393028029
14317	0.212500000	0.393806471
14318	0.225000000	0.394561179
14319	0.237500000	0.395290988
14320	0.250000000	0.395994774
14321	0.262500000	0.396671451
14322	0.275000000	0.397319976
14323	0.287500000	0.397939349
14324	0.300000000	0.398528614
14325	0.312500000	0.399086864
14326	0.325000000	0.399613237
14327	0.337500000	0.400106922
14328	0.350000000	0.400567157
14329	0.362500000	0.400993233
14330	0.375000000	0.401384494
14331	0.387500000	0.401740334
14332	0.400000000	0.402060207
14333	0.412500000	0.402343619
14334	0.425000000	0.402590132
14335	0.437500000	0.402799367
14336	0.450000000	0.402971001
14337	0.462500000	0.403104769
14338	0.475000000	0.403200466
14339	0.487500000	0.403257942
14340	0.500000000	0.403277111
14341	0.512500000	0.403257942
14342	0.525000000	0.403200466
14343	0.537500000	0.403104769
14344	0.550000000	0.402971001
14345	0.562500000	0.402799367
14346	0.575000000	0.402590132
14347	0.587500000	0.402343619
14348	0.600000000	0.402060207
14349	0.612500000	0.401740334
14350	0.625000000	0.401384494
14351	0.637500000	0.400993233
14352	0.650000000	0.400567157
14353	0.662500000	0.400106922
14354	0.675000000	0.399613237
14355	0.687500000	0.399086864
14356	0.700000000	0.398528614
14357	0.712500000	0.397939349
14358	0.725000000	0.397319976
14359	0.737500000	0.396671451
14360	0.750000000	0.395994774
14361	0.762500000	0.395290988
14362	0.775000000	0.394561179
14363	0.787500000	0.393806471
14364	0.800000000	0.393028029
14365	0.812500000	0.392227052
14366	0.825000000	0.391404776
14367	0.837500000	0.390562469
14368	0.850000000	0.389701429
14369	0.862500000	0.388822985
14370	0.875000000	0.387928489
14371	0.887500000	0.387019323
14372	0.900000000	0.386096887
14373	0.912500000	0.385162605
14374	0.925000000	0.384217916
14375	0.937500000	0.383264277
14376	0.950000000	0.382303159
14377	0.962500000	0.381336043
14378	0.975000000	0.380364422
14379	0.987500000	0.379389792
14380	1.000000000	0.378413658
14381	1.012500000	0.378413658
14382	1.025000000	0.378413658
14383	1.037500000	0.378413658
14384	1.050000000	0.378413658
14385	1.062500000	0.378413658
14386	1.075000000	0.378413658
14387	1.087500000	0.378413658
14388	1.100000000	0.378413658
14389	1.112500000	0.378413658
14390	1.125000000	0.378413658
14391	1.137500000	0.378413658
14392	1.150000000	0.378413658
14393	1.162500000	0.378413658
14394	1.175000000	0.378413658
14395	1.187500000	0.378413658
14396	1.200000000	0.378413658
14397	1.212500000	0.378413658
14398	1.225000000	0.378413658
14399	1.237500000	0.378413658
14400	1.250000000	0.378413658
14401	1.262500000	0.378413658
14402	1.275000000	0.378413658
14403	1.287500000	0.378413658
14404	1.300000000	0.378413658
14405	1.312500000	0.378413658
14406	1.325000000	0.378413658
14407	1.337500000	0.378413658
14408	1.350000000	0.378413658
14409	1.362500000	0.378413658
14410	1.375000000	0.378413658
14411	1.387500000	0.378413658
14412	1.400000000	0.378413658
14413	1.412500000	0.378413658
14414	1.425000000	0.378413658
14415	1.437500000	0.378413658
14416	1.450000000	0.378413658
14417	1.462500000	0.378413658
14418	1.475000000	0.378413658
14419	1.487500000	0.378413658
14420	1.500000000	0.378413658
14421	1.512500000	0.378413658
14422	1.525000000	0.378413658
14423	1.537500000	0.378413658
14424	1.550000000	0.378413658
14425	1.562500000	0.378413658
14426	1.575000000	0.378413658
14427	1.587500000	0.378413658
14428	1.600000000	0.378413658
14429	1.612500000	0.378413658
14430	1.625000000	0.378413658
14431	1.637500000	0.378413658
14432	1.650000000	0.378413658
14433	1.662500000	0.378413658
14434	1.675000000	0.378413658
14435	1.687500000	0.378413658
14436	1.700000000	0.378413658
14437	1.712500000	0.378413658
14438	1.725000000	0.378413658
14439	1.737500000	0.378413658
14440	1.750000000	0.378413658
14441	1.762500000	0.378413658
14442	1.775000000	0.378413658
14443	1.787500000	0.378413658
14444	1.800000000	0.378413658
14445	1.812500000	0.378413658
14446	1.825000000	0.378413658
14447	1.837500000	0.378413658
14448	1.850000000	0.378413658
14449	1.862500000	0.378413658
14450	1.875000000	0.378413658
14451	1.887500000	0.378413658
14452	1.900000000	0.378413658
14453	1.912500000	0.378413658
14454	1.925000000	0.378413658
14455	1.937500000	0.378413658
14456	1.950000000	0.378413658
14457	1.962500000	0.378413658
14458	1.975000000	0.378413658
14459	1.987500000	0.378413658
14460	2.000000000	0.378413658
14461	-1.000000000	0.396812966
14462	-0.987500000	0.396812966
14463	-0.975000000	0.396812966
14464	-0.962500000	0.396812966
14465	-0.950000000	0.396812966
14466	-0.937500000	0.396812966
14467	-0.925000000	0.396812966
14468	-0.912500000	0.396812966
14469	-0.900000000	0.396812966
14470	-0.887500000	0.396812966
14471	-0.875000000	0.396812966
14472	-0.862500000	0.396812966
14473	-0.850000000	0.396812966
14474	-0.837500000	0.396812966
14475	-0.825000000	0.396812966
14476	-0.812500000	0.396812966
14477	-0.800000000	0.396812966
14478	-0.787500000	0.396812966
14479	-0.775000000	0.396812966
14480	-0.762500000	0.396812966
14481	-0.750000000	0.396812966
14482	-0.737500000	0.396812966
14483	-0.725000000	0.396812966
14484	-0.712500000	0.396812966
14485	-0.700000000	0.396812966
14486	-0.687500000	0.396812966
14487	-0.675000000	0.396812966
14488	-0.662500000	0.396812966
14489	-0.650000000	0.396812966
14490	-0.637500000	0.396812966
14491	-0.625000000	0.396812966
14492	-0.612500000	0.396812966
14493	-0.600000000	0.396812966
14494	-0.587500000	0.396812966
14495	-0.575000000	0.396812966
14496	-0.562500000	0.396812966
14497	-0.550000000	0.396812966
14498	-0.537500000	0.396812966
14499	-0.525000000	0.396812966
14500	-0.512500000	0.396812966
14501	-0.500000000	0.396812966
14502	-0.487500000	0.396812966
14503	-0.475000000	0.396812966
14504	-0.462500000	0.396812966
14505	-0.450000000	0.396812966
14506	-0.437500000	0.396812966
14507	-0.425000000	0.396812966
14508	-0.412500000	0.396812966
14509	-0.400000000	0.396812966
14510	-0.387500000	0.396812966
14511	-0.375000000	0.396812966
14512	-0.362500000	0.396812966
14513	-0.350000000	0.396812966
14514	-0.337500000	0.396812966
14515	-0.325000000	0.396812966
14516	-0.312500000	0.396812966
14517	-0.300000000	0.396812966
14518	-0.287500000	0.396812966
14519	-0.275000000	0.396812966
14520	-0.262500000	0.396812966
14521	-0.250000000	0.396812966
14522	-0.237500000	0.396812966
14523	-0.225000000	0.396812966
14524	-0.212500000	0.396812966
14525	-0.200000000	0.396812966
14526	-0.187500000	0.396812966
14527	-0.175000000	0.396812966
14528	-0.162500000	0.396812966
14529	-0.150000000	0.396812966
14530	-0.137500000	0.396812966
14531	-0.125000000	0.396812966
14532	-0.112500000	0.396812966
14533	-0.100000000	0.396812966
14534	-0.087500000	0.396812966
14535	-0.075000000	0.396812966
14536	-0.062500000	0.396812966
14537	-0.050000000	0.396812966
14538	-0.037500000	0.396812966
14539	-0.025000000	0.396812966
14540	-0.012500000	0.396812966
14541	0.000000000	0.396812966
14542	0.012500000	0.397760206
14543	0.025000000	0.398705986
14544	0.037500000	0.399648847
14545	0.050000000	0.400587335
14546	0.062500000	0.401520004
14547	0.075000000	0.402445414
14548	0.087500000	0.403362140
14549	0.100000000	0.404268767
14550	0.112500000	0.405163899
14551	0.125000000	0.406046153
14552	0.137500000	0.406914171
14553	0.150000000	0.407766613
14554	0.162500000	0.408602166
14555	0.175000000	0.409419540
14556	0.187500000	0.410217476
14557	0.200000000	0.410994743
14558	0.212500000	0.411750143
14559	0.225000000	0.412482511
14560	0.237500000	0.413190718
14561	0.250000000	0.413873671
14562	0.262500000	0.414530318
14563	0.275000000	0.415159646
14564	0.287500000	0.415760685
14565	0.300000000	0.416332508
14566	0.312500000	0.416874233
14567	0.325000000	0.417385025
14568	0.337500000	0.417864097
14569	0.350000000	0.418310709
14570	0.362500000	0.418724173
14571	0.375000000	0.419103852
14572	0.387500000	0.419449160
14573	0.400000000	0.419759564
14574	0.412500000	0.420034586
14575	0.425000000	0.420273803
14576	0.437500000	0.420476844
14577	0.450000000	0.420643398
14578	0.462500000	0.420773206
14579	0.475000000	0.420866070
14580	0.487500000	0.420921846
14581	0.500000000	0.420940447
14582	0.512500000	0.420921846
14583	0.525000000	0.420866070
14584	0.537500000	0.420773206
14585	0.550000000	0.420643398
14586	0.562500000	0.420476844
14587	0.575000000	0.420273803
14588	0.587500000	0.420034586
14589	0.600000000	0.419759564
14590	0.612500000	0.419449160
14591	0.625000000	0.419103852
14592	0.637500000	0.418724173
14593	0.650000000	0.418310709
14594	0.662500000	0.417864097
14595	0.675000000	0.417385025
14596	0.687500000	0.416874233
14597	0.700000000	0.416332508
14598	0.712500000	0.415760685
14599	0.725000000	0.415159646
14600	0.737500000	0.414530318
14601	0.750000000	0.413873671
14602	0.762500000	0.413190718
14603	0.775000000	0.412482511
14604	0.787500000	0.411750143
14605	0.800000000	0.410994743
14606	0.812500000	0.410217476
14607	0.825000000	0.409419540
14608	0.837500000	0.408602166
14609	0.850000000	0.407766613
14610	0.862500000	0.406914171
14611	0.875000000	0.406046153
14612	0.887500000	0.405163899
14613	0.900000000	0.404268767
14614	0.912500000	0.403362140
14615	0.925000000	0.402445414
14616	0.937500000	0.401520004
14617	0.950000000	0.400587335
14618	0.962500000	0.399648847
14619	0.975000000	0.398705986
14620	0.987500000	0.397760206
14621	1.000000000	0.396812966
14622	1.012500000	0.396812966
14623	1.025000000	0.396812966
14624	1.037500000	0.396812966
14625	1.050000000	0.396812966
14626	1.062500000	0.396812966
14627	1.075000000	0.396812966
14628	1.087500000	0.396812966
14629	1.100000000	0.396812966
14630	1.112500000	0.396812966
14631	1.125000000	0.396812966
14632	1.137500000	0.396812966
14633	1.150000000	0.396812966
14634	1.162500000	0.396812966
14635	1.175000000	0.396812966
14636	1.187500000	0.396812966
14637	1.200000000	0.396812966
14638	1.212500000	0.396812966
14639	1.225000000	0.396812966
14640	1.237500000	0.396812966
14641	1.250000000	0.396812966
14642	1.262500000	0.396812966
14643	1.275000000	0.396812966
14644	1.287500000	0.396812966
14645	1.300000000	0.396812966
14646	1.312500000	0.396812966
14647	1.325000000	0.396812966
14648	1.337500000	0.396812966
14649	1.350000000	0.396812966
14650	1.362500000	0.396812966
14651	1.375000000	0.396812966
14652	1.387500000	0.396812966
14653	1.400000000	0.396812966
14654	1.412500000	0.396812966
14655	1.425000000	0.396812966
14656	1.437500000	0.396812966
14657	1.450000000	0.396812966
14658	1.462500000	0.396812966
14659	1.475000000	0.396812966
14660	1.487500000	0.396812966
14661	1.500000000	0.396812966
14662	1.512500000	0.396812966
14663	1.525000000	0.396812966
14664	1.537500000	0.396812966
14665	1.550000000	0.396812966
14666	1.562500000	0.396812966
14667	1.575000000	0.396812966
14668	1.587500000	0.396812966
14669	1.600000000	0.396812966
14670	1.612500000	0.396812966
14671	1.625000000	0.396812966
14672	1.637500000	0.396812966
14673	1.650000000	0.396812966
14674	1.662500000	0.396812966
14675	1.675000000	0.396812966
14676	1.687500000	0.396812966
14677	1.700000000	0.396812966
14678	1.712500000	0.396812966
14679	1.725000000	0.396812966
14680	1.737500000	0.396812966
14681	1.750000000	0.396812966
14682	1.762500000	0.396812966
14683	1.775000000	0.396812966
14684	1.787500000	0.396812966
14685	1.800000000	0.396812966
14686	1.812500000	0.396812966
14687	1.825000000	0.396812966
14688	1.837500000	0.396812966
14689	1.850000000	0.396812966
14690	1.862500000	0.396812966
14691	1.875000000	0.396812966
14692	1.887500000	0.396812966
14693	1.900000000	0.396812966
14694	1.912500000	0.396812966
14695	1.925000000	0.396812966
14696	1.937500000	0.396812966
14697	1.950000000	0.396812966
14698	1.962500000	0.396812966
14699	1.975000000	0.396812966
14700	1.987500000	0.396812966
14701	2.000000000	0.396812966
14702	-1.000000000	0.416040243
14703	-0.987500000	0.416040243
14704	-0.975000000	0.416040243
14705	-0.962500000	0.416040243
14706	-0.950000000	0.416040243
14707	-0.937500000	0.416040243
14708	-0.925000000	0.416040243
14709	-0.912500000	0.416040243
14710	-0.900000000	0.416040243
14711	-0.887500000	0.416040243
14712	-0.875000000	0.416040243
14713	-0.862500000	0.416040243
14714	-0.850000000	0.416040243
14715	-0.837500000	0.416040243
14716	-0.825000000	0.416040243
14717	-0.812500000	0.416040243
14718	-0.800000000	0.416040243
14719	-0.787500000	0.416040243
14720	-0.775000000	0.416040243
14721	-0.762500000	0.416040243
14722	-0.750000000	0.416040243
14723	-0.737500000	0.416040243
14724	-0.725000000	0.416040243
14725	-0.712500000	0.416040243
14726	-0.700000000	0.416040243
14727	-0.687500000	0.416040243
14728	-0.675000000	0.416040243
14729	-0.662500000	0.416040243
14730	-0.650000000	0.416040243
14731	-0.637500000	0.416040243
14732	-0.625000000	0.416040243
14733	-0.612500000	0.416040243
14734	-0.600000000	0.416040243
14735	-0.587500000	0.416040243
14736	-0.575000000	0.416040243
14737	-0.562500000	0.416040243
14738	-0.550000000	0.416040243
14739	-0.537500000	0.416040243
14740	-0.525000000	0.416040243
14741	-0.512500000	0.416040243
14742	-0.500000000	0.416040243
14743	-0.487500000	0.416040243
14744	-0.475000000	0.416040243
14745	-0.462500000	0.416040243
14746	-0.450000000	0.416040243
14747	-0.437500000	0.416040243
14748	-0.425000000	0.416040243
14749	-0.412500000	0.416040243
14750	-0.400000000	0.416040243
14751	-0.387500000	0.416040243
14752	-0.375000000	0.416040243
14753	-0.362500000	0.416040243
14754	-0.350000000	0.416040243
14755	-0.337500000	0.416040243
14756	-0.325000000	0.416040243
14757	-0.312500000	0.416040243
14758	-0.300000000	0.416040243
14759	-0.287500000	0.416040243
14760	-0.275000000	0.416040243
14761	-0.262500000	0.416040243
14762	-0.250000000	0.416040243
14763	-0.237500000	0.416040243
14764	-0.225000000	0.416040243
14765	-0.212500000	0.416040243
14766	-0.200000000	0.416040243
14767	-0.187500000	0.416040243
14768	-0.175000000	0.416040243
14769	-0.162500000	0.416040243
14770	-0.150000000	0.416040243
14771	-0.137500000	0.416040243
14772	-0.125000000	0.416040243
14773	-0.112500000	0.416040243
14774	-0.100000000	0.416040243
14775	-0.087500000	0.416040243
14776	-0.075000000	0.416040243
14777	-0.062500000	0.416040243
14778	-0.050000000	0.416040243
14779	-0.037500000	0.416040243
14780	-0.025000000	0.416040243
14781	-0.012500000	0.416040243
14782	0.000000000	0.416040243
14783	0.012500000	0.416957289
14784	0.025000000	0.417872921
14785	0.037500000	0.418785727
14786	0.050000000	0.419694300
14787	0.062500000	0.420597239
14788	0.075000000	0.421493151
14789	0.087500000	0.422380655
14790	0.100000000	0.423258382
14791	0.112500000	0.424124980
14792	0.125000000	0.424979112
14793	0.137500000	0.425819460
14794	0.150000000	0.426644730
14795	0.162500000	0.427453648
14796	0.175000000	0.428244968
14797	0.187500000	0.429017469
14798	0.200000000	0.429769960
14799	0.212500000	0.430501281
14800	0.225000000	0.431210304
14801	0.237500000	0.431895935
14802	0.250000000	0.432557119
14803	0.262500000	0.433192834
14804	0.275000000	0.433802102
14805	0.287500000	0.434383982
14806	0.300000000	0.434937577
14807	0.312500000	0.435462034
14808	0.325000000	0.435956544
14809	0.337500000	0.436420345
14810	0.350000000	0.436852721
14811	0.362500000	0.437253005
14812	0.375000000	0.437620581
14813	0.387500000	0.437954882
14814	0.400000000	0.438255392
14815	0.412500000	0.438521648
14816	0.425000000	0.438753239
14817	0.437500000	0.438949808
14818	0.450000000	0.439111052
14819	0.462500000	0.439236723
14820	0.475000000	0.439326627
14821	0.487500000	0.439380624
14822	0.500000000	0.439398633
14823	0.512500000	0.439380624
14824	0.525000000	0.439326627
14825	0.537500000	0.439236723
14826	0.550000000	0.439111052
14827	0.562500000	0.438949808
14828	0.575000000	0.438753239
14829	0.587500000	0.438521648
14830	0.600000000	0.438255392
14831	0.612500000	0.437954882
14832	0.625000000	0.437620581
14833	0.637500000	0.437253005
14834	0.650000000	0.436852721
14835	0.662500000	0.436420345
14836	0.675000000	0.435956544
14837	0.687500000	0.435462034
14838	0.700000000	0.434937577
14839	0.712500000	0.434383982
14840	0.725000000	0.433802102
14841	0.737500000	0.433192834
14842	0.750000000	0.432557119
14843	0.762500000	0.431895935
14844	0.775000000	0.431210304
14845	0.787500000	0.430501281
14846	0.800000000	0.429769960
14847	0.812500000	0.429017469
14848	0.825000000	0.428244968
14849	0.837500000	0.427453648
14850	0.850000000	0.426644730
14851	0.862500000	0.425819460
14852	0.875000000	0.424979112
14853	0.887500000	0.424124980
14854	0.900000000	0.423258382
14855	0.912500000	0.422380655
14856	0.925000000	0.421493151
14857	0.937500000	0.420597239
14858	0.950000000	0.419694300
14859	0.962500000	0.418785727
14860	0.975000000	0.417872921
14861	0.987500000	0.416957289
14862	1.000000000	0.416040243
14863	1.012500000	0.416040243
14864	1.025000000	0.416040243
14865	1.037500000	0.416040243
14866	1.050000000	0.416040243
14867	1.062500000	0.416040243
14868	1.075000000	0.416040243
14869	1.087500000	0.416040243
14870	1.100000000	0.416040243
14871	1.112500000	0.416040243
14872	1.125000000	0.416040243
14873	1.137500000	0.416040243
14874	1.150000000	0.416040243
14875	1.162500000	0.416040243
14876	1.175000000	0.416040243
14877	1.187500000	0.416040243
14878	1.200000000	0.416040243
14879	1.212500000	0.416040243
14880	1.225000000	0.416040243
14881	1.237500000	0.416040243
14882	1.250000000	0.416040243
14883	1.262500000	0.416040243
14884	1.275000000	0.416040243
14885	1.287500000	0.416040243
14886	1.300000000	0.416040243
14887	1.312500000	0.416040243
14888	1.325000000	0.416040243
14889	1.337500000	0.416040243
14890	1.350000000	0.416040243
14891	1.362500000	0.416040243
14892	1.375000000	0.416040243
14893	1.387500000	0.416040243
14894	1.400000000	0.416040243
14895	1.412500000	0.416040243
14896	1.425000000	0.416040243
14897	1.437500000	0.416040243
14898	1.450000000	0.416040243
14899	1.462500000	0.416040243
14900	1.475000000	0.416040243
14901	1.487500000	0.416040243
14902	1.500000000	0.416040243
14903	1.512500000	0.416040243
14904	1.525000000	0.416040243
14905	1.537500000	0.416040243
14906	1.550000000	0.416040243
14907	1.562500000	0.416040243
14908	1.575000000	0.416040243
14909	1.587500000	0.416040243
14910	1.600000000	0.416040243
14911	1.612500000	0.416040243
14912	1.625000000	0.416040243
14913	1.637500000	0.416040243
14914	1.650000000	0.416040243
14915	1.662500000	0.416040243
14916	1.675000000	0.416040243
14917	1.687500000	0.416040243
14918	1.700000000	0.416040243
14919	1.712500000	0.416040243
14920	1.725000000	0.416040243
14921	1.737500000	0.416040243
14922	1.750000000	0.416040243
14923	1.762500000	0.416040243
14924	1.775000000	0.416040243
14925	1.787500000	0.416040243
14926	1.800000000	0.416040243
14927	1.812500000	0.416040243
14928	1.825000000	0.416040243
14929	1.837500000	0.416040243
14930	1.850000000	0.416040243
14931	1.862500000	0.416040243
14932	1.875000000	0.416040243
14933	1.887500000	0.416040243
14934	1.900000000	0.416040243
14935	1.912500000	0.416040243
14936	1.925000000	0.416040243
14937	1.937500000	0.416040243
14938	1.950000000	0.416040243
14939	1.962500000	0.416040243
14940	1.975000000	0.416040243
14941	1.987500000	0.416040243
14942	2.000000000	0.416040243
14943	-1.000000000	0.436132747
14944	-0.987500000	0.436132747
14945	-0.975000000	0.436132747
14946	-0.962500000	0.436132747
14947	-0.950000000	0.436132747
14948	-0.937500000	0.436132747
14949	-0.925000000	0.436132747
14950	-0.912500000	0.436132747
14951	-0.900000000	0.436132747
14952	-0.887500000	0.436132747
14953	-0.875000000	0.436132747
14954	-0.862500000	0.436132747
14955	-0.850000000	0.436132747
14956	-0.837500000	0.436132747
14957	-0.825000000	0.436132747
14958	-0.812500000	0.436132747
14959	-0.800000000	0.436132747
14960	-0.787500000	0.436132747
14961	-0.775000000	0.436132747
14962	-0.762500000	0.436132747
14963	-0.750000000	0.436132747
14964	-0.737500000	0.436132747
14965	-0.725000000	0.436132747
14966	-0.712500000	0.436132747
14967	-0.700000000	0.436132747
14968	-0.687500000	0.436132747
14969	-0.675000000	0.436132747
14970	-0.662500000	0.436132747
14971	-0.650000000	0.436132747
14972	-0.637500000	0.436132747
14973	-0.625000000	0.436132747
14974	-0.612500000	0.436132747
14975	-0.600000000	0.436132747
14976	-0.587500000	0.436132747
14977	-0.575000000	0.436132747
14978	-0.562500000	0.436132747
14979	-0.550000000	0.436132747
14980	-0.537500000	0.436132747
14981	-0.525000000	0.436132747
14982	-0.512500000	0.436132747
14983	-0.500000000	0.436132747
14984	-0.487500000	0.436132747
14985	-0.475000000	0.436132747
14986	-0.462500000	0.436132747
14987	-0.450000000	0.436132747
14988	-0.437500000	0.436132747
14989	-0.425000000	0.436132747
14990	-0.412500000	0.436132747
14991	-0.400000000	0.436132747
14992	-0.387500000	0.436132747
14993	-0.375000000	0.436132747
14994	-0.362500000	0.436132747
14995	-0.350000000	0.436132747
14996	-0.337500000	0.436132747
14997	-0.325000000	0.436132747
14998	-0.312500000	0.436132747
14999	-0.300000000	0.436132747
15000	-0.287500000	0.436132747
15001	-0.275000000	0.436132747
15002	-0.262500000	0.436132747
15003	-0.250000000	0.436132747
15004	-0.237500000	0.436132747
15005	-0.225000000	0.436132747
15006	-0.212500000	0.436132747
15007	-0.200000000	0.436132747
15008	-0.187500000	0.436132747
15009	-0.175000000	0.436132747
15010	-0.162500000	0.436132747
15011	-0.150000000	0.436132747
15012	-0.137500000	0.436132747
15013	-0.125000000	0.436132747
15014	-0.112500000	0.436132747
15015	-0.100000000	0.436132747
15016	-0.087500000	0.436132747
15017	-0.075000000	0.436132747
15018	-0.062500000	0.436132747
15019	-0.050000000	0.436132747
15020	-0.037500000	0.436132747
15021	-0.025000000	0.436132747
15022	-0.012500000	0.436132747
15023	0.000000000	0.436132747
15024	0.012500000	0.437018240
15025	0.025000000	0.437902368
15026	0.037500000	0.438783767
15027	0.050000000	0.439661078
15028	0.062500000	0.440532949
15029	0.075000000	0.441398035
15030	0.087500000	0.442255002
15031	0.100000000	0.443102530
15032	0.112500000	0.443939310
15033	0.125000000	0.444764053
15034	0.137500000	0.445575488
15035	0.150000000	0.446372362
15036	0.162500000	0.447153448
15037	0.175000000	0.447917540
15038	0.187500000	0.448663461
15039	0.200000000	0.449390061
15040	0.212500000	0.450096219
15041	0.225000000	0.450780847
15042	0.237500000	0.451442888
15043	0.250000000	0.452081321
15044	0.262500000	0.452695164
15045	0.275000000	0.453283468
15046	0.287500000	0.453845327
15047	0.300000000	0.454379875
15048	0.312500000	0.454886286
15049	0.325000000	0.455363782
15050	0.337500000	0.455811624
15051	0.350000000	0.456229123
15052	0.362500000	0.456615635
15053	0.375000000	0.456970564
15054	0.387500000	0.457293362
15055	0.400000000	0.457583532
15056	0.412500000	0.457840627
15057	0.425000000	0.458064249
15058	0.437500000	0.458254055
15059	0.450000000	0.458409751
15060	0.462500000	0.458531098
15061	0.475000000	0.458617909
15062	0.487500000	0.458670048
15063	0.500000000	0.458687437
15064	0.512500000	0.458670048
15065	0.525000000	0.458617909
15066	0.537500000	0.458531098
15067	0.550000000	0.458409751
15068	0.562500000	0.458254055
15069	0.575000000	0.458064249
15070	0.587500000	0.457840627
15071	0.600000000	0.457583532
15072	0.612500000	0.457293362
15073	0.625000000	0.456970564
15074	0.637500000	0.456615635
15075	0.650000000	0.456229123
15076	0.662500000	0.455811624
15077	0.675000000	0.455363782
15078	0.687500000	0.454886286
15079	0.700000000	0.454379875
15080	0.712500000	0.453845327
15081	0.725000000	0.453283468
15082	0.737500000	0.452695164
15083	0.750000000	0.452081321
15084	0.762500000	0.451442888
15085	0.775000000	0.450780847
15086	0.787500000	0.450096219
15087	0.800000000	0.449390061
15088	0.812500000	0.448663461
15089	0.825000000	0.447917540
15090	0.837500000	0.447153448
15091	0.850000000	0.446372362
15092	0.862500000	0.445575488
15093	0.875000000	0.444764053
15094	0.887500000	0.443939310
15095	0.900000000	0.443102530
15096	0.912500000	0.442255002
15097	0.925000000	0.441398035
15098	0.937500000	0.440532949
15099	0.950000000	0.439661078
15100	0.962500000	0.438783767
15101	0.975000000	0.437902368
15102	0.987500000	0.437018240
15103	1.000000000	0.436132747
15104	1.012500000	0.436132747
15105	1.025000000	0.436132747
15106	1.037500000	0.436132747
15107	1.050000000	0.436132747
15108	1.062500000	0.436132747
15109	1.075000000	0.436132747
15110	1.087500000	0.436132747
15111	1.100000000	0.436132747
15112	1.112500000	0.436132747
15113	1.125000000	0.436132747
15114	1.137500000	0.436132747
15115	1.150000000	0.436132747
15116	1.162500000	0.436132747
15117	1.175000000	0.436132747
15118	1.187500000	0.436132747
15119	1.200000000	0.436132747
15120	1.212500000	0.436132747
15121	1.225000000	0.436132747
15122	1.237500000	0.436132747
15123	1.250000000	0.436132747
15124	1.262500000	0.436132747
15125	1.275000000	0.436132747
15126	1.287500000	0.436132747
15127	1.300000000	0.436132747
15128	1.312500000	0.436132747
15129	1.325000000	0.436132747
15130	1.337500000	0.436132747
15131	1.350000000	0.436132747
15132	1.362500000	0.436132747
15133	1.375000000	0.436132747
15134	1.387500000	0.436132747
15135	1.400000000	0.436132747
15136	1.412500000	0.436132747
15137	1.425000000	0.436132747
15138	1.437500000	0.436132747
15139	1.450000000	0.436132747
15140	1.462500000	0.436132747
15141	1.475000000	0.436132747
15142	1.487500000	0.436132747
15143	1.500000000	0.436132747
15144	1.512500000	0.436132747
15145	1.525000000	0.436132747
15146	1.537500000	0.436132747
15147	1.550000000	0.436132747
15148	1.562500000	0.436132747
15149	1.575000000	0.436132747
15150	1.587500000	0.436132747
15151	1.600000000	0.436132747
15152	1.612500000	0.436132747
15153	1.625000000	0.436132747
15154	1.637500000	0.436132747
15155	1.650000000	0.436132747
15156	1.662500000	0.436132747
15157	1.675000000	0.436132747
15158	1.687500000	0.436132747
15159	1.700000000	0.436132747
15160	1.712500000	0.436132747
15161	1.725000000	0.436132747
15162	1.737500000	0.436132747
15163	1.750000000	0.436132747
15164	1.762500000	0.436132747
15165	1.775000000	0.436132747
15166	1.787500000	0.436132747
15167	1.800000000	0.436132747
15168	1.812500000	0.436132747
15169	1.825000000	0.436132747
15170	1.837500000	0.436132747
15171	1.850000000	0.436132747
15172	1.862500000	0.436132747
15173	1.875000000	0.436132747
15174	1.887500000	0.436132747
15175	1.900000000	0.436132747
15176	1.912500000	0.436132747
15177	1.925000000	0.436132747
15178	1.937500000	0.436132747
15179	1.950000000	0.436132747
15180	1.962500000	0.436132747
15181	1.975000000	0.436132747
15182	1.987500000	0.436132747
15183	2.000000000	0.436132747
15184	-1.000000000	0.457129414
15185	-0.987500000	0.457129414
15186	-0.975000000	0.457129414
15187	-0.962500000	0.457129414
15188	-0.950000000	0.457129414
15189	-0.937500000	0.457129414
15190	-0.925000000	0.457129414
15191	-0.912500000	0.457129414
15192	-0.900000000	0.457129414
15193	-0.887500000	0.457129414
15194	-0.875000000	0.457129414
15195	-0.862500000	0.457129414
15196	-0.850000000	0.457129414
15197	-0.837500000	0.457129414
15198	-0.825000000	0.457129414
15199	-0.812500000	0.457129414
15200	-0.800000000	0.457129414
15201	-0.787500000	0.457129414
15202	-0.775000000	0.457129414
15203	-0.762500000	0.457129414
15204	-0.750000000	0.457129414
15205	-0.737500000	0.457129414
15206	-0.725000000	0.457129414
15207	-0.712500000	0.457129414
15208	-0.700000000	0.457129414
15209	-0.687500000	0.457129414
15210	-0.675000000	0.457129414
15211	-0.662500000	0.457129414
15212	-0.650000000	0.457129414
15213	-0.637500000	0.457129414
15214	-0.625000000	0.457129414
15215	-0.612500000	0.457129414
15216	-0.600000000	0.457129414
15217	-0.587500000	0.457129414
15218	-0.575000000	0.457129414
15219	-0.562500000	0.457129414
15220	-0.550000000	0.457129414
15221	-0.537500000	0.457129414
15222	-0.525000000	0.457129414
15223	-0.512500000	0.457129414
15224	-0.500000000	0.457129414
15225	-0.487500000	0.457129414
15226	-0.475000000	0.457129414
15227	-0.462500000	0.457129414
15228	-0.450000000	0.457129414
15229	-0.437500000	0.457129414
15230	-0.425000000	0.457129414
15231	-0.412500000	0.457129414
15232	-0.400000000	0.457129414
15233	-0.387500000	0.457129414
15234	-0.375000000	0.457129414
15235	-0.362500000	0.457129414
15236	-0.350000000	0.457129414
15237	-0.337500000	0.457129414
15238	-0.325000000	0.457129414
15239	-0.312500000	0.457129414
15240	-0.300000000	0.457129414
15241	-0.287500000	0.457129414
15242	-0.275000000	0.457129414
15243	-0.262500000	0.457129414
15244	-0.250000000	0.457129414
15245	-0.237500000	0.457129414
15246	-0.225000000	0.457129414
15247	-0.212500000	0.457129414
15248	-0.200000000	0.457129414
15249	-0.187500000	0.457129414
15250	-0.175000000	0.457129414
15251	-0.162500000	0.457129414
15252	-0.150000000	0.457129414
15253	-0.137500000	0.457129414
15254	-0.125000000	0.457129414
15255	-0.112500000	0.457129414
15256	-0.100000000	0.457129414
15257	-0.087500000	0.457129414
15258	-0.075000000	0.457129414
15259	-0.062500000	0.457129414
15260	-0.050000000	0.457129414
15261	-0.037500000	0.457129414
15262	-0.025000000	0.457129414
15263	-0.012500000	0.457129414
15264	0.000000000	0.457129414
15265	0.012500000	0.457981934
15266	0.025000000	0.458833140
15267	0.037500000	0.459681718
15268	0.050000000	0.460526361
15269	0.062500000	0.461365766
15270	0.075000000	0.462198639
15271	0.087500000	0.463023696
15272	0.100000000	0.463839664
15273	0.112500000	0.464645285
15274	0.125000000	0.465439317
15275	0.137500000	0.466220536
15276	0.150000000	0.466987738
15277	0.162500000	0.467739738
15278	0.175000000	0.468475378
15279	0.187500000	0.469193524
15280	0.200000000	0.469893067
15281	0.212500000	0.470572930
15282	0.225000000	0.471232064
15283	0.237500000	0.471869453
15284	0.250000000	0.472484113
15285	0.262500000	0.473075098
15286	0.275000000	0.473641495
15287	0.287500000	0.474182433
15288	0.300000000	0.474697075
15289	0.312500000	0.475184630
15290	0.325000000	0.475644345
15291	0.337500000	0.476075511
15292	0.350000000	0.476477464
15293	0.362500000	0.476849583
15294	0.375000000	0.477191295
15295	0.387500000	0.477502073
15296	0.400000000	0.477781438
15297	0.412500000	0.478028960
15298	0.425000000	0.478244255
15299	0.437500000	0.478426993
15300	0.450000000	0.478576892
15301	0.462500000	0.478693720
15302	0.475000000	0.478777298
15303	0.487500000	0.478827496
15304	0.500000000	0.478844238
15305	0.512500000	0.478827496
15306	0.525000000	0.478777298
15307	0.537500000	0.478693720
15308	0.550000000	0.478576892
15309	0.562500000	0.478426993
15310	0.575000000	0.478244255
15311	0.587500000	0.478028960
15312	0.600000000	0.477781438
15313	0.612500000	0.477502073
15314	0.625000000	0.477191295
15315	0.637500000	0.476849583
15316	0.650000000	0.476477464
15317	0.662500000	0.476075511
15318	0.675000000	0.475644345
15319	0.687500000	0.475184630
15320	0.700000000	0.474697075
15321	0.712500000	0.474182433
15322	0.725000000	0.473641495
15323	0.737500000	0.473075098
15324	0.750000000	0.472484113
15325	0.762500000	0.471869453
15326	0.775000000	0.471232064
15327	0.787500000	0.470572930
15328	0.800000000	0.469893067
15329	0.812500000	0.469193524
15330	0.825000000	0.468475378
15331	0.837500000	0.467739738
15332	0.850000000	0.466987738
15333	0.862500000	0.466220536
15334	0.875000000	0.465439317
15335	0.887500000	0.464645285
15336	0.900000000	0.463839664
15337	0.912500000	0.463023696
15338	0.925000000	0.462198639
15339	0.937500000	0.461365766
15340	0.950000000	0.460526361
15341	0.962500000	0.459681718
15342	0.975000000	0.458833140
15343	0.987500000	0.457981934
15344	1.000000000	0.457129414
15345	1.012500000	0.457129414
15346	1.025000000	0.457129414
15347	1.037500000	0.457129414
15348	1.050000000	0.457129414
15349	1.062500000	0.457129414
15350	1.075000000	0.457129414
15351	1.087500000	0.457129414
15352	1.100000000	0.457129414
15353	1.112500000	0.457129414
15354	1.125000000	0.457129414
15355	1.137500000	0.457129414
15356	1.150000000	0.457129414
15357	1.162500000	0.457129414
15358	1.175000000	0.457129414
15359	1.187500000	0.457129414
15360	1.200000000	0.457129414
15361	1.212500000	0.457129414
15362	1.225000000	0.457129414
15363	1.237500000	0.457129414
15364	1.250000000	0.457129414
15365	1.262500000	0.457129414
15366	1.275000000	0.457129414
15367	1.287500000	0.457129414
15368	1.300000000	0.457129414
15369	1.312500000	0.457129414
15370	1.325000000	0.457129414
15371	1.337500000	0.457129414
15372	1.350000000	0.457129414
15373	1.362500000	0.457129414
15374	1.375000000	0.457129414
15375	1.387500000	0.457129414
15376	1.400000000	0.457129414
15377	1.412500000	0.457129414
15378	1.425000000	0.457129414
15379	1.437500000	0.457129414
15380	1.450000000	0.457129414
15381	1.462500000	0.457129414
15382	1.475000000	0.457129414
15383	1.487500000	0.457129414
15384	1.500000000	0.457129414
15385	1.512500000	0.457129414
15386	1.525000000	0.457129414
15387	1.537500000	0.457129414
15388	1.550000000	0.457129414
15389	1.562500000	0.457129414
15390	1.575000000	0.457129414
15391	1.587500000	0.457129414
15392	1.600000000	0.457129414
15393	1.612500000	0.457129414
15394	1.625000000	0.457129414
15395	1.637500000	0.457129414
15396	1.650000000	0.457129414
15397	1.662500000	0.457129414
15398	1.675000000	0.457129414
15399	1.687500000	0.457129414
15400	1.700000000	0.457129414
15401	1.712500000	0.457129414
15402	1.725000000	0.457129414
15403	1.737500000	0.457129414
15404	1.750000000	0.457129414
15405	1.762500000	0.457129414
15406	1.775000000	0.457129414
15407	1.787500000	0.457129414
15408	1.800000000	0.457129414
15409	1.812500000	0.457129414
15410	1.825000000	0.457129414
15411	1.837500000	0.457129414
15412	1.850000000	0.457129414
15413	1.862500000	0.457129414
15414	1.875000000	0.457129414
15415	1.887500000	0.457129414
15416	1.900000000	0.457129414
15417	1.912500000	0.457129414
15418	1.925000000	0.457129414
15419	1.937500000	0.457129414
15420	1.950000000	0.457129414
15421	1.962500000	0.457129414
15422	1.975000000	0.457129414
15423	1.987500000	0.457129414
15424	2.000000000	0.457129414
15425	-1.000000000	0.479070931
15426	-0.987500000	0.479070931
15427	-0.975000000	0.479070931
15428	-0.962500000	0.479070931
15429	-0.950000000	0.479070931
15430	-0.937500000	0.479070931
15431	-0.925000000	0.479070931
15432	-0.912500000	0.479070931
15433	-0.900000000	0.479070931
15434	-0.887500000	0.479070931
15435	-0.875000000	0.479070931
15436	-0.862500000	0.479070931
15437	-0.850000000	0.479070931
15438	-0.837500000	0.479070931
15439	-0.825000000	0.479070931
15440	-0.812500000	0.479070931
15441	-0.800000000	0.479070931
15442	-0.787500000	0.479070931
15443	-0.775000000	0.479070931
15444	-0.762500000	0.479070931
15445	-0.750000000	0.479070931
15446	-0.737500000	0.479070931
15447	-0.725000000	0.479070931
15448	-0.712500000	0.479070931
15449	-0.700000000	0.479070931
15450	-0.687500000	0.479070931
15451	-0.675000000	0.479070931
15452	-0.662500000	0.479070931
15453	-0.650000000	0.479070931
15454	-0.637500000	0.479070931
15455	-0.625000000	0.479070931
15456	-0.612500000	0.479070931
15457	-0.600000000	0.479070931
15458	-0.587500000	0.479070931
15459	-0.575000000	0.479070931
15460	-0.562500000	0.479070931
15461	-0.550000000	0.479070931
15462	-0.537500000	0.479070931
15463	-0.525000000	0.479070931
15464	-0.512500000	0.479070931
15465	-0.500000000	0.479070931
15466	-0.487500000	0.479070931
15467	-0.475000000	0.479070931
15468	-0.462500000	0.479070931
15469	-0.450000000	0.479070931
15470	-0.437500000	0.479070931
15471	-0.425000000	0.479070931
15472	-0.412500000	0.479070931
15473	-0.400000000	0.479070931
15474	-0.387500000	0.479070931
15475	-0.375000000	0.479070931
15476	-0.362500000	0.479070931
15477	-0.350000000	0.479070931
15478	-0.337500000	0.479070931
15479	-0.325000000	0.479070931
15480	-0.312500000	0.479070931
15481	-0.300000000	0.479070931
15482	-0.287500000	0.479070931
15483	-0.275000000	0.479070931
15484	-0.262500000	0.479070931
15485	-0.250000000	0.479070931
15486	-0.237500000	0.479070931
15487	-0.225000000	0.479070931
15488	-0.212500000	0.479070931
15489	-0.200000000	0.479070931
15490	-0.187500000	0.479070931
15491	-0.175000000	0.479070931
15492	-0.162500000	0.479070931
15493	-0.150000000	0.479070931
15494	-0.137500000	0.479070931
15495	-0.125000000	0.479070931
15496	-0.112500000	0.479070931
15497	-0.100000000	0.479070931
15498	-0.087500000	0.479070931
15499	-0.075000000	0.479070931
15500	-0.062500000	0.479070931
15501	-0.050000000	0.479070931
15502	-0.037500000	0.479070931
15503	-0.025000000	0.479070931
15504	-0.012500000	0.479070931
15505	0.000000000	0.479070931
15506	0.012500000	0.479888994
15507	0.025000000	0.480705796
15508	0.037500000	0.481520077
15509	0.050000000	0.482330582
15510	0.062500000	0.483136060
15511	0.075000000	0.483935270
15512	0.087500000	0.484726980
15513	0.100000000	0.485509969
15514	0.112500000	0.486283029
15515	0.125000000	0.487044968
15516	0.137500000	0.487794612
15517	0.150000000	0.488530805
15518	0.162500000	0.489252412
15519	0.175000000	0.489958319
15520	0.187500000	0.490647439
15521	0.200000000	0.491318708
15522	0.212500000	0.491971093
15523	0.225000000	0.492603586
15524	0.237500000	0.493215213
15525	0.250000000	0.493805030
15526	0.262500000	0.494372129
15527	0.275000000	0.494915634
15528	0.287500000	0.495434708
15529	0.300000000	0.495928550
15530	0.312500000	0.496396399
15531	0.325000000	0.496837533
15532	0.337500000	0.497251273
15533	0.350000000	0.497636979
15534	0.362500000	0.497994058
15535	0.375000000	0.498321959
15536	0.387500000	0.498620177
15537	0.400000000	0.498888251
15538	0.412500000	0.499125768
15539	0.425000000	0.499332362
15540	0.437500000	0.499507714
15541	0.450000000	0.499651554
15542	0.462500000	0.499763660
15543	0.475000000	0.499843860
15544	0.487500000	0.499892029
15545	0.500000000	0.499908094
15546	0.512500000	0.499892029
15547	0.525000000	0.499843860
15548	0.537500000	0.499763660
15549	0.550000000	0.499651554
15550	0.562500000	0.499507714
15551	0.575000000	0.499332362
15552	0.587500000	0.499125768
15553	0.600000000	0.498888251
15554	0.612500000	0.498620177
15555	0.625000000	0.498321959
15556	0.637500000	0.497994058
15557	0.650000000	0.497636979
15558	0.662500000	0.497251273
15559	0.675000000	0.496837533
15560	0.687500000	0.496396399
15561	0.700000000	0.495928550
15562	0.712500000	0.495434708
15563	0.725000000	0.494915634
15564	0.737500000	0.494372129
15565	0.750000000	0.493805030
15566	0.762500000	0.493215213
15567	0.775000000	0.492603586
15568	0.787500000	0.491971093
15569	0.800000000	0.491318708
15570	0.812500000	0.490647439
15571	0.825000000	0.489958319
15572	0.837500000	0.489252412
15573	0.850000000	0.488530805
15574	0.862500000	0.487794612
15575	0.875000000	0.487044968
15576	0.887500000	0.486283029
15577	0.900000000	0.485509969
15578	0.912500000	0.484726980
15579	0.925000000	0.483935270
15580	0.937500000	0.483136060
15581	0.950000000	0.482330582
15582	0.962500000	0.481520077
15583	0.975000000	0.480705796
15584	0.987500000	0.479888994
15585	1.000000000	0.479070931
15586	1.012500000	0.479070931
15587	1.025000000	0.479070931
15588	1.037500000	0.479070931
15589	1.050000000	0.479070931
15590	1.062500000	0.479070931
15591	1.075000000	0.479070931
15592	1.087500000	0.479070931
15593	1.100000000	0.479070931
15594	1.112500000	0.479070931
15595	1.125000000	0.479070931
15596	1.137500000	0.479070931
15597	1.150000000	0.479070931
15598	1.162500000	0.479070931
15599	1.175000000	0.479070931
15600	1.187500000	0.479070931
15601	1.200000000	0.479070931
15602	1.212500000	0.479070931
15603	1.225000000	0.479070931
15604	1.237500000	0.479070931
15605	1.250000000	0.479070931
15606	1.262500000	0.479070931
15607	1.275000000	0.479070931
15608	1.287500000	0.479070931
15609	1.300000000	0.479070931
15610	1.312500000	0.479070931
15611	1.325000000	0.479070931
15612	1.337500000	0.479070931
15613	1.350000000	0.479070931
15614	1.362500000	0.479070931
15615	1.375000000	0.479070931
15616	1.387500000	0.479070931
15617	1.400000000	0.479070931
15618	1.412500000	0.479070931
15619	1.425000000	0.479070931
15620	1.437500000	0.479070931
15621	1.450000000	0.479070931
15622	1.462500000	0.479070931
15623	1.475000000	0.479070931
15624	1.487500000	0.479070931
15625	1.500000000	0.479070931
15626	1.512500000	0.479070931
15627	1.525000000	0.479070931
15628	1.537500000	0.479070931
15629	1.550000000	0.479070931
15630	1.562500000	0.479070931
15631	1.575000000	0.479070931
15632	1.587500000	0.479070931
15633	1.600000000	0.479070931
15634	1.612500000	0.479070931
15635	1.625000000	0.479070931
15636	1.637500000	0.479070931
15637	1.650000000	0.479070931
15638	1.662500000	0.479070931
15639	1.675000000	0.479070931
15640	1.687500000	0.479070931
15641	1.700000000	0.479070931
15642	1.712500000	0.479070931
15643	1.725000000	0.479070931
15644	1.737500000	0.479070931
15645	1.750000000	0.479070931
15646	1.762500000	0.479070931
15647	1.775000000	0.479070931
15648	1.787500000	0.479070931
15649	1.800000000	0.479070931
15650	1.812500000	0.479070931
15651	1.825000000	0.479070931
15652	1.837500000	0.479070931
15653	1.850000000	0.479070931
15654	1.862500000	0.479070931
15655	1.875000000	0.479070931
15656	1.887500000	0.479070931
15657	1.900000000	0.479070931
15658	1.912500000	0.479070931
15659	1.925000000	0.479070931
15660	1.937500000	0.479070931
15661	1.950000000	0.479070931
15662	1.962500000	0.479070931
15663	1.975000000	0.479070931
15664	1.987500000	0.479070931
15665	2.000000000	0.479070931
15666	-1.000000000	0.501999817
15667	-0.987500000	0.501999817
15668	-0.975000000	0.501999817
15669	-0.962500000	0.501999817
15670	-0.950000000	0.501999817
15671	-0.937500000	0.501999817
15672	-0.925000000	0.501999817
15673	-0.912500000	0.501999817
15674	-0.900000000	0.501999817
15675	-0.887500000	0.501999817
15676	-0.875000000	0.501999817
15677	-0.862500000	0.501999817
15678	-0.850000000	0.501999817
15679	-0.837500000	0.501999817
15680	-0.825000000	0.501999817
15681	-0.812500000	0.501999817
15682	-0.800000000	0.501999817
15683	-0.787500000	0.501999817
15684	-0.775000000	0.501999817
15685	-0.762500000	0.501999817
15686	-0.750000000	0.501999817
15687	-0.737500000	0.501999817
15688	-0.725000000	0.501999817
15689	-0.712500000	0.501999817
15690	-0.700000000	0.501999817
15691	-0.687500000	0.501999817
15692	-0.675000000	0.501999817
15693	-0.662500000	0.501999817
15694	-0.650000000	0.501999817
15695	-0.637500000	0.501999817
15696	-0.625000000	0.501999817
15697	-0.612500000	0.501999817
15698	-0.600000000	0.501999817
15699	-0.587500000	0.501999817
15700	-0.575000000	0.501999817
15701	-0.562500000	0.501999817
15702	-0.550000000	0.501999817
15703	-0.537500000	0.501999817
15704	-0.525000000	0.501999817
15705	-0.512500000	0.501999817
15706	-0.500000000	0.501999817
15707	-0.487500000	0.501999817
15708	-0.475000000	0.501999817
15709	-0.462500000	0.501999817
15710	-0.450000000	0.501999817
15711	-0.437500000	0.501999817
15712	-0.425000000	0.501999817
15713	-0.412500000	0.501999817
15714	-0.400000000	0.501999817
15715	-0.387500000	0.501999817
15716	-0.375000000	0.501999817
15717	-0.362500000	0.501999817
15718	-0.350000000	0.501999817
15719	-0.337500000	0.501999817
15720	-0.325000000	0.501999817
15721	-0.312500000	0.501999817
15722	-0.300000000	0.501999817
15723	-0.287500000	0.501999817
15724	-0.275000000	0.501999817
15725	-0.262500000	0.501999817
15726	-0.250000000	0.501999817
15727	-0.237500000	0.501999817
15728	-0.225000000	0.501999817
15729	-0.212500000	0.501999817
15730	-0.200000000	0.501999817
15731	-0.187500000	0.501999817
15732	-0.175000000	0.501999817
15733	-0.162500000	0.501999817
15734	-0.150000000	0.501999817
15735	-0.137500000	0.501999817
15736	-0.125000000	0.501999817
15737	-0.112500000	0.501999817
15738	-0.100000000	0.501999817
15739	-0.087500000	0.501999817
15740	-0.075000000	0.501999817
15741	-0.062500000	0.501999817
15742	-0.050000000	0.501999817
15743	-0.037500000	0.501999817
15744	-0.025000000	0.501999817
15745	-0.012500000	0.501999817
15746	0.000000000	0.501999817
15747	0.012500000	0.502781873
15748	0.025000000	0.503562722
15749	0.037500000	0.504341163
15750	0.050000000	0.505115992
15751	0.062500000	0.505886017
15752	0.075000000	0.506650050
15753	0.087500000	0.507406912
15754	0.100000000	0.508155438
15755	0.112500000	0.508894471
15756	0.125000000	0.509622874
15757	0.137500000	0.510339522
15758	0.150000000	0.511043311
15759	0.162500000	0.511733155
15760	0.175000000	0.512407992
15761	0.187500000	0.513066780
15762	0.200000000	0.513708503
15763	0.212500000	0.514332173
15764	0.225000000	0.514936827
15765	0.237500000	0.515521533
15766	0.250000000	0.516085389
15767	0.262500000	0.516627526
15768	0.275000000	0.517147109
15769	0.287500000	0.517643336
15770	0.300000000	0.518115441
15771	0.312500000	0.518562697
15772	0.325000000	0.518984415
15773	0.337500000	0.519379944
15774	0.350000000	0.519748673
15775	0.362500000	0.520090035
15776	0.375000000	0.520403504
15777	0.387500000	0.520688595
15778	0.400000000	0.520944870
15779	0.412500000	0.521171932
15780	0.425000000	0.521369433
15781	0.437500000	0.521537067
15782	0.450000000	0.521674576
15783	0.462500000	0.521781748
15784	0.475000000	0.521858417
15785	0.487500000	0.521904466
15786	0.500000000	0.521919824
15787	0.512500000	0.521904466
15788	0.525000000	0.521858417
15789	0.537500000	0.521781748
15790	0.550000000	0.521674576
15791	0.562500000	0.521537067
15792	0.575000000	0.521369433
15793	0.587500000	0.521171932
15794	0.600000000	0.520944870
15795	0.612500000	0.520688595
15796	0.625000000	0.520403504
15797	0.637500000	0.520090035
15798	0.650000000	0.519748673
15799	0.662500000	0.519379944
15800	0.675000000	0.518984415
15801	0.687500000	0.518562697
15802	0.700000000	0.518115441
15803	0.712500000	0.517643336
15804	0.725000000	0.517147109
15805	0.737500000	0.516627526
15806	0.750000000	0.516085389
15807	0.762500000	0.515521533
15808	0.775000000	0.514936827
15809	0.787500000	0.514332173
15810	0.800000000	0.513708503
15811	0.812500000	0.513066780
15812	0.825000000	0.512407992
15813	0.837500000	0.511733155
15814	0.850000000	0.511043311
15815	0.862500000	0.510339522
15816	0.875000000	0.509622874
15817	0.887500000	0.508894471
15818	0.900000000	0.508155438
15819	0.912500000	0.507406912
15820	0.925000000	0.506650050
15821	0.937500000	0.505886017
15822	0.950000000	0.505115992
15823	0.962500000	0.504341163
15824	0.975000000	0.503562722
15825	0.987500000	0.502781873
15826	1.000000000	0.501999817
15827	1.012500000	0.501999817
15828	1.025000000	0.501999817
15829	1.037500000	0.501999817
15830	1.050000000	0.501999817
15831	1.062500000	0.501999817
15832	1.075000000	0.501999817
15833	1.087500000	0.501999817
15834	1.100000000	0.501999817
15835	1.112500000	0.501999817
15836	1.125000000	0.501999817
15837	1.137500000	0.501999817
15838	1.150000000	0.501999817
15839	1.162500000	0.501999817
15840	1.175000000	0.501999817
15841	1.187500000	0.501999817
15842	1.200000000	0.501999817
15843	1.212500000	0.501999817
15844	1.225000000	0.501999817
15845	1.237500000	0.501999817
15846	1.250000000	0.501999817
15847	1.262500000	0.501999817
15848	1.275000000	0.501999817
15849	1.287500000	0.501999817
15850	1.300000000	0.501999817
15851	1.312500000	0.501999817
15852	1.325000000	0.501999817
15853	1.337500000	0.501999817
15854	1.350000000	0.501999817
15855	1.362500000	0.501999817
15856	1.375000000	0.501999817
15857	1.387500000	0.501999817
15858	1.400000000	0.501999817
15859	1.412500000	0.501999817
15860	1.425000000	0.501999817
15861	1.437500000	0.501999817
15862	1.450000000	0.501999817
15863	1.462500000	0.501999817
15864	1.475000000	0.501999817
15865	1.487500000	0.501999817
15866	1.500000000	0.501999817
15867	1.512500000	0.501999817
15868	1.525000000	0.501999817
15869	1.537500000	0.501999817
15870	1.550000000	0.501999817
15871	1.562500000	0.501999817
15872	1.575000000	0.501999817
15873	1.587500000	0.501999817
15874	1.600000000	0.501999817
15875	1.612500000	0.501999817
15876	1.625000000	0.501999817
15877	1.637500000	0.501999817
15878	1.650000000	0.501999817
15879	1.662500000	0.501999817
15880	1.675000000	0.501999817
15881	1.687500000	0.501999817
15882	1.700000000	0.501999817
15883	1.712500000	0.501999817
15884	1.725000000	0.501999817
15885	1.737500000	0.501999817
15886	1.750000000	0.501999817
15887	1.762500000	0.501999817
15888	1.775000000	0.501999817
15889	1.787500000	0.501999817
15890	1.800000000	0.501999817
15891	1.812500000	0.501999817
15892	1.825000000	0.501999817
15893	1.837500000	0.501999817
15894	1.850000000	0.501999817
15895	1.862500000	0.501999817
15896	1.875000000	0.501999817
15897	1.887500000	0.501999817
15898	1.900000000	0.501999817
15899	1.912500000	0.501999817
15900	1.925000000	0.501999817
15901	1.937500000	0.501999817
15902	1.950000000	0.501999817
15903	1.962500000	0.501999817
15904	1.975000000	0.501999817
15905	1.987500000	0.501999817
15906	2.000000000	0.501999817
15907	-1.000000000	0.525960502
15908	-0.987500000	0.525960502
15909	-0.975000000	0.525960502
15910	-0.962500000	0.525960502
15911	-0.950000000	0.525960502
15912	-0.937500000	0.525960502
15913	-0.925000000	0.525960502
15914	-0.912500000	0.525960502
15915	-0.900000000	0.525960502
15916	-0.887500000	0.525960502
15917	-0.875000000	0.525960502
15918	-0.862500000	0.525960502
15919	-0.850000000	0.525960502
15920	-0.837500000	0.525960502
15921	-0.825000000	0.525960502
15922	-0.812500000	0.525960502
15923	-0.800000000	0.525960502
15924	-0.787500000	0.525960502
15925	-0.775000000	0.525960502
15926	-0.762500000	0.525960502
15927	-0.750000000	0.525960502
15928	-0.737500000	0.525960502
15929	-0.725000000	0.525960502
15930	-0.712500000	0.525960502
15931	-0.700000000	0.525960502
15932	-0.687500000	0.525960502
15933	-0.675000000	0.525960502
15934	-0.662500000	0.525960502
15935	-0.650000000	0.525960502
15936	-0.637500000	0.525960502
15937	-0.625000000	0.525960502
15938	-0.612500000	0.525960502
15939	-0.600000000	0.525960502
15940	-0.587500000	0.525960502
15941	-0.575000000	0.525960502
15942	-0.562500000	0.525960502
15943	-0.550000000	0.525960502
15944	-0.537500000	0.525960502
15945	-0.525000000	0.525960502
15946	-0.512500000	0.525960502
15947	-0.500000000	0.525960502
15948	-0.487500000	0.525960502
15949	-0.475000000	0.525960502
15950	-0.462500000	0.525960502
15951	-0.450000000	0.525960502
15952	-0.437500000	0.525960502
15953	-0.425000000	0.525960502
15954	-0.412500000	0.525960502
15955	-0.400000000	0.525960502
15956	-0.387500000	0.525960502
15957	-0.375000000	0.525960502
15958	-0.362500000	0.525960502
15959	-0.350000000	0.525960502
15960	-0.337500000	0.525960502
15961	-0.325000000	0.525960502
15962	-0.312500000	0.525960502
15963	-0.300000000	0.525960502
15964	-0.287500000	0.525960502
15965	-0.275000000	0.525960502
15966	-0.262500000	0.525960502
15967	-0.250000000	0.525960502
15968	-0.237500000	0.525960502
15969	-0.225000000	0.525960502
15970	-0.212500000	0.525960502
15971	-0.200000000	0.525960502
15972	-0.187500000	0.525960502
15973	-0.175000000	0.525960502
15974	-0.162500000	0.525960502
15975	-0.150000000	0.525960502
15976	-0.137500000	0.525960502
15977	-0.125000000	0.525960502
15978	-0.112500000	0.525960502
15979	-0.100000000	0.525960502
15980	-0.087500000	0.525960502
15981	-0.075000000	0.525960502
15982	-0.062500000	0.525960502
15983	-0.050000000	0.525960502
15984	-0.037500000	0.525960502
15985	-0.025000000	0.525960502
15986	-0.012500000	0.525960502
15987	0.000000000	0.525960502
15988	0.012500000	0.526704930
15989	0.025000000	0.527448210
15990	0.037500000	0.528189197
15991	0.050000000	0.528926747
15992	0.062500000	0.529659723
15993	0.075000000	0.530386995
15994	0.087500000	0.531107442
15995	0.100000000	0.531819952
15996	0.112500000	0.532523428
15997	0.125000000	0.533216784
15998	0.137500000	0.533898952
15999	0.150000000	0.534568879
16000	0.162500000	0.535225533
16001	0.175000000	0.535867900
16002	0.187500000	0.536494991
16003	0.200000000	0.537105839
16004	0.212500000	0.537699501
16005	0.225000000	0.538275063
16006	0.237500000	0.538831637
16007	0.250000000	0.539368364
16008	0.262500000	0.539884417
16009	0.275000000	0.540379000
16010	0.287500000	0.540851352
16011	0.300000000	0.541300742
16012	0.312500000	0.541726479
16013	0.325000000	0.542127907
16014	0.337500000	0.542504405
16015	0.350000000	0.542855393
16016	0.362500000	0.543180331
16017	0.375000000	0.543478718
16018	0.387500000	0.543750092
16019	0.400000000	0.543994036
16020	0.412500000	0.544210174
16021	0.425000000	0.544398172
16022	0.437500000	0.544557740
16023	0.450000000	0.544688633
16024	0.462500000	0.544790649
16025	0.475000000	0.544863630
16026	0.487500000	0.544907463
16027	0.500000000	0.544922082
16028	0.512500000	0.544907463
16029	0.525000000	0.544863630
16030	0.537500000	0.544790649
16031	0.550000000	0.544688633
16032	0.562500000	0.544557740
16033	0.575000000	0.544398172
16034	0.587500000	0.544210174
16035	0.600000000	0.543994036
16036	0.612500000	0.543750092
16037	0.625000000	0.543478718
16038	0.637500000	0.543180331
16039	0.650000000	0.542855393
16040	0.662500000	0.542504405
16041	0.675000000	0.542127907
16042	0.687500000	0.541726479
16043	0.700000000	0.541300742
16044	0.712500000	0.540851352
16045	0.725000000	0.540379000
16046	0.737500000	0.539884417
16047	0.750000000	0.539368364
16048	0.762500000	0.538831637
16049	0.775000000	0.538275063
16050	0.787500000	0.537699501
16051	0.800000000	0.537105839
16052	0.812500000	0.536494991
16053	0.825000000	0.535867900
16054	0.837500000	0.535225533
16055	0.850000000	0.534568879
16056	0.862500000	0.533898952
16057	0.875000000	0.533216784
16058	0.887500000	0.532523428
16059	0.900000000	0.531819952
16060	0.912500000	0.531107442
16061	0.925000000	0.530386995
16062	0.937500000	0.529659723
16063	0.950000000	0.528926747
16064	0.962500000	0.528189197
16065	0.975000000	0.527448210
16066	0.987500000	0.526704930
16067	1.000000000	0.525960502
16068	1.012500000	0.525960502
16069	1.025000000	0.525960502
16070	1.037500000	0.525960502
16071	1.050000000	0.525960502
16072	1.062500000	0.525960502
16073	1.075000000	0.525960502
16074	1.087500000	0.525960502
16075	1.100000000	0.525960502
16076	1.112500000	0.525960502
16077	1.125000000	0.525960502
16078	1.137500000	0.525960502
16079	1.150000000	0.525960502
16080	1.162500000	0.525960502
16081	1.175000000	0.525960502
16082	1.187500000	0.525960502
16083	1.200000000	0.525960502
16084	1.212500000	0.525960502
16085	1.225000000	0.525960502
16086	1.237500000	0.525960502
16087	1.250000000	0.525960502
16088	1.262500000	0.525960502
16089	1.275000000	0.525960502
16090	1.287500000	0.525960502
16091	1.300000000	0.525960502
16092	1.312500000	0.525960502
16093	1.325000000	0.525960502
16094	1.337500000	0.525960502
16095	1.350000000	0.525960502
16096	1.362500000	0.525960502
16097	1.375000000	0.525960502
16098	1.387500000	0.525960502
16099	1.400000000	0.525960502
16100	1.412500000	0.525960502
16101	1.425000000	0.525960502
16102	1.437500000	0.525960502
16103	1.450000000	0.525960502
16104	1.462500000	0.525960502
16105	1.475000000	0.525960502
16106	1.487500000	0.525960502
16107	1.500000000	0.525960502
16108	1.512500000	0.525960502
16109	1.525000000	0.525960502
16110	1.537500000	0.525960502
16111	1.550000000	0.525960502
16112	1.562500000	0.525960502
16113	1.575000000	0.525960502
16114	1.587500000	0.525960502
16115	1.600000000	0.525960502
16116	1.612500000	0.525960502
16117	1.625000000	0.525960502
16118	1.637500000	0.525960502
16119	1.650000000	0.525960502
16120	1.662500000	0.525960502
16121	1.675000000	0.525960502
16122	1.687500000	0.525960502
16123	1.700000000	0.525960502
16124	1.712500000	0.525960502
16125	1.725000000	0.525960502
16126	1.737500000	0.525960502
16127	1.750000000	0.525960502
16128	1.762500000	0.525960502
16129	1.775000000	0.525960502
16130	1.787500000	0.525960502
16131	1.800000000	0.525960502
16132	1.812500000	0.525960502
16133	1.825000000	0.525960502
16134	1.837500000	0.525960502
16135	1.850000000	0.525960502
16136	1.862500000	0.525960502
16137	1.875000000	0.525960502
16138	1.887500000	0.525960502
16139	1.900000000	0.525960502
16140	1.912500000	0.525960502
16141	1.925000000	0.525960502
16142	1.937500000	0.525960502
16143	1.950000000	0.525960502
16144	1.962500000	0.525960502
16145	1.975000000	0.525960502
16146	1.987500000	0.525960502
16147	2.000000000	0.525960502
16148	-1.000000000	0.550999418
16149	-0.987500000	0.550999418
16150	-0.975000000	0.550999418
16151	-0.962500000	0.550999418
16152	-0.950000000	0.550999418
16153	-0.937500000	0.550999418
16154	-0.925000000	0.550999418
16155	-0.912500000	0.550999418
16156	-0.900000000	0.550999418
16157	-0.887500000	0.550999418
16158	-0.875000000	0.550999418
16159	-0.862500000	0.550999418
16160	-0.850000000	0.550999418
16161	-0.837500000	0.550999418
16162	-0.825000000	0.550999418
16163	-0.812500000	0.550999418
16164	-0.800000000	0.550999418
16165	-0.787500000	0.550999418
16166	-0.775000000	0.550999418
16167	-0.762500000	0.550999418
16168	-0.750000000	0.550999418
16169	-0.737500000	0.550999418
16170	-0.725000000	0.550999418
16171	-0.712500000	0.550999418
16172	-0.700000000	0.550999418
16173	-0.687500000	0.550999418
16174	-0.675000000	0.550999418
16175	-0.662500000	0.550999418
16176	-0.650000000	0.550999418
16177	-0.637500000	0.550999418
16178	-0.625000000	0.550999418
16179	-0.612500000	0.550999418
16180	-0.600000000	0.550999418
16181	-0.587500000	0.550999418
16182	-0.575000000	0.550999418
16183	-0.562500000	0.550999418
16184	-0.550000000	0.550999418
16185	-0.537500000	0.550999418
16186	-0.525000000	0.550999418
16187	-0.512500000	0.550999418
16188	-0.500000000	0.550999418
16189	-0.487500000	0.550999418
16190	-0.475000000	0.550999418
16191	-0.462500000	0.550999418
16192	-0.450000000	0.550999418
16193	-0.437500000	0.550999418
16194	-0.425000000	0.550999418
16195	-0.412500000	0.550999418
16196	-0.400000000	0.550999418
16197	-0.387500000	0.550999418
16198	-0.375000000	0.550999418
16199	-0.362500000	0.550999418
16200	-0.350000000	0.550999418
16201	-0.337500000	0.550999418
16202	-0.325000000	0.550999418
16203	-0.312500000	0.550999418
16204	-0.300000000	0.550999418
16205	-0.287500000	0.550999418
16206	-0.275000000	0.550999418
16207	-0.262500000	0.550999418
16208	-0.250000000	0.550999418
16209	-0.237500000	0.550999418
16210	-0.225000000	0.550999418
16211	-0.212500000	0.550999418
16212	-0.200000000	0.550999418
16213	-0.187500000	0.550999418
16214	-0.175000000	0.550999418
16215	-0.162500000	0.550999418
16216	-0.150000000	0.550999418
16217	-0.137500000	0.550999418
16218	-0.125000000	0.550999418
16219	-0.112500000	0.550999418
16220	-0.100000000	0.550999418
16221	-0.087500000	0.550999418
16222	-0.075000000	0.550999418
16223	-0.062500000	0.550999418
16224	-0.050000000	0.550999418
16225	-0.037500000	0.550999418
16226	-0.025000000	0.550999418
16227	-0.012500000	0.550999418
16228	0.000000000	0.550999418
16229	0.012500000	0.551704525
16230	0.025000000	0.552408545
16231	0.037500000	0.553110392
16232	0.050000000	0.553808985
16233	0.062500000	0.554503245
16234	0.075000000	0.555192102
16235	0.087500000	0.555874495
16236	0.100000000	0.556549370
16237	0.112500000	0.557215688
16238	0.125000000	0.557872421
16239	0.137500000	0.558518557
16240	0.150000000	0.559153098
16241	0.162500000	0.559775067
16242	0.175000000	0.560383504
16243	0.187500000	0.560977472
16244	0.200000000	0.561556055
16245	0.212500000	0.562118360
16246	0.225000000	0.562663520
16247	0.237500000	0.563190695
16248	0.250000000	0.563699072
16249	0.262500000	0.564187867
16250	0.275000000	0.564656327
16251	0.287500000	0.565103728
16252	0.300000000	0.565529382
16253	0.312500000	0.565932632
16254	0.325000000	0.566312855
16255	0.337500000	0.566669467
16256	0.350000000	0.567001916
16257	0.362500000	0.567309691
16258	0.375000000	0.567592316
16259	0.387500000	0.567849356
16260	0.400000000	0.568080415
16261	0.412500000	0.568285137
16262	0.425000000	0.568463204
16263	0.437500000	0.568614345
16264	0.450000000	0.568738324
16265	0.462500000	0.568834951
16266	0.475000000	0.568904077
16267	0.487500000	0.568945595
16268	0.500000000	0.568959441
16269	0.512500000	0.568945595
16270	0.525000000	0.568904077
16271	0.537500000	0.568834951
16272	0.550000000	0.568738324
16273	0.562500000	0.568614345
16274	0.575000000	0.568463204
16275	0.587500000	0.568285137
16276	0.600000000	0.568080415
16277	0.612500000	0.567849356
16278	0.625000000	0.567592316
16279	0.637500000	0.567309691
16280	0.650000000	0.567001916
16281	0.662500000	0.566669467
16282	0.675000000	0.566312855
16283	0.687500000	0.565932632
16284	0.700000000	0.565529382
16285	0.712500000	0.565103728
16286	0.725000000	0.564656327
16287	0.737500000	0.564187867
16288	0.750000000	0.563699072
16289	0.762500000	0.563190695
16290	0.775000000	0.562663520
16291	0.787500000	0.562118360
16292	0.800000000	0.561556055
16293	0.812500000	0.560977472
16294	0.825000000	0.560383504
16295	0.837500000	0.559775067
16296	0.850000000	0.559153098
16297	0.862500000	0.558518557
16298	0.875000000	0.557872421
16299	0.887500000	0.557215688
16300	0.900000000	0.556549370
16301	0.912500000	0.555874495
16302	0.925000000	0.555192102
16303	0.937500000	0.554503245
16304	0.950000000	0.553808985
16305	0.962500000	0.553110392
16306	0.975000000	0.552408545
16307	0.987500000	0.551704525
16308	1.000000000	0.550999418
16309	1.012500000	0.550999418
16310	1.025000000	0.550999418
16311	1.037500000	0.550999418
16312	1.050000000	0.550999418
16313	1.062500000	0.550999418
16314	1.075000000	0.550999418
16315	1.087500000	0.550999418
16316	1.100000000	0.550999418
16317	1.112500000	0.550999418
16318	1.125000000	0.550999418
16319	1.137500000	0.550999418
16320	1.150000000	0.550999418
16321	1.162500000	0.550999418
16322	1.175000000	0.550999418
16323	1.187500000	0.550999418
16324	1.200000000	0.550999418
16325	1.212500000	0.550999418
16326	1.225000000	0.550999418
16327	1.237500000	0.550999418
16328	1.250000000	0.550999418
16329	1.262500000	0.550999418
16330	1.275000000	0.550999418
16331	1.287500000	0.550999418
16332	1.300000000	0.550999418
16333	1.312500000	0.550999418
16334	1.325000000	0.550999418
16335	1.337500000	0.550999418
16336	1.350000000	0.550999418
16337	1.362500000	0.550999418
16338	1.375000000	0.550999418
16339	1.387500000	0.550999418
16340	1.400000000	0.550999418
16341	1.412500000	0.550999418
16342	1.425000000	0.550999418
16343	1.437500000	0.550999418
16344	1.450000000	0.550999418
16345	1.462500000	0.550999418
16346	1.475000000	0.550999418
16347	1.487500000	0.550999418
16348	1.500000000	0.550999418
16349	1.512500000	0.550999418
16350	1.525000000	0.550999418
16351	1.537500000	0.550999418
16352	1.550000000	0.550999418
16353	1.562500000	0.550999418
16354	1.575000000	0.550999418
16355	1.587500000	0.550999418
16356	1.600000000	0.550999418
16357	1.612500000	0.550999418
16358	1.625000000	0.550999418
16359	1.637500000	0.550999418
16360	1.650000000	0.550999418
16361	1.662500000	0.550999418
16362	1.675000000	0.550999418
16363	1.687500000	0.550999418
16364	1.700000000	0.550999418
16365	1.712500000	0.550999418
16366	1.725000000	0.550999418
16367	1.737500000	0.550999418
16368	1.750000000	0.550999418
16369	1.762500000	0.550999418
16370	1.775000000	0.550999418
16371	1.787500000	0.550999418
16372	1.800000000	0.550999418
16373	1.812500000	0.550999418
16374	1.825000000	0.550999418
16375	1.837500000	0.550999418
16376	1.850000000	0.550999418
16377	1.862500000	0.550999418
16378	1.875000000	0.550999418
16379	1.887500000	0.550999418
16380	1.900000000	0.550999418
16381	1.912500000	0.550999418
16382	1.925000000	0.550999418
16383	1.937500000	0.550999418
16384	1.950000000	0.550999418
16385	1.962500000	0.550999418
16386	1.975000000	0.550999418
16387	1.987500000	0.550999418
16388	2.000000000	0.550999418
16389	-1.000000000	0.577165085
16390	-0.987500000	0.577165085
16391	-0.975000000	0.577165085
16392	-0.962500000	0.577165085
16393	-0.950000000	0.577165085
16394	-0.937500000	0.577165085
16395	-0.925000000	0.577165085
16396	-0.912500000	0.577165085
16397	-0.900000000	0.577165085
16398	-0.887500000	0.577165085
16399	-0.875000000	0.577165085
16400	-0.862500000	0.577165085
16401	-0.850000000	0.577165085
16402	-0.837500000	0.577165085
16403	-0.825000000	0.577165085
16404	-0.812500000	0.577165085
16405	-0.800000000	0.577165085
16406	-0.787500000	0.577165085
16407	-0.775000000	0.577165085
16408	-0.762500000	0.577165085
16409	-0.750000000	0.577165085
16410	-0.737500000	0.577165085
16411	-0.725000000	0.577165085
16412	-0.712500000	0.577165085
16413	-0.700000000	0.577165085
16414	-0.687500000	0.577165085
16415	-0.675000000	0.577165085
16416	-0.662500000	0.577165085
16417	-0.650000000	0.577165085
16418	-0.637500000	0.577165085
16419	-0.625000000	0.577165085
16420	-0.612500000	0.577165085
16421	-0.600000000	0.577165085
16422	-0.587500000	0.577165085
16423	-0.575000000	0.577165085
16424	-0.562500000	0.577165085
16425	-0.550000000	0.577165085
16426	-0.537500000	0.577165085
16427	-0.525000000	0.577165085
16428	-0.512500000	0.577165085
16429	-0.500000000	0.577165085
16430	-0.487500000	0.577165085
16431	-0.475000000	0.577165085
16432	-0.462500000	0.577165085
16433	-0.450000000	0.577165085
16434	-0.437500000	0.577165085
16435	-0.425000000	0.577165085
16436	-0.412500000	0.577165085
16437	-0.400000000	0.577165085
16438	-0.387500000	0.577165085
16439	-0.375000000	0.577165085
16440	-0.362500000	0.577165085
16441	-0.350000000	0.577165085
16442	-0.337500000	0.577165085
16443	-0.325000000	0.577165085
16444	-0.312500000	0.577165085
16445	-0.300000000	0.577165085
16446	-0.287500000	0.577165085
16447	-0.275000000	0.577165085
16448	-0.262500000	0.577165085
16449	-0.250000000	0.577165085
16450	-0.237500000	0.577165085
16451	-0.225000000	0.577165085
16452	-0.212500000	0.577165085
16453	-0.200000000	0.577165085
16454	-0.187500000	0.577165085
16455	-0.175000000	0.577165085
16456	-0.162500000	0.577165085
16457	-0.150000000	0.577165085
16458	-0.137500000	0.577165085
16459	-0.125000000	0.577165085
16460	-0.112500000	0.577165085
16461	-0.100000000	0.577165085
16462	-0.087500000	0.577165085
16463	-0.075000000	0.577165085
16464	-0.062500000	0.577165085
16465	-0.050000000	0.577165085
16466	-0.037500000	0.577165085
16467	-0.025000000	0.577165085
16468	-0.012500000	0.577165085
16469	0.000000000	0.577165085
16470	0.012500000	0.577829102
16471	0.025000000	0.578492095
16472	0.037500000	0.579153042
16473	0.050000000	0.579810924
16474	0.062500000	0.580464725
16475	0.075000000	0.581113439
16476	0.087500000	0.581756065
16477	0.100000000	0.582391612
16478	0.112500000	0.583019100
16479	0.125000000	0.583637562
16480	0.137500000	0.584246044
16481	0.150000000	0.584843607
16482	0.162500000	0.585429330
16483	0.175000000	0.586002311
16484	0.187500000	0.586561665
16485	0.200000000	0.587106530
16486	0.212500000	0.587636067
16487	0.225000000	0.588149458
16488	0.237500000	0.588645912
16489	0.250000000	0.589124663
16490	0.262500000	0.589584973
16491	0.275000000	0.590026133
16492	0.287500000	0.590447462
16493	0.300000000	0.590848311
16494	0.312500000	0.591228061
16495	0.325000000	0.591586127
16496	0.337500000	0.591921956
16497	0.350000000	0.592235032
16498	0.362500000	0.592524871
16499	0.375000000	0.592791026
16500	0.387500000	0.593033088
16501	0.400000000	0.593250681
16502	0.412500000	0.593443473
16503	0.425000000	0.593611163
16504	0.437500000	0.593753496
16505	0.450000000	0.593870250
16506	0.462500000	0.593961246
16507	0.475000000	0.594026344
16508	0.487500000	0.594065442
16509	0.500000000	0.594078482
16510	0.512500000	0.594065442
16511	0.525000000	0.594026344
16512	0.537500000	0.593961246
16513	0.550000000	0.593870250
16514	0.562500000	0.593753496
16515	0.575000000	0.593611163
16516	0.587500000	0.593443473
16517	0.600000000	0.593250681
16518	0.612500000	0.593033088
16519	0.625000000	0.592791026
16520	0.637500000	0.592524871
16521	0.650000000	0.592235032
16522	0.662500000	0.591921956
16523	0.675000000	0.591586127
16524	0.687500000	0.591228061
16525	0.700000000	0.590848311
16526	0.712500000	0.590447462
16527	0.725000000	0.590026133
16528	0.737500000	0.589584973
16529	0.750000000	0.589124663
16530	0.762500000	0.588645912
16531	0.775000000	0.588149458
16532	0.787500000	0.587636067
16533	0.800000000	0.587106530
16534	0.812500000	0.586561665
16535	0.825000000	0.586002311
16536	0.837500000	0.585429330
16537	0.850000000	0.584843607
16538	0.862500000	0.584246044
16539	0.875000000	0.583637562
16540	0.887500000	0.583019100
16541	0.900000000	0.582391612
16542	0.912500000	0.581756065
16543	0.925000000	0.581113439
16544	0.937500000	0.580464725
16545	0.950000000	0.579810924
16546	0.962500000	0.579153042
16547	0.975000000	0.578492095
16548	0.987500000	0.577829102
16549	1.000000000	0.577165085
16550	1.012500000	0.577165085
16551	1.025000000	0.577165085
16552	1.037500000	0.577165085
16553	1.050000000	0.577165085
16554	1.062500000	0.577165085
16555	1.075000000	0.577165085
16556	1.087500000	0.577165085
16557	1.100000000	0.577165085
16558	1.112500000	0.577165085
16559	1.125000000	0.577165085
16560	1.137500000	0.577165085
16561	1.150000000	0.577165085
16562	1.162500000	0.577165085
16563	1.175000000	0.577165085
16564	1.187500000	0.577165085
16565	1.200000000	0.577165085
16566	1.212500000	0.577165085
16567	1.225000000	0.577165085
16568	1.237500000	0.577165085
16569	1.250000000	0.577165085
16570	1.262500000	0.577165085
16571	1.275000000	0.577165085
16572	1.287500000	0.577165085
16573	1.300000000	0.577165085
16574	1.312500000	0.577165085
16575	1.325000000	0.577165085
16576	1.337500000	0.577165085
16577	1.350000000	0.577165085
16578	1.362500000	0.577165085
16579	1.375000000	0.577165085
16580	1.387500000	0.577165085
16581	1.400000000	0.577165085
16582	1.412500000	0.577165085
16583	1.425000000	0.577165085
16584	1.437500000	0.577165085
16585	1.450000000	0.577165085
16586	1.462500000	0.577165085
16587	1.475000000	0.577165085
16588	1.487500000	0.577165085
16589	1.500000000	0.577165085
16590	1.512500000	0.577165085
16591	1.525000000	0.577165085
16592	1.537500000	0.577165085
16593	1.550000000	0.577165085
16594	1.562500000	0.577165085
16595	1.575000000	0.577165085
16596	1.587500000	0.577165085
16597	1.600000000	0.577165085
16598	1.612500000	0.577165085
16599	1.625000000	0.577165085
16600	1.637500000	0.577165085
16601	1.650000000	0.577165085
16602	1.662500000	0.577165085
16603	1.675000000	0.577165085
16604	1.687500000	0.577165085
16605	1.700000000	0.577165085
16606	1.712500000	0.577165085
16607	1.725000000	0.577165085
16608	1.737500000	0.577165085
16609	1.750000000	0.577165085
16610	1.762500000	0.577165085
16611	1.775000000	0.577165085
16612	1.787500000	0.577165085
16613	1.800000000	0.577165085
16614	1.812500000	0.577165085
16615	1.825000000	0.577165085
16616	1.837500000	0.577165085
16617	1.850000000	0.577165085
16618	1.862500000	0.577165085
16619	1.875000000	0.577165085
16620	1.887500000	0.577165085
16621	1.900000000	0.577165085
16622	1.912500000	0.577165085
16623	1.925000000	0.577165085
16624	1.937500000	0.577165085
16625	1.950000000	0.577165085
16626	1.962500000	0.577165085
16627	1.975000000	0.577165085
16628	1.987500000	0.577165085
16629	2.000000000	0.577165085
16630	-1.000000000	0.604508208
16631	-0.987500000	0.604508208
16632	-0.975000000	0.604508208
16633	-0.962500000	0.604508208
16634	-0.950000000	0.604508208
16635	-0.937500000	0.604508208
16636	-0.925000000	0.604508208
16637	-0.912500000	0.604508208
16638	-0.900000000	0.604508208
16639	-0.887500000	0.604508208
16640	-0.875000000	0.604508208
16641	-0.862500000	0.604508208
16642	-0.850000000	0.604508208
16643	-0.837500000	0.604508208
16644	-0.825000000	0.604508208
16645	-0.812500000	0.604508208
16646	-0.800000000	0.604508208
16647	-0.787500000	0.604508208
16648	-0.775000000	0.604508208
16649	-0.762500000	0.604508208
16650	-0.750000000	0.604508208
16651	-0.737500000	0.604508208
16652	-0.725000000	0.604508208
16653	-0.712500000	0.604508208
16654	-0.700000000	0.604508208
16655	-0.687500000	0.604508208
16656	-0.675000000	0.604508208
16657	-0.662500000	0.604508208
16658	-0.650000000	0.604508208
16659	-0.637500000	0.604508208
16660	-0.625000000	0.604508208
16661	-0.612500000	0.604508208
16662	-0.600000000	0.604508208
16663	-0.587500000	0.604508208
16664	-0.575000000	0.604508208
16665	-0.562500000	0.604508208
16666	-0.550000000	0.604508208
16667	-0.537500000	0.604508208
16668	-0.525000000	0.604508208
16669	-0.512500000	0.604508208
16670	-0.500000000	0.604508208
16671	-0.487500000	0.604508208
16672	-0.475000000	0.604508208
16673	-0.462500000	0.604508208
16674	-0.450000000	0.604508208
16675	-0.437500000	0.604508208
16676	-0.425000000	0.604508208
16677	-0.412500000	0.604508208
16678	-0.400000000	0.604508208
16679	-0.387500000	0.604508208
16680	-0.375000000	0.604508208
16681	-0.362500000	0.604508208
16682	-0.350000000	0.604508208
16683	-0.337500000	0.604508208
16684	-0.325000000	0.604508208
16685	-0.312500000	0.604508208
16686	-0.300000000	0.604508208
16687	-0.287500000	0.604508208
16688	-0.275000000	0.604508208
16689	-0.262500000	0.604508208
16690	-0.250000000	0.604508208
16691	-0.237500000	0.604508208
16692	-0.225000000	0.604508208
16693	-0.212500000	0.604508208
16694	-0.200000000	0.604508208
16695	-0.187500000	0.604508208
16696	-0.175000000	0.604508208
16697	-0.162500000	0.604508208
16698	-0.150000000	0.604508208
16699	-0.137500000	0.604508208
16700	-0.125000000	0.604508208
16701	-0.112500000	0.604508208
16702	-0.100000000	0.604508208
16703	-0.087500000	0.604508208
16704	-0.075000000	0.604508208
16705	-0.062500000	0.604508208
16706	-0.050000000	0.604508208
16707	-0.037500000	0.604508208
16708	-0.025000000	0.604508208
16709	-0.012500000	0.604508208
16710	0.000000000	0.604508208
16711	0.012500000	0.605129285
16712	0.025000000	0.605749405
16713	0.037500000	0.606367611
16714	0.050000000	0.606982950
16715	0.062500000	0.607594473
16716	0.075000000	0.608201237
16717	0.087500000	0.608802307
16718	0.100000000	0.609396755
16719	0.112500000	0.609983666
16720	0.125000000	0.610562134
16721	0.137500000	0.611131267
16722	0.150000000	0.611690188
16723	0.162500000	0.612238035
16724	0.175000000	0.612773964
16725	0.187500000	0.613297146
16726	0.200000000	0.613806777
16727	0.212500000	0.614302071
16728	0.225000000	0.614782263
16729	0.237500000	0.615246613
16730	0.250000000	0.615694405
16731	0.262500000	0.616124949
16732	0.275000000	0.616537580
16733	0.287500000	0.616931664
16734	0.300000000	0.617306591
16735	0.312500000	0.617661784
16736	0.325000000	0.617996695
16737	0.337500000	0.618310808
16738	0.350000000	0.618603638
16739	0.362500000	0.618874735
16740	0.375000000	0.619123679
16741	0.387500000	0.619350087
16742	0.400000000	0.619553610
16743	0.412500000	0.619733934
16744	0.425000000	0.619890781
16745	0.437500000	0.620023909
16746	0.450000000	0.620133113
16747	0.462500000	0.620218225
16748	0.475000000	0.620279113
16749	0.487500000	0.620315683
16750	0.500000000	0.620327879
16751	0.512500000	0.620315683
16752	0.525000000	0.620279113
16753	0.537500000	0.620218225
16754	0.550000000	0.620133113
16755	0.562500000	0.620023909
16756	0.575000000	0.619890781
16757	0.587500000	0.619733934
16758	0.600000000	0.619553610
16759	0.612500000	0.619350087
16760	0.625000000	0.619123679
16761	0.637500000	0.618874735
16762	0.650000000	0.618603638
16763	0.662500000	0.618310808
16764	0.675000000	0.617996695
16765	0.687500000	0.617661784
16766	0.700000000	0.617306591
16767	0.712500000	0.616931664
16768	0.725000000	0.616537580
16769	0.737500000	0.616124949
16770	0.750000000	0.615694405
16771	0.762500000	0.615246613
16772	0.775000000	0.614782263
16773	0.787500000	0.614302071
16774	0.800000000	0.613806777
16775	0.812500000	0.613297146
16776	0.825000000	0.612773964
16777	0.837500000	0.612238035
16778	0.850000000	0.611690188
16779	0.862500000	0.611131267
16780	0.875000000	0.610562134
16781	0.887500000	0.609983666
16782	0.900000000	0.609396755
16783	0.912500000	0.608802307
16784	0.925000000	0.608201237
16785	0.937500000	0.607594473
16786	0.950000000	0.606982950
16787	0.962500000	0.606367611
16788	0.975000000	0.605749405
16789	0.987500000	0.605129285
16790	1.000000000	0.604508208
16791	1.012500000	0.604508208
16792	1.025000000	0.604508208
16793	1.037500000	0.604508208
16794	1.050000000	0.604508208
16795	1.062500000	0.604508208
16796	1.075000000	0.604508208
16797	1.087500000	0.604508208
16798	1.100000000	0.604508208
16799	1.112500000	0.604508208
16800	1.125000000	0.604508208
16801	1.137500000	0.604508208
16802	1.150000000	0.604508208
16803	1.162500000	0.604508208
16804	1.175000000	0.604508208
16805	1.187500000	0.604508208
16806	1.200000000	0.604508208
16807	1.212500000	0.604508208
16808	1.225000000	0.604508208
16809	1.237500000	0.604508208
16810	1.250000000	0.604508208
16811	1.262500000	0.604508208
16812	1.275000000	0.604508208
16813	1.287500000	0.604508208
16814	1.300000000	0.604508208
16815	1.312500000	0.604508208
16816	1.325000000	0.604508208
16817	1.337500000	0.604508208
16818	1.350000000	0.604508208
16819	1.362500000	0.604508208
16820	1.375000000	0.604508208
16821	1.387500000	0.604508208
16822	1.400000000	0.604508208
16823	1.412500000	0.604508208
16824	1.425000000	0.604508208
16825	1.437500000	0.604508208
16826	1.450000000	0.604508208
16827	1.462500000	0.604508208
16828	1.475000000	0.604508208
16829	1.487500000	0.604508208
16830	1.500000000	0.604508208
16831	1.512500000	0.604508208
16832	1.525000000	0.604508208
16833	1.537500000	0.604508208
16834	1.550000000	0.604508208
16835	1.562500000	0.604508208
16836	1.575000000	0.604508208
16837	1.587500000	0.604508208
16838	1.600000000	0.604508208
16839	1.612500000	0.604508208
16840	1.625000000	0.604508208
16841	1.637500000	0.604508208
16842	1.650000000	0.604508208
16843	1.662500000	0.604508208
16844	1.675000000	0.604508208
16845	1.687500000	0.604508208
16846	1.700000000	0.604508208
16847	1.712500000	0.604508208
16848	1.725000000	0.604508208
16849	1.737500000	0.604508208
16850	1.750000000	0.604508208
16851	1.762500000	0.604508208
16852	1.775000000	0.604508208
16853	1.787500000	0.604508208
16854	1.800000000	0.604508208
16855	1.812500000	0.604508208
16856	1.825000000	0.604508208
16857	1.837500000	0.604508208
16858	1.850000000	0.604508208
16859	1.862500000	0.604508208
16860	1.875000000	0.604508208
16861	1.887500000	0.604508208
16862	1.900000000	0.604508208
16863	1.912500000	0.604508208
16864	1.925000000	0.604508208
16865	1.937500000	0.604508208
16866	1.950000000	0.604508208
16867	1.962500000	0.604508208
16868	1.975000000	0.604508208
16869	1.987500000	0.604508208
16870	2.000000000	0.604508208
16871	-1.000000000	0.633081771
16872	-0.987500000	0.633081771
16873	-0.975000000	0.633081771
16874	-0.962500000	0.633081771
16875	-0.950000000	0.633081771
16876	-0.937500000	0.633081771
16877	-0.925000000	0.633081771
16878	-0.912500000	0.633081771
16879	-0.900000000	0.633081771
16880	-0.887500000	0.633081771
16881	-0.875000000	0.633081771
16882	-0.862500000	0.633081771
16883	-0.850000000	0.633081771
16884	-0.837500000	0.633081771
16885	-0.825000000	0.633081771
16886	-0.812500000	0.633081771
16887	-0.800000000	0.633081771
16888	-0.787500000	0.633081771
16889	-0.775000000	0.633081771
16890	-0.762500000	0.633081771
16891	-0.750000000	0.633081771
16892	-0.737500000	0.633081771
16893	-0.725000000	0.633081771
16894	-0.712500000	0.633081771
16895	-0.700000000	0.633081771
16896	-0.687500000	0.633081771
16897	-0.675000000	0.633081771
16898	-0.662500000	0.633081771
16899	-0.650000000	0.633081771
16900	-0.637500000	0.633081771
16901	-0.625000000	0.633081771
16902	-0.612500000	0.633081771
16903	-0.600000000	0.633081771
16904	-0.587500000	0.633081771
16905	-0.575000000	0.633081771
16906	-0.562500000	0.633081771
16907	-0.550000000	0.633081771
16908	-0.537500000	0.633081771
16909	-0.525000000	0.633081771
16910	-0.512500000	0.633081771
16911	-0.500000000	0.633081771
16912	-0.487500000	0.633081771
16913	-0.475000000	0.633081771
16914	-0.462500000	0.633081771
16915	-0.450000000	0.633081771
16916	-0.437500000	0.633081771
16917	-0.425000000	0.633081771
16918	-0.412500000	0.633081771
16919	-0.400000000	0.633081771
16920	-0.387500000	0.633081771
16921	-0.375000000	0.633081771
16922	-0.362500000	0.633081771
16923	-0.350000000	0.633081771
16924	-0.337500000	0.633081771
16925	-0.325000000	0.633081771
16926	-0.312500000	0.633081771
16927	-0.300000000	0.633081771
16928	-0.287500000	0.633081771
16929	-0.275000000	0.633081771
16930	-0.262500000	0.633081771
16931	-0.250000000	0.633081771
16932	-0.237500000	0.633081771
16933	-0.225000000	0.633081771
16934	-0.212500000	0.633081771
16935	-0.200000000	0.633081771
16936	-0.187500000	0.633081771
16937	-0.175000000	0.633081771
16938	-0.162500000	0.633081771
16939	-0.150000000	0.633081771
16940	-0.137500000	0.633081771
16941	-0.125000000	0.633081771
16942	-0.112500000	0.633081771
16943	-0.100000000	0.633081771
16944	-0.087500000	0.633081771
16945	-0.075000000	0.633081771
16946	-0.062500000	0.633081771
16947	-0.050000000	0.633081771
16948	-0.037500000	0.633081771
16949	-0.025000000	0.633081771
16950	-0.012500000	0.633081771
16951	0.000000000	0.633081771
16952	0.012500000	0.633657976
16953	0.025000000	0.634233294
16954	0.037500000	0.634806835
16955	0.050000000	0.635377717
16956	0.062500000	0.635945058
16957	0.075000000	0.636507985
16958	0.087500000	0.637065629
16959	0.100000000	0.637617129
16960	0.112500000	0.638161637
16961	0.125000000	0.638698312
16962	0.137500000	0.639226326
16963	0.150000000	0.639744866
16964	0.162500000	0.640253132
16965	0.175000000	0.640750341
16966	0.187500000	0.641235724
16967	0.200000000	0.641708536
16968	0.212500000	0.642168045
16969	0.225000000	0.642613544
16970	0.237500000	0.643044345
16971	0.250000000	0.643459785
16972	0.262500000	0.643859223
16973	0.275000000	0.644242043
16974	0.287500000	0.644607655
16975	0.300000000	0.644955494
16976	0.312500000	0.645285025
16977	0.325000000	0.645595739
16978	0.337500000	0.645887158
16979	0.350000000	0.646158832
16980	0.362500000	0.646410342
16981	0.375000000	0.646641300
16982	0.387500000	0.646851351
16983	0.400000000	0.647040170
16984	0.412500000	0.647207465
16985	0.425000000	0.647352981
16986	0.437500000	0.647476491
16987	0.450000000	0.647577805
16988	0.462500000	0.647656767
16989	0.475000000	0.647713256
16990	0.487500000	0.647747185
16991	0.500000000	0.647758500
16992	0.512500000	0.647747185
16993	0.525000000	0.647713256
16994	0.537500000	0.647656767
16995	0.550000000	0.647577805
16996	0.562500000	0.647476491
16997	0.575000000	0.647352981
16998	0.587500000	0.647207465
16999	0.600000000	0.647040170
17000	0.612500000	0.646851351
17001	0.625000000	0.646641300
17002	0.637500000	0.646410342
17003	0.650000000	0.646158832
17004	0.662500000	0.645887158
17005	0.675000000	0.645595739
17006	0.687500000	0.645285025
17007	0.700000000	0.644955494
17008	0.712500000	0.644607655
17009	0.725000000	0.644242043
17010	0.737500000	0.643859223
17011	0.750000000	0.643459785
17012	0.762500000	0.643044345
17013	0.775000000	0.642613544
17014	0.787500000	0.642168045
17015	0.800000000	0.641708536
17016	0.812500000	0.641235724
17017	0.825000000	0.640750341
17018	0.837500000	0.640253132
17019	0.850000000	0.639744866
17020	0.862500000	0.639226326
17021	0.875000000	0.638698312
17022	0.887500000	0.638161637
17023	0.900000000	0.637617129
17024	0.912500000	0.637065629
17025	0.925000000	0.636507985
17026	0.937500000	0.635945058
17027	0.950000000	0.635377717
17028	0.962500000	0.634806835
17029	0.975000000	0.634233294
17030	0.987500000	0.633657976
17031	1.000000000	0.633081771
17032	1.012500000	0.633081771
17033	1.025000000	0.633081771
17034	1.037500000	0.633081771
17035	1.050000000	0.633081771
17036	1.062500000	0.633081771
17037	1.075000000	0.633081771
17038	1.087500000	0.633081771
17039	1.100000000	0.633081771
17040	1.112500000	0.633081771
17041	1.125000000	0.633081771
17042	1.137500000	0.633081771
17043	1.150000000	0.633081771
17044	1.162500000	0.633081771
17045	1.175000000	0.633081771
17046	1.187500000	0.633081771
17047	1.200000000	0.633081771
17048	1.212500000	0.633081771
17049	1.225000000	0.633081771
17050	1.237500000	0.633081771
17051	1.250000000	0.633081771
17052	1.262500000	0.633081771
17053	1.275000000	0.633081771
17054	1.287500000	0.633081771
17055	1.300000000	0.633081771
17056	1.312500000	0.633081771
17057	1.325000000	0.633081771
17058	1.337500000	0.633081771
17059	1.350000000	0.633081771
17060	1.362500000	0.633081771
17061	1.375000000	0.633081771
17062	1.387500000	0.633081771
17063	1.400000000	0.633081771
17064	1.412500000	0.633081771
17065	1.425000000	0.633081771
17066	1.437500000	0.633081771
17067	1.450000000	0.633081771
17068	1.462500000	0.633081771
17069	1.475000000	0.633081771
17070	1.487500000	0.633081771
17071	1.500000000	0.633081771
17072	1.512500000	0.633081771
17073	1.525000000	0.633081771
17074	1.537500000	0.633081771
17075	1.550000000	0.633081771
17076	1.562500000	0.633081771
17077	1.575000000	0.633081771
17078	1.587500000	0.633081771
17079	1.600000000	0.633081771
17080	1.612500000	0.633081771
17081	1.625000000	0.633081771
17082	1.637500000	0.633081771
17083	1.650000000	0.633081771
17084	1.662500000	0.633081771
17085	1.675000000	0.633081771
17086	1.687500000	0.633081771
17087	1.700000000	0.633081771
17088	1.712500000	0.633081771
17089	1.725000000	0.633081771
17090	1.737500000	0.633081771
17091	1.750000000	0.633081771
17092	1.762500000	0.633081771
17093	1.775000000	0.633081771
17094	1.787500000	0.633081771
17095	1.800000000	0.633081771
17096	1.812500000	0.633081771
17097	1.825000000	0.633081771
17098	1.837500000	0.633081771
17099	1.850000000	0.633081771
17100	1.862500000	0.633081771
17101	1.875000000	0.633081771
17102	1.887500000	0.633081771
17103	1.900000000	0.633081771
17104	1.912500000	0.633081771
17105	1.925000000	0.633081771
17106	1.937500000	0.633081771
17107	1.950000000	0.633081771
17108	1.962500000	0.633081771
17109	1.975000000	0.633081771
17110	1.987500000	0.633081771
17111	2.000000000	0.633081771
17112	-1.000000000	0.662941144
17113	-0.987500000	0.662941144
17114	-0.975000000	0.662941144
17115	-0.962500000	0.662941144
17116	-0.950000000	0.662941144
17117	-0.937500000	0.662941144
17118	-0.925000000	0.662941144
17119	-0.912500000	0.662941144
17120	-0.900000000	0.662941144
17121	-0.887500000	0.662941144
17122	-0.875000000	0.662941144
17123	-0.862500000	0.662941144
17124	-0.850000000	0.662941144
17125	-0.837500000	0.662941144
17126	-0.825000000	0.662941144
17127	-0.812500000	0.662941144
17128	-0.800000000	0.662941144
17129	-0.787500000	0.662941144
17130	-0.775000000	0.662941144
17131	-0.762500000	0.662941144
17132	-0.750000000	0.662941144
17133	-0.737500000	0.662941144
17134	-0.725000000	0.662941144
17135	-0.712500000	0.662941144
17136	-0.700000000	0.662941144
17137	-0.687500000	0.662941144
17138	-0.675000000	0.662941144
17139	-0.662500000	0.662941144
17140	-0.650000000	0.662941144
17141	-0.637500000	0.662941144
17142	-0.625000000	0.662941144
17143	-0.612500000	0.662941144
17144	-0.600000000	0.662941144
17145	-0.587500000	0.662941144
17146	-0.575000000	0.662941144
17147	-0.562500000	0.662941144
17148	-0.550000000	0.662941144
17149	-0.537500000	0.662941144
17150	-0.525000000	0.662941144
17151	-0.512500000	0.662941144
17152	-0.500000000	0.662941144
17153	-0.487500000	0.662941144
17154	-0.475000000	0.662941144
17155	-0.462500000	0.662941144
17156	-0.450000000	0.662941144
17157	-0.437500000	0.662941144
17158	-0.425000000	0.662941144
17159	-0.412500000	0.662941144
17160	-0.400000000	0.662941144
17161	-0.387500000	0.662941144
17162	-0.375000000	0.662941144
17163	-0.362500000	0.662941144
17164	-0.350000000	0.662941144
17165	-0.337500000	0.662941144
17166	-0.325000000	0.662941144
17167	-0.312500000	0.662941144
17168	-0.300000000	0.662941144
17169	-0.287500000	0.662941144
17170	-0.275000000	0.662941144
17171	-0.262500000	0.662941144
17172	-0.250000000	0.662941144
17173	-0.237500000	0.662941144
17174	-0.225000000	0.662941144
17175	-0.212500000	0.662941144
17176	-0.200000000	0.662941144
17177	-0.187500000	0.662941144
17178	-0.175000000	0.662941144
17179	-0.162500000	0.662941144
17180	-0.150000000	0.662941144
17181	-0.137500000	0.662941144
17182	-0.125000000	0.662941144
17183	-0.112500000	0.662941144
17184	-0.100000000	0.662941144
17185	-0.087500000	0.662941144
17186	-0.075000000	0.662941144
17187	-0.062500000	0.662941144
17188	-0.050000000	0.662941144
17189	-0.037500000	0.662941144
17190	-0.025000000	0.662941144
17191	-0.012500000	0.662941144
17192	0.000000000	0.662941144
17193	0.012500000	0.663470459
17194	0.025000000	0.663998957
17195	0.037500000	0.664525825
17196	0.050000000	0.665050249
17197	0.062500000	0.665571421
17198	0.075000000	0.666088537
17199	0.087500000	0.666600800
17200	0.100000000	0.667107420
17201	0.112500000	0.667607617
17202	0.125000000	0.668100617
17203	0.137500000	0.668585663
17204	0.150000000	0.669062005
17205	0.162500000	0.669528908
17206	0.175000000	0.669985655
17207	0.187500000	0.670431538
17208	0.200000000	0.670865873
17209	0.212500000	0.671287988
17210	0.225000000	0.671697232
17211	0.237500000	0.672092976
17212	0.250000000	0.672474608
17213	0.262500000	0.672841540
17214	0.275000000	0.673193206
17215	0.287500000	0.673529065
17216	0.300000000	0.673848598
17217	0.312500000	0.674151312
17218	0.325000000	0.674436741
17219	0.337500000	0.674704444
17220	0.350000000	0.674954009
17221	0.362500000	0.675185052
17222	0.375000000	0.675397215
17223	0.387500000	0.675590172
17224	0.400000000	0.675763625
17225	0.412500000	0.675917306
17226	0.425000000	0.676050980
17227	0.437500000	0.676164438
17228	0.450000000	0.676257508
17229	0.462500000	0.676330045
17230	0.475000000	0.676381936
17231	0.487500000	0.676413104
17232	0.500000000	0.676423498
17233	0.512500000	0.676413104
17234	0.525000000	0.676381936
17235	0.537500000	0.676330045
17236	0.550000000	0.676257508
17237	0.562500000	0.676164438
17238	0.575000000	0.676050980
17239	0.587500000	0.675917306
17240	0.600000000	0.675763625
17241	0.612500000	0.675590172
17242	0.625000000	0.675397215
17243	0.637500000	0.675185052
17244	0.650000000	0.674954009
17245	0.662500000	0.674704444
17246	0.675000000	0.674436741
17247	0.687500000	0.674151312
17248	0.700000000	0.673848598
17249	0.712500000	0.673529065
17250	0.725000000	0.673193206
17251	0.737500000	0.672841540
17252	0.750000000	0.672474608
17253	0.762500000	0.672092976
17254	0.775000000	0.671697232
17255	0.787500000	0.671287988
17256	0.800000000	0.670865873
17257	0.812500000	0.670431538
17258	0.825000000	0.669985655
17259	0.837500000	0.669528908
17260	0.850000000	0.669062005
17261	0.862500000	0.668585663
17262	0.875000000	0.668100617
17263	0.887500000	0.667607617
17264	0.900000000	0.667107420
17265	0.912500000	0.666600800
17266	0.925000000	0.666088537
17267	0.937500000	0.665571421
17268	0.950000000	0.665050249
17269	0.962500000	0.664525825
17270	0.975000000	0.663998957
17271	0.987500000	0.663470459
17272	1.000000000	0.662941144
17273	1.012500000	0.662941144
17274	1.025000000	0.662941144
17275	1.037500000	0.662941144
17276	1.050000000	0.662941144
17277	1.062500000	0.662941144
17278	1.075000000	0.662941144
17279	1.087500000	0.662941144
17280	1.100000000	0.662941144
17281	1.112500000	0.662941144
17282	1.125000000	0.662941144
17283	1.137500000	0.662941144
17284	1.150000000	0.662941144
17285	1.162500000	0.662941144
17286	1.175000000	0.662941144
17287	1.187500000	0.662941144
17288	1.200000000	0.662941144
17289	1.212500000	0.662941144
17290	1.225000000	0.662941144
17291	1.237500000	0.662941144
17292	1.250000000	0.662941144
17293	1.262500000	0.662941144
17294	1.275000000	0.662941144
17295	1.287500000	0.662941144
17296	1.300000000	0.662941144
17297	1.312500000	0.662941144
17298	1.325000000	0.662941144
17299	1.337500000	0.662941144
17300	1.350000000	0.662941144
17301	1.362500000	0.662941144
17302	1.375000000	0.662941144
17303	1.387500000	0.662941144
17304	1.400000000	0.662941144
17305	1.412500000	0.662941144
17306	1.425000000	0.662941144
17307	1.437500000	0.662941144
17308	1.450000000	0.662941144
17309	1.462500000	0.662941144
17310	1.475000000	0.662941144
17311	1.487500000	0.662941144
17312	1.500000000	0.662941144
17313	1.512500000	0.662941144
17314	1.525000000	0.662941144
17315	1.537500000	0.662941144
17316	1.550000000	0.662941144
17317	1.562500000	0.662941144
17318	1.575000000	0.662941144
17319	1.587500000	0.662941144
17320	1.600000000	0.662941144
17321	1.612500000	0.662941144
17322	1.625000000	0.662941144
17323	1.637500000	0.662941144
17324	1.650000000	0.662941144
17325	1.662500000	0.662941144
17326	1.675000000	0.662941144
17327	1.687500000	0.662941144
17328	1.700000000	0.662941144
17329	1.712500000	0.662941144
17330	1.725000000	0.662941144
17331	1.737500000	0.662941144
17332	1.750000000	0.662941144
17333	1.762500000	0.662941144
17334	1.775000000	0.662941144
17335	1.787500000	0.662941144
17336	1.800000000	0.662941144
17337	1.812500000	0.662941144
17338	1.825000000	0.662941144
17339	1.837500000	0.662941144
17340	1.850000000	0.662941144
17341	1.862500000	0.662941144
17342	1.875000000	0.662941144
17343	1.887500000	0.662941144
17344	1.900000000	0.662941144
17345	1.912500000	0.662941144
17346	1.925000000	0.662941144
17347	1.937500000	0.662941144
17348	1.950000000	0.662941144
17349	1.962500000	0.662941144
17350	1.975000000	0.662941144
17351	1.987500000	0.662941144
17352	2.000000000	0.662941144
17353	-1.000000000	0.694144189
17354	-0.987500000	0.694144189
17355	-0.975000000	0.694144189
17356	-0.962500000	0.694144189
17357	-0.950000000	0.694144189
17358	-0.937500000	0.694144189
17359	-0.925000000	0.694144189
17360	-0.912500000	0.694144189
17361	-0.900000000	0.694144189
17362	-0.887500000	0.694144189
17363	-0.875000000	0.694144189
17364	-0.862500000	0.694144189
17365	-0.850000000	0.694144189
17366	-0.837500000	0.694144189
17367	-0.825000000	0.694144189
17368	-0.812500000	0.694144189
17369	-0.800000000	0.694144189
17370	-0.787500000	0.694144189
17371	-0.775000000	0.694144189
17372	-0.762500000	0.694144189
17373	-0.750000000	0.694144189
17374	-0.737500000	0.694144189
17375	-0.725000000	0.694144189
17376	-0.712500000	0.694144189
17377	-0.700000000	0.694144189
17378	-0.687500000	0.694144189
17379	-0.675000000	0.694144189
17380	-0.662500000	0.694144189
17381	-0.650000000	0.694144189
17382	-0.637500000	0.694144189
17383	-0.625000000	0.694144189
17384	-0.612500000	0.694144189
17385	-0.600000000	0.694144189
17386	-0.587500000	0.694144189
17387	-0.575000000	0.694144189
17388	-0.562500000	0.694144189
17389	-0.550000000	0.694144189
17390	-0.537500000	0.694144189
17391	-0.525000000	0.694144189
17392	-0.512500000	0.694144189
17393	-0.500000000	0.694144189
17394	-0.487500000	0.694144189
17395	-0.475000000	0.694144189
17396	-0.462500000	0.694144189
17397	-0.450000000	0.694144189
17398	-0.437500000	0.694144189
17399	-0.425000000	0.694144189
17400	-0.412500000	0.694144189
17401	-0.400000000	0.694144189
17402	-0.387500000	0.694144189
17403	-0.375000000	0.694144189
17404	-0.362500000	0.694144189
17405	-0.350000000	0.694144189
17406	-0.337500000	0.694144189
17407	-0.325000000	0.694144189
17408	-0.312500000	0.694144189
17409	-0.300000000	0.694144189
17410	-0.287500000	0.694144189
17411	-0.275000000	0.694144189
17412	-0.262500000	0.694144189
17413	-0.250000000	0.694144189
17414	-0.237500000	0.694144189
17415	-0.225000000	0.694144189
17416	-0.212500000	0.694144189
17417	-0.200000000	0.694144189
17418	-0.187500000	0.694144189
17419	-0.175000000	0.694144189
17420	-0.162500000	0.694144189
17421	-0.150000000	0.694144189
17422	-0.137500000	0.694144189
17423	-0.125000000	0.694144189
17424	-0.112500000	0.694144189
17425	-0.100000000	0.694144189
17426	-0.087500000	0.694144189
17427	-0.075000000	0.694144189
17428	-0.062500000	0.694144189
17429	-0.050000000	0.694144189
17430	-0.037500000	0.694144189
17431	-0.025000000	0.694144189
17432	-0.012500000	0.694144189
17433	0.000000000	0.694144189
17434	0.012500000	0.694624502
17435	0.025000000	0.695104076
17436	0.037500000	0.695582169
17437	0.050000000	0.696058044
17438	0.062500000	0.696530969
17439	0.075000000	0.697000214
17440	0.087500000	0.697465054
17441	0.100000000	0.697924775
17442	0.112500000	0.698378665
17443	0.125000000	0.698826027
17444	0.137500000	0.699266169
17445	0.150000000	0.699698414
17446	0.162500000	0.700122095
17447	0.175000000	0.700536558
17448	0.187500000	0.700941164
17449	0.200000000	0.701335290
17450	0.212500000	0.701718328
17451	0.225000000	0.702089687
17452	0.237500000	0.702448795
17453	0.250000000	0.702795097
17454	0.262500000	0.703128061
17455	0.275000000	0.703447172
17456	0.287500000	0.703751939
17457	0.300000000	0.704041891
17458	0.312500000	0.704316581
17459	0.325000000	0.704575587
17460	0.337500000	0.704818508
17461	0.350000000	0.705044970
17462	0.362500000	0.705254623
17463	0.375000000	0.705447146
17464	0.387500000	0.705622240
17465	0.400000000	0.705779635
17466	0.412500000	0.705919090
17467	0.425000000	0.706040388
17468	0.437500000	0.706143344
17469	0.450000000	0.706227798
17470	0.462500000	0.706293619
17471	0.475000000	0.706340707
17472	0.487500000	0.706368989
17473	0.500000000	0.706378421
17474	0.512500000	0.706368989
17475	0.525000000	0.706340707
17476	0.537500000	0.706293619
17477	0.550000000	0.706227798
17478	0.562500000	0.706143344
17479	0.575000000	0.706040388
17480	0.587500000	0.705919090
17481	0.600000000	0.705779635
17482	0.612500000	0.705622240
17483	0.625000000	0.705447146
17484	0.637500000	0.705254623
17485	0.650000000	0.705044970
17486	0.662500000	0.704818508
17487	0.675000000	0.704575587
17488	0.687500000	0.704316581
17489	0.700000000	0.704041891
17490	0.712500000	0.703751939
17491	0.725000000	0.703447172
17492	0.737500000	0.703128061
17493	0.750000000	0.702795097
17494	0.762500000	0.702448795
17495	0.775000000	0.702089687
17496	0.787500000	0.701718328
17497	0.800000000	0.701335290
17498	0.812500000	0.700941164
17499	0.825000000	0.700536558
17500	0.837500000	0.700122095
17501	0.850000000	0.699698414
17502	0.862500000	0.699266169
17503	0.875000000	0.698826027
17504	0.887500000	0.698378665
17505	0.900000000	0.697924775
17506	0.912500000	0.697465054
17507	0.925000000	0.697000214
17508	0.937500000	0.696530969
17509	0.950000000	0.696058044
17510	0.962500000	0.695582169
17511	0.975000000	0.695104076
17512	0.987500000	0.694624502
17513	1.000000000	0.694144189
17514	1.012500000	0.694144189
17515	1.025000000	0.694144189
17516	1.037500000	0.694144189
17517	1.050000000	0.694144189
17518	1.062500000	0.694144189
17519	1.075000000	0.694144189
17520	1.087500000	0.694144189
17521	1.100000000	0.694144189
17522	1.112500000	0.694144189
17523	1.125000000	0.694144189
17524	1.137500000	0.694144189
17525	1.150000000	0.694144189
17526	1.162500000	0.694144189
17527	1.175000000	0.694144189
17528	1.187500000	0.694144189
17529	1.200000000	0.694144189
17530	1.212500000	0.694144189
17531	1.225000000	0.694144189
17532	1.237500000	0.694144189
17533	1.250000000	0.694144189
17534	1.262500000	0.694144189
17535	1.275000000	0.694144189
17536	1.287500000	0.694144189
17537	1.300000000	0.694144189
17538	1.312500000	0.694144189
17539	1.325000000	0.694144189
17540	1.337500000	0.694144189
17541	1.350000000	0.694144189
17542	1.362500000	0.694144189
17543	1.375000000	0.694144189
17544	1.387500000	0.694144189
17545	1.400000000	0.694144189
17546	1.412500000	0.694144189
17547	1.425000000	0.694144189
17548	1.437500000	0.694144189
17549	1.450000000	0.694144189
17550	1.462500000	0.694144189
17551	1.475000000	0.694144189
17552	1.487500000	0.694144189
17553	1.500000000	0.694144189
17554	1.512500000	0.694144189
17555	1.525000000	0.694144189
17556	1.537500000	0.694144189
17557	1.550000000	0.694144189
17558	1.562500000	0.694144189
17559	1.575000000	0.694144189
17560	1.587500000	0.694144189
17561	1.600000000	0.694144189
17562	1.612500000	0.694144189
17563	1.625000000	0.694144189
17564	1.637500000	0.694144189
17565	1.650000000	0.694144189
17566	1.662500000	0.694144189
17567	1.675000000	0.694144189
17568	1.687500000	0.694144189
17569	1.700000000	0.694144189
17570	1.712500000	0.694144189
17571	1.725000000	0.694144189
17572	1.737500000	0.694144189
17573	1.750000000	0.694144189
17574	1.762500000	0.694144189
17575	1.775000000	0.694144189
17576	1.787500000	0.694144189
17577	1.800000000	0.694144189
17578	1.812500000	0.694144189
17579	1.825000000	0.694144189
17580	1.837500000	0.694144189
17581	1.850000000	0.694144189
17582	1.862500000	0.694144189
17583	1.875000000	0.694144189
17584	1.887500000	0.694144189
17585	1.900000000	0.694144189
17586	1.912500000	0.694144189
17587	1.925000000	0.694144189
17588	1.937500000	0.694144189
17589	1.950000000	0.694144189
17590	1.962500000	0.694144189
17591	1.975000000	0.694144189
17592	1.987500000	0.694144189
17593	2.000000000	0.694144189
17594	-1.000000000	0.726751371
17595	-0.987500000	0.726751371
17596	-0.975000000	0.726751371
17597	-0.962500000	0.726751371
17598	-0.950000000	0.726751371
17599	-0.937500000	0.726751371
17600	-0.925000000	0.726751371
17601	-0.912500000	0.726751371
17602	-0.900000000	0.726751371
17603	-0.887500000	0.726751371
17604	-0.875000000	0.726751371
17605	-0.862500000	0.726751371
17606	-0.850000000	0.726751371
17607	-0.837500000	0.726751371
17608	-0.825000000	0.726751371
17609	-0.812500000	0.726751371
17610	-0.800000000	0.726751371
17611	-0.787500000	0.726751371
17612	-0.775000000	0.726751371
17613	-0.762500000	0.726751371
17614	-0.750000000	0.726751371
17615	-0.737500000	0.726751371
17616	-0.725000000	0.726751371
17617	-0.712500000	0.726751371
17618	-0.700000000	0.726751371
17619	-0.687500000	0.726751371
17620	-0.675000000	0.726751371
17621	-0.662500000	0.726751371
17622	-0.650000000	0.726751371
17623	-0.637500000	0.726751371
17624	-0.625000000	0.726751371
17625	-0.612500000	0.726751371
17626	-0.600000000	0.726751371
17627	-0.587500000	0.726751371
17628	-0.575000000	0.726751371
17629	-0.562500000	0.726751371
17630	-0.550000000	0.726751371
17631	-0.537500000	0.726751371
17632	-0.525000000	0.726751371
17633	-0.512500000	0.726751371
17634	-0.500000000	0.726751371
17635	-0.487500000	0.726751371
17636	-0.475000000	0.726751371
17637	-0.462500000	0.726751371
17638	-0.450000000	0.726751371
17639	-0.437500000	0.726751371
17640	-0.425000000	0.726751371
17641	-0.412500000	0.726751371
17642	-0.400000000	0.726751371
17643	-0.387500000	0.726751371
17644	-0.375000000	0.726751371
17645	-0.362500000	0.726751371
17646	-0.350000000	0.726751371
17647	-0.337500000	0.726751371
17648	-0.325000000	0.726751371
17649	-0.312500000	0.726751371
17650	-0.300000000	0.726751371
17651	-0.287500000	0.726751371
17652	-0.275000000	0.726751371
17653	-0.262500000	0.726751371
17654	-0.250000000	0.726751371
17655	-0.237500000	0.726751371
17656	-0.225000000	0.726751371
17657	-0.212500000	0.726751371
17658	-0.200000000	0.726751371
17659	-0.187500000	0.726751371
17660	-0.175000000	0.726751371
17661	-0.162500000	0.726751371
17662	-0.150000000	0.726751371
17663	-0.137500000	0.726751371
17664	-0.125000000	0.726751371
17665	-0.112500000	0.726751371
17666	-0.100000000	0.726751371
17667	-0.087500000	0.726751371
17668	-0.075000000	0.726751371
17669	-0.062500000	0.726751371
17670	-0.050000000	0.726751371
17671	-0.037500000	0.726751371
17672	-0.025000000	0.726751371
17673	-0.012500000	0.726751371
17674	0.000000000	0.726751371
17675	0.012500000	0.727180478
17676	0.025000000	0.727608924
17677	0.037500000	0.728036048
17678	0.050000000	0.728461191
17679	0.062500000	0.728883697
17680	0.075000000	0.729302916
17681	0.087500000	0.729718200
17682	0.100000000	0.730128910
17683	0.112500000	0.730534411
17684	0.125000000	0.730934080
17685	0.137500000	0.731327299
17686	0.150000000	0.731713462
17687	0.162500000	0.732091974
17688	0.175000000	0.732462251
17689	0.187500000	0.732823723
17690	0.200000000	0.733175831
17691	0.212500000	0.733518034
17692	0.225000000	0.733849802
17693	0.237500000	0.734170626
17694	0.250000000	0.734480009
17695	0.262500000	0.734777476
17696	0.275000000	0.735062566
17697	0.287500000	0.735334842
17698	0.300000000	0.735593882
17699	0.312500000	0.735839288
17700	0.325000000	0.736070681
17701	0.337500000	0.736287704
17702	0.350000000	0.736490023
17703	0.362500000	0.736677326
17704	0.375000000	0.736849323
17705	0.387500000	0.737005751
17706	0.400000000	0.737146366
17707	0.412500000	0.737270954
17708	0.425000000	0.737379321
17709	0.437500000	0.737471300
17710	0.450000000	0.737546750
17711	0.462500000	0.737605555
17712	0.475000000	0.737647623
17713	0.487500000	0.737672889
17714	0.500000000	0.737681316
17715	0.512500000	0.737672889
17716	0.525000000	0.737647623
17717	0.537500000	0.737605555
17718	0.550000000	0.737546750
17719	0.562500000	0.737471300
17720	0.575000000	0.737379321
17721	0.587500000	0.737270954
17722	0.600000000	0.737146366
17723	0.612500000	0.737005751
17724	0.625000000	0.736849323
17725	0.637500000	0.736677326
17726	0.650000000	0.736490023
17727	0.662500000	0.736287704
17728	0.675000000	0.736070681
17729	0.687500000	0.735839288
17730	0.700000000	0.735593882
17731	0.712500000	0.735334842
17732	0.725000000	0.735062566
17733	0.737500000	0.734777476
17734	0.750000000	0.734480009
17735	0.762500000	0.734170626
17736	0.775000000	0.733849802
17737	0.787500000	0.733518034
17738	0.800000000	0.733175831
17739	0.812500000	0.732823723
17740	0.825000000	0.732462251
17741	0.837500000	0.732091974
17742	0.850000000	0.731713462
17743	0.862500000	0.731327299
17744	0.875000000	0.730934080
17745	0.887500000	0.730534411
17746	0.900000000	0.730128910
17747	0.912500000	0.729718200
17748	0.925000000	0.729302916
17749	0.937500000	0.728883697
17750	0.950000000	0.728461191
17751	0.962500000	0.728036048
17752	0.975000000	0.727608924
17753	0.987500000	0.727180478
17754	1.000000000	0.726751371
17755	1.012500000	0.726751371
17756	1.025000000	0.726751371
17757	1.037500000	0.726751371
17758	1.050000000	0.726751371
17759	1.062500000	0.726751371
17760	1.075000000	0.726751371
17761	1.087500000	0.726751371
17762	1.100000000	0.726751371
17763	1.112500000	0.726751371
17764	1.125000000	0.726751371
17765	1.137500000	0.726751371
17766	1.150000000	0.726751371
17767	1.162500000	0.726751371
17768	1.175000000	0.726751371
17769	1.187500000	0.726751371
17770	1.200000000	0.726751371
17771	1.212500000	0.726751371
17772	1.225000000	0.726751371
17773	1.237500000	0.726751371
17774	1.250000000	0.726751371
17775	1.262500000	0.726751371
17776	1.275000000	0.726751371
17777	1.287500000	0.726751371
17778	1.300000000	0.726751371
17779	1.312500000	0.726751371
17780	1.325000000	0.726751371
17781	1.337500000	0.726751371
17782	1.350000000	0.726751371
17783	1.362500000	0.726751371
17784	1.375000000	0.726751371
17785	1.387500000	0.726751371
17786	1.400000000	0.726751371
17787	1.412500000	0.726751371
17788	1.425000000	0.726751371
17789	1.437500000	0.726751371
17790	1.450000000	0.726751371
17791	1.462500000	0.726751371
17792	1.475000000	0.726751371
17793	1.487500000	0.726751371
17794	1.500000000	0.726751371
17795	1.512500000	0.726751371
17796	1.525000000	0.726751371
17797	1.537500000	0.726751371
17798	1.550000000	0.726751371
17799	1.562500000	0.726751371
17800	1.575000000	0.726751371
17801	1.587500000	0.726751371
17802	1.600000000	0.726751371
17803	1.612500000	0.726751371
17804	1.625000000	0.726751371
17805	1.637500000	0.726751371
17806	1.650000000	0.726751371
17807	1.662500000	0.726751371
17808	1.675000000	0.726751371
17809	1.687500000	0.726751371
17810	1.700000000	0.726751371
17811	1.712500000	0.726751371
17812	1.725000000	0.726751371
17813	1.737500000	0.726751371
17814	1.750000000	0.726751371
17815	1.762500000	0.726751371
17816	1.775000000	0.726751371
17817	1.787500000	0.726751371
17818	1.800000000	0.726751371
17819	1.812500000	0.726751371
17820	1.825000000	0.726751371
17821	1.837500000	0.726751371
17822	1.850000000	0.726751371
17823	1.862500000	0.726751371
17824	1.875000000	0.726751371
17825	1.887500000	0.726751371
17826	1.900000000	0.726751371
17827	1.912500000	0.726751371
17828	1.925000000	0.726751371
17829	1.937500000	0.726751371
17830	1.950000000	0.726751371
17831	1.962500000	0.726751371
17832	1.975000000	0.726751371
17833	1.987500000	0.726751371
17834	2.000000000	0.726751371
17835	-1.000000000	0.760825876
17836	-0.987500000	0.760825876
17837	-0.975000000	0.760825876
17838	-0.962500000	0.760825876
17839	-0.950000000	0.760825876
17840	-0.937500000	0.760825876
17841	-0.925000000	0.760825876
17842	-0.912500000	0.760825876
17843	-0.900000000	0.760825876
17844	-0.887500000	0.760825876
17845	-0.875000000	0.760825876
17846	-0.862500000	0.760825876
17847	-0.850000000	0.760825876
17848	-0.837500000	0.760825876
17849	-0.825000000	0.760825876
17850	-0.812500000	0.760825876
17851	-0.800000000	0.760825876
17852	-0.787500000	0.760825876
17853	-0.775000000	0.760825876
17854	-0.762500000	0.760825876
17855	-0.750000000	0.760825876
17856	-0.737500000	0.760825876
17857	-0.725000000	0.760825876
17858	-0.712500000	0.760825876
17859	-0.700000000	0.760825876
17860	-0.687500000	0.760825876
17861	-0.675000000	0.760825876
17862	-0.662500000	0.760825876
17863	-0.650000000	0.760825876
17864	-0.637500000	0.760825876
17865	-0.625000000	0.760825876
17866	-0.612500000	0.760825876
17867	-0.600000000	0.760825876
17868	-0.587500000	0.760825876
17869	-0.575000000	0.760825876
17870	-0.562500000	0.760825876
17871	-0.550000000	0.760825876
17872	-0.537500000	0.760825876
17873	-0.525000000	0.760825876
17874	-0.512500000	0.760825876
17875	-0.500000000	0.760825876
17876	-0.487500000	0.760825876
17877	-0.475000000	0.760825876
17878	-0.462500000	0.760825876
17879	-0.450000000	0.760825876
17880	-0.437500000	0.760825876
17881	-0.425000000	0.760825876
17882	-0.412500000	0.760825876
17883	-0.400000000	0.760825876
17884	-0.387500000	0.760825876
17885	-0.375000000	0.760825876
17886	-0.362500000	0.760825876
17887	-0.350000000	0.760825876
17888	-0.337500000	0.760825876
17889	-0.325000000	0.760825876
17890	-0.312500000	0.760825876
17891	-0.300000000	0.760825876
17892	-0.287500000	0.760825876
17893	-0.275000000	0.760825876
17894	-0.262500000	0.760825876
17895	-0.250000000	0.760825876
17896	-0.237500000	0.760825876
17897	-0.225000000	0.760825876
17898	-0.212500000	0.760825876
17899	-0.200000000	0.760825876
17900	-0.187500000	0.760825876
17901	-0.175000000	0.760825876
17902	-0.162500000	0.760825876
17903	-0.150000000	0.760825876
17904	-0.137500000	0.760825876
17905	-0.125000000	0.760825876
17906	-0.112500000	0.760825876
17907	-0.100000000	0.760825876
17908	-0.087500000	0.760825876
17909	-0.075000000	0.760825876
17910	-0.062500000	0.760825876
17911	-0.050000000	0.760825876
17912	-0.037500000	0.760825876
17913	-0.025000000	0.760825876
17914	-0.012500000	0.760825876
17915	0.000000000	0.760825876
17916	0.012500000	0.761201473
17917	0.025000000	0.761576491
17918	0.037500000	0.761950352
17919	0.050000000	0.762322479
17920	0.062500000	0.762692298
17921	0.075000000	0.763059240
17922	0.087500000	0.763422737
17923	0.100000000	0.763782231
17924	0.112500000	0.764137166
17925	0.125000000	0.764486995
17926	0.137500000	0.764831179
17927	0.150000000	0.765169187
17928	0.162500000	0.765500498
17929	0.175000000	0.765824601
17930	0.187500000	0.766140997
17931	0.200000000	0.766449197
17932	0.212500000	0.766748726
17933	0.225000000	0.767039123
17934	0.237500000	0.767319939
17935	0.250000000	0.767590742
17936	0.262500000	0.767851114
17937	0.275000000	0.768100653
17938	0.287500000	0.768338976
17939	0.300000000	0.768565713
17940	0.312500000	0.768780517
17941	0.325000000	0.768983055
17942	0.337500000	0.769173015
17943	0.350000000	0.769350104
17944	0.362500000	0.769514050
17945	0.375000000	0.769664599
17946	0.387500000	0.769801520
17947	0.400000000	0.769924600
17948	0.412500000	0.770033651
17949	0.425000000	0.770128505
17950	0.437500000	0.770209014
17951	0.450000000	0.770275056
17952	0.462500000	0.770326527
17953	0.475000000	0.770363349
17954	0.487500000	0.770385465
17955	0.500000000	0.770392841
17956	0.512500000	0.770385465
17957	0.525000000	0.770363349
17958	0.537500000	0.770326527
17959	0.550000000	0.770275056
17960	0.562500000	0.770209014
17961	0.575000000	0.770128505
17962	0.587500000	0.770033651
17963	0.600000000	0.769924600
17964	0.612500000	0.769801520
17965	0.625000000	0.769664599
17966	0.637500000	0.769514050
17967	0.650000000	0.769350104
17968	0.662500000	0.769173015
17969	0.675000000	0.768983055
17970	0.687500000	0.768780517
17971	0.700000000	0.768565713
17972	0.712500000	0.768338976
17973	0.725000000	0.768100653
17974	0.737500000	0.767851114
17975	0.750000000	0.767590742
17976	0.762500000	0.767319939
17977	0.775000000	0.767039123
17978	0.787500000	0.766748726
17979	0.800000000	0.766449197
17980	0.812500000	0.766140997
17981	0.825000000	0.765824601
17982	0.837500000	0.765500498
17983	0.850000000	0.765169187
17984	0.862500000	0.764831179
17985	0.875000000	0.764486995
17986	0.887500000	0.764137166
17987	0.900000000	0.763782231
17988	0.912500000	0.763422737
17989	0.925000000	0.763059240
17990	0.937500000	0.762692298
17991	0.950000000	0.762322479
17992	0.962500000	0.761950352
17993	0.975000000	0.761576491
17994	0.987500000	0.761201473
17995	1.000000000	0.760825876
17996	1.012500000	0.760825876
17997	1.025000000	0.760825876
17998	1.037500000	0.760825876
17999	1.050000000	0.760825876
18000	1.062500000	0.760825876
18001	1.075000000	0.760825876
18002	1.087500000	0.760825876
18003	1.100000000	0.760825876
18004	1.112500000	0.760825876
18005	1.125000000	0.760825876
18006	1.137500000	0.760825876
18007	1.150000000	0.760825876
18008	1.162500000	0.760825876
18009	1.175000000	0.760825876
18010	1.187500000	0.760825876
18011	1.200000000	0.760825876
18012	1.212500000	0.760825876
18013	1.225000000	0.760825876
18014	1.237500000	0.760825876
18015	1.250000000	0.760825876
18016	1.262500000	0.760825876
18017	1.275000000	0.760825876
18018	1.287500000	0.760825876
18019	1.300000000	0.760825876
18020	1.312500000	0.760825876
18021	1.325000000	0.760825876
18022	1.337500000	0.760825876
18023	1.350000000	0.760825876
18024	1.362500000	0.760825876
18025	1.375000000	0.760825876
18026	1.387500000	0.760825876
18027	1.400000000	0.760825876
18028	1.412500000	0.760825876
18029	1.425000000	0.760825876
18030	1.437500000	0.760825876
18031	1.450000000	0.760825876
18032	1.462500000	0.760825876
18033	1.475000000	0.760825876
18034	1.487500000	0.760825876
18035	1.500000000	0.760825876
18036	1.512500000	0.760825876
18037	1.525000000	0.760825876
18038	1.537500000	0.760825876
18039	1.550000000	0.760825876
18040	1.562500000	0.760825876
18041	1.575000000	0.760825876
18042	1.587500000	0.760825876
18043	1.600000000	0.760825876
18044	1.612500000	0.760825876
18045	1.625000000	0.760825876
18046	1.637500000	0.760825876
18047	1.650000000	0.760825876
18048	1.662500000	0.760825876
18049	1.675000000	0.760825876
18050	1.687500000	0.760825876
18051	1.700000000	0.760825876
18052	1.712500000	0.760825876
18053	1.725000000	0.760825876
18054	1.737500000	0.760825876
18055	1.750000000	0.760825876
18056	1.762500000	0.760825876
18057	1.775000000	0.760825876
18058	1.787500000	0.760825876
18059	1.800000000	0.760825876
18060	1.812500000	0.760825876
18061	1.825000000	0.760825876
18062	1.837500000	0.760825876
18063	1.850000000	0.760825876
18064	1.862500000	0.760825876
18065	1.875000000	0.760825876
18066	1.887500000	0.760825876
18067	1.900000000	0.760825876
18068	1.912500000	0.760825876
18069	1.925000000	0.760825876
18070	1.937500000	0.760825876
18071	1.950000000	0.760825876
18072	1.962500000	0.760825876
18073	1.975000000	0.760825876
18074	1.987500000	0.760825876
18075	2.000000000	0.760825876
18076	-1.000000000	0.796433734
18077	-0.987500000	0.796433734
18078	-0.975000000	0.796433734
18079	-0.962500000	0.796433734
18080	-0.950000000	0.796433734
18081	-0.937500000	0.796433734
18082	-0.925000000	0.796433734
18083	-0.912500000	0.796433734
18084	-0.900000000	0.796433734
18085	-0.887500000	0.796433734
18086	-0.875000000	0.796433734
18087	-0.862500000	0.796433734
18088	-0.850000000	0.796433734
18089	-0.837500000	0.796433734
18090	-0.825000000	0.796433734
18091	-0.812500000	0.796433734
18092	-0.800000000	0.796433734
18093	-0.787500000	0.796433734
18094	-0.775000000	0.796433734
18095	-0.762500000	0.796433734
18096	-0.750000000	0.796433734
18097	-0.737500000	0.796433734
18098	-0.725000000	0.796433734
18099	-0.712500000	0.796433734
18100	-0.700000000	0.796433734
18101	-0.687500000	0.796433734
18102	-0.675000000	0.796433734
18103	-0.662500000	0.796433734
18104	-0.650000000	0.796433734
18105	-0.637500000	0.796433734
18106	-0.625000000	0.796433734
18107	-0.612500000	0.796433734
18108	-0.600000000	0.796433734
18109	-0.587500000	0.796433734
18110	-0.575000000	0.796433734
18111	-0.562500000	0.796433734
18112	-0.550000000	0.796433734
18113	-0.537500000	0.796433734
18114	-0.525000000	0.796433734
18115	-0.512500000	0.796433734
18116	-0.500000000	0.796433734
18117	-0.487500000	0.796433734
18118	-0.475000000	0.796433734
18119	-0.462500000	0.796433734
18120	-0.450000000	0.796433734
18121	-0.437500000	0.796433734
18122	-0.425000000	0.796433734
18123	-0.412500000	0.796433734
18124	-0.400000000	0.796433734
18125	-0.387500000	0.796433734
18126	-0.375000000	0.796433734
18127	-0.362500000	0.796433734
18128	-0.350000000	0.796433734
18129	-0.337500000	0.796433734
18130	-0.325000000	0.796433734
18131	-0.312500000	0.796433734
18132	-0.300000000	0.796433734
18133	-0.287500000	0.796433734
18134	-0.275000000	0.796433734
18135	-0.262500000	0.796433734
18136	-0.250000000	0.796433734
18137	-0.237500000	0.796433734
18138	-0.225000000	0.796433734
18139	-0.212500000	0.796433734
18140	-0.200000000	0.796433734
18141	-0.187500000	0.796433734
18142	-0.175000000	0.796433734
18143	-0.162500000	0.796433734
18144	-0.150000000	0.796433734
18145	-0.137500000	0.796433734
18146	-0.125000000	0.796433734
18147	-0.112500000	0.796433734
18148	-0.100000000	0.796433734
18149	-0.087500000	0.796433734
18150	-0.075000000	0.796433734
18151	-0.062500000	0.796433734
18152	-0.050000000	0.796433734
18153	-0.037500000	0.796433734
18154	-0.025000000	0.796433734
18155	-0.012500000	0.796433734
18156	0.000000000	0.796433734
18157	0.012500000	0.796753413
18158	0.025000000	0.797072599
18159	0.037500000	0.797390800
18160	0.050000000	0.797707525
18161	0.062500000	0.798022286
18162	0.075000000	0.798334598
18163	0.087500000	0.798643979
18164	0.100000000	0.798949951
18165	0.112500000	0.799252044
18166	0.125000000	0.799549791
18167	0.137500000	0.799842734
18168	0.150000000	0.800130420
18169	0.162500000	0.800412406
18170	0.175000000	0.800688257
18171	0.187500000	0.800957548
18172	0.200000000	0.801219864
18173	0.212500000	0.801474800
18174	0.225000000	0.801721962
18175	0.237500000	0.801960971
18176	0.250000000	0.802191457
18177	0.262500000	0.802413066
18178	0.275000000	0.802625454
18179	0.287500000	0.802828295
18180	0.300000000	0.803021277
18181	0.312500000	0.803204100
18182	0.325000000	0.803376485
18183	0.337500000	0.803538164
18184	0.350000000	0.803688889
18185	0.362500000	0.803828426
18186	0.375000000	0.803956562
18187	0.387500000	0.804073098
18188	0.400000000	0.804177855
18189	0.412500000	0.804270671
18190	0.425000000	0.804351402
18191	0.437500000	0.804419926
18192	0.450000000	0.804476135
18193	0.462500000	0.804519943
18194	0.475000000	0.804551283
18195	0.487500000	0.804570107
18196	0.500000000	0.804576385
18197	0.512500000	0.804570107
18198	0.525000000	0.804551283
18199	0.537500000	0.804519943
18200	0.550000000	0.804476135
18201	0.562500000	0.804419926
18202	0.575000000	0.804351402
18203	0.587500000	0.804270671
18204	0.600000000	0.804177855
18205	0.612500000	0.804073098
18206	0.625000000	0.803956562
18207	0.637500000	0.803828426
18208	0.650000000	0.803688889
18209	0.662500000	0.803538164
18210	0.675000000	0.803376485
18211	0.687500000	0.803204100
18212	0.700000000	0.803021277
18213	0.712500000	0.802828295
18214	0.725000000	0.802625454
18215	0.737500000	0.802413066
18216	0.750000000	0.802191457
18217	0.762500000	0.801960971
18218	0.775000000	0.801721962
18219	0.787500000	0.801474800
18220	0.800000000	0.801219864
18221	0.812500000	0.800957548
18222	0.825000000	0.800688257
18223	0.837500000	0.800412406
18224	0.850000000	0.800130420
18225	0.862500000	0.799842734
18226	0.875000000	0.799549791
18227	0.887500000	0.799252044
18228	0.900000000	0.798949951
18229	0.912500000	0.798643979
18230	0.925000000	0.798334598
18231	0.937500000	0.798022286
18232	0.950000000	0.797707525
18233	0.962500000	0.797390800
18234	0.975000000	0.797072599
18235	0.987500000	0.796753413
18236	1.000000000	0.796433734
18237	1.012500000	0.796433734
18238	1.025000000	0.796433734
18239	1.037500000	0.796433734
18240	1.050000000	0.796433734
18241	1.062500000	0.796433734
18242	1.075000000	0.796433734
18243	1.087500000	0.796433734
18244	1.100000000	0.796433734
18245	1.112500000	0.796433734
18246	1.125000000	0.796433734
18247	1.137500000	0.796433734
18248	1.150000000	0.796433734
18249	1.162500000	0.796433734
18250	1.175000000	0.796433734
18251	1.187500000	0.796433734
18252	1.200000000	0.796433734
18253	1.212500000	0.796433734
18254	1.225000000	0.796433734
18255	1.237500000	0.796433734
18256	1.250000000	0.796433734
18257	1.262500000	0.796433734
18258	1.275000000	0.796433734
18259	1.287500000	0.796433734
18260	1.300000000	0.796433734
18261	1.312500000	0.796433734
18262	1.325000000	0.796433734
18263	1.337500000	0.796433734
18264	1.350000000	0.796433734
18265	1.362500000	0.796433734
18266	1.375000000	0.796433734
18267	1.387500000	0.796433734
18268	1.400000000	0.796433734
18269	1.412500000	0.796433734
18270	1.425000000	0.796433734
18271	1.437500000	0.796433734
18272	1.450000000	0.796433734
18273	1.462500000	0.796433734
18274	1.475000000	0.796433734
18275	1.487500000	0.796433734
18276	1.500000000	0.796433734
18277	1.512500000	0.796433734
18278	1.525000000	0.796433734
18279	1.537500000	0.796433734
18280	1.550000000	0.796433734
18281	1.562500000	0.796433734
18282	1.575000000	0.796433734
18283	1.587500000	0.796433734
18284	1.600000000	0.796433734
18285	1.612500000	0.796433734
18286	1.625000000	0.796433734
18287	1.637500000	0.796433734
18288	1.650000000	0.796433734
18289	1.662500000	0.796433734
18290	1.675000000	0.796433734
18291	1.687500000	0.796433734
18292	1.700000000	0.796433734
18293	1.712500000	0.796433734
18294	1.725000000	0.796433734
18295	1.737500000	0.796433734
18296	1.750000000	0.796433734
18297	1.762500000	0.796433734
18298	1.775000000	0.796433734
18299	1.787500000	0.796433734
18300	1.800000000	0.796433734
18301	1.812500000	0.796433734
18302	1.825000000	0.796433734
18303	1.837500000	0.796433734
18304	1.850000000	0.796433734
18305	1.862500000	0.796433734
18306	1.875000000	0.796433734
18307	1.887500000	0.796433734
18308	1.900000000	0.796433734
18309	1.912500000	0.796433734
18310	1.925000000	0.796433734
18311	1.937500000	0.796433734
18312	1.950000000	0.796433734
18313	1.962500000	0.796433734
18314	1.975000000	0.796433734
18315	1.987500000	0.796433734
18316	2.000000000	0.796433734
18317	-1.000000000	0.833643945
18318	-0.987500000	0.833643945
18319	-0.975000000	0.833643945
18320	-0.962500000	0.833643945
18321	-0.950000000	0.833643945
18322	-0.937500000	0.833643945
18323	-0.925000000	0.833643945
18324	-0.912500000	0.833643945
18325	-0.900000000	0.833643945
18326	-0.887500000	0.833643945
18327	-0.875000000	0.833643945
18328	-0.862500000	0.833643945
18329	-0.850000000	0.833643945
18330	-0.837500000	0.833643945
18331	-0.825000000	0.833643945
18332	-0.812500000	0.833643945
18333	-0.800000000	0.833643945
18334	-0.787500000	0.833643945
18335	-0.775000000	0.833643945
18336	-0.762500000	0.833643945
18337	-0.750000000	0.833643945
18338	-0.737500000	0.833643945
18339	-0.725000000	0.833643945
18340	-0.712500000	0.833643945
18341	-0.700000000	0.833643945
18342	-0.687500000	0.833643945
18343	-0.675000000	0.833643945
18344	-0.662500000	0.833643945
18345	-0.650000000	0.833643945
18346	-0.637500000	0.833643945
18347	-0.625000000	0.833643945
18348	-0.612500000	0.833643945
18349	-0.600000000	0.833643945
18350	-0.587500000	0.833643945
18351	-0.575000000	0.833643945
18352	-0.562500000	0.833643945
18353	-0.550000000	0.833643945
18354	-0.537500000	0.833643945
18355	-0.525000000	0.833643945
18356	-0.512500000	0.833643945
18357	-0.500000000	0.833643945
18358	-0.487500000	0.833643945
18359	-0.475000000	0.833643945
18360	-0.462500000	0.833643945
18361	-0.450000000	0.833643945
18362	-0.437500000	0.833643945
18363	-0.425000000	0.833643945
18364	-0.412500000	0.833643945
18365	-0.400000000	0.833643945
18366	-0.387500000	0.833643945
18367	-0.375000000	0.833643945
18368	-0.362500000	0.833643945
18369	-0.350000000	0.833643945
18370	-0.337500000	0.833643945
18371	-0.325000000	0.833643945
18372	-0.312500000	0.833643945
18373	-0.300000000	0.833643945
18374	-0.287500000	0.833643945
18375	-0.275000000	0.833643945
18376	-0.262500000	0.833643945
18377	-0.250000000	0.833643945
18378	-0.237500000	0.833643945
18379	-0.225000000	0.833643945
18380	-0.212500000	0.833643945
18381	-0.200000000	0.833643945
18382	-0.187500000	0.833643945
18383	-0.175000000	0.833643945
18384	-0.162500000	0.833643945
18385	-0.150000000	0.833643945
18386	-0.137500000	0.833643945
18387	-0.125000000	0.833643945
18388	-0.112500000	0.833643945
18389	-0.100000000	0.833643945
18390	-0.087500000	0.833643945
18391	-0.075000000	0.833643945
18392	-0.062500000	0.833643945
18393	-0.050000000	0.833643945
18394	-0.037500000	0.833643945
18395	-0.025000000	0.833643945
18396	-0.012500000	0.833643945
18397	0.000000000	0.833643945
18398	0.012500000	0.833905190
18399	0.025000000	0.834166031
18400	0.037500000	0.834426068
18401	0.050000000	0.834684898
18402	0.062500000	0.834942124
18403	0.075000000	0.835197347
18404	0.087500000	0.835450176
18405	0.100000000	0.835700219
18406	0.112500000	0.835947092
18407	0.125000000	0.836190414
18408	0.137500000	0.836429809
18409	0.150000000	0.836664908
18410	0.162500000	0.836895349
18411	0.175000000	0.837120777
18412	0.187500000	0.837340844
18413	0.200000000	0.837555211
18414	0.212500000	0.837763546
18415	0.225000000	0.837965530
18416	0.237500000	0.838160850
18417	0.250000000	0.838349205
18418	0.262500000	0.838530305
18419	0.275000000	0.838703871
18420	0.287500000	0.838869634
18421	0.300000000	0.839027340
18422	0.312500000	0.839176746
18423	0.325000000	0.839317620
18424	0.337500000	0.839449745
18425	0.350000000	0.839572919
18426	0.362500000	0.839686950
18427	0.375000000	0.839791664
18428	0.387500000	0.839886898
18429	0.400000000	0.839972506
18430	0.412500000	0.840048356
18431	0.425000000	0.840114330
18432	0.437500000	0.840170328
18433	0.450000000	0.840216263
18434	0.462500000	0.840252063
18435	0.475000000	0.840277675
18436	0.487500000	0.840293057
18437	0.500000000	0.840298188
18438	0.512500000	0.840293057
18439	0.525000000	0.840277675
18440	0.537500000	0.840252063
18441	0.550000000	0.840216263
18442	0.562500000	0.840170328
18443	0.575000000	0.840114330
18444	0.587500000	0.840048356
18445	0.600000000	0.839972506
18446	0.612500000	0.839886898
18447	0.625000000	0.839791664
18448	0.637500000	0.839686950
18449	0.650000000	0.839572919
18450	0.662500000	0.839449745
18451	0.675000000	0.839317620
18452	0.687500000	0.839176746
18453	0.700000000	0.839027340
18454	0.712500000	0.838869634
18455	0.725000000	0.838703871
18456	0.737500000	0.838530305
18457	0.750000000	0.838349205
18458	0.762500000	0.838160850
18459	0.775000000	0.837965530
18460	0.787500000	0.837763546
18461	0.800000000	0.837555211
18462	0.812500000	0.837340844
18463	0.825000000	0.837120777
18464	0.837500000	0.836895349
18465	0.850000000	0.836664908
18466	0.862500000	0.836429809
18467	0.875000000	0.836190414
18468	0.887500000	0.835947092
18469	0.900000000	0.835700219
18470	0.912500000	0.835450176
18471	0.925000000	0.835197347
18472	0.937500000	0.834942124
18473	0.950000000	0.834684898
18474	0.962500000	0.834426068
18475	0.975000000	0.834166031
18476	0.987500000	0.833905190
18477	1.000000000	0.833643945
18478	1.012500000	0.833643945
18479	1.025000000	0.833643945
18480	1.037500000	0.833643945
18481	1.050000000	0.833643945
18482	1.062500000	0.833643945
18483	1.075000000	0.833643945
18484	1.087500000	0.833643945
18485	1.100000000	0.833643945
18486	1.112500000	0.833643945
18487	1.125000000	0.833643945
18488	1.137500000	0.833643945
18489	1.150000000	0.833643945
18490	1.162500000	0.833643945
18491	1.175000000	0.833643945
18492	1.187500000	0.833643945
18493	1.200000000	0.833643945
18494	1.212500000	0.833643945
18495	1.225000000	0.833643945
18496	1.237500000	0.833643945
18497	1.250000000	0.833643945
18498	1.262500000	0.833643945
18499	1.275000000	0.833643945
18500	1.287500000	0.833643945
18501	1.300000000	0.833643945
18502	1.312500000	0.833643945
18503	1.325000000	0.833643945
18504	1.337500000	0.833643945
18505	1.350000000	0.833643945
18506	1.362500000	0.833643945
18507	1.375000000	0.833643945
18508	1.387500000	0.833643945
18509	1.400000000	0.833643945
18510	1.412500000	0.833643945
18511	1.425000000	0.833643945
18512	1.437500000	0.833643945
18513	1.450000000	0.833643945
18514	1.462500000	0.833643945
18515	1.475000000	0.833643945
18516	1.487500000	0.833643945
18517	1.500000000	0.833643945
18518	1.512500000	0.833643945
18519	1.525000000	0.833643945
18520	1.537500000	0.833643945
18521	1.550000000	0.833643945
18522	1.562500000	0.833643945
18523	1.575000000	0.833643945
18524	1.587500000	0.833643945
18525	1.600000000	0.833643945
18526	1.612500000	0.833643945
18527	1.625000000	0.833643945
18528	1.637500000	0.833643945
18529	1.650000000	0.833643945
18530	1.662500000	0.833643945
18531	1.675000000	0.833643945
18532	1.687500000	0.833643945
18533	1.700000000	0.833643945
18534	1.712500000	0.833643945
18535	1.725000000	0.833643945
18536	1.737500000	0.833643945
18537	1.750000000	0.833643945
18538	1.762500000	0.833643945
18539	1.775000000	0.833643945
18540	1.787500000	0.833643945
18541	1.800000000	0.833643945
18542	1.812500000	0.833643945
18543	1.825000000	0.833643945
18544	1.837500000	0.833643945
18545	1.850000000	0.833643945
18546	1.862500000	0.833643945
18547	1.875000000	0.833643945
18548	1.887500000	0.833643945
18549	1.900000000	0.833643945
18550	1.912500000	0.833643945
18551	1.925000000	0.833643945
18552	1.937500000	0.833643945
18553	1.950000000	0.833643945
18554	1.962500000	0.833643945
18555	1.975000000	0.833643945
18556	1.987500000	0.833643945
18557	2.000000000	0.833643945
18558	-1.000000000	0.872528616
18559	-0.987500000	0.872528616
18560	-0.975000000	0.872528616
18561	-0.962500000	0.872528616
18562	-0.950000000	0.872528616
18563	-0.937500000	0.872528616
18564	-0.925000000	0.872528616
18565	-0.912500000	0.872528616
18566	-0.900000000	0.872528616
18567	-0.887500000	0.872528616
18568	-0.875000000	0.872528616
18569	-0.862500000	0.872528616
18570	-0.850000000	0.872528616
18571	-0.837500000	0.872528616
18572	-0.825000000	0.872528616
18573	-0.812500000	0.872528616
18574	-0.800000000	0.872528616
18575	-0.787500000	0.872528616
18576	-0.775000000	0.872528616
18577	-0.762500000	0.872528616
18578	-0.750000000	0.872528616
18579	-0.737500000	0.872528616
18580	-0.725000000	0.872528616
18581	-0.712500000	0.872528616
18582	-0.700000000	0.872528616
18583	-0.687500000	0.872528616
18584	-0.675000000	0.872528616
18585	-0.662500000	0.872528616
18586	-0.650000000	0.872528616
18587	-0.637500000	0.872528616
18588	-0.625000000	0.872528616
18589	-0.612500000	0.872528616
18590	-0.600000000	0.872528616
18591	-0.587500000	0.872528616
18592	-0.575000000	0.872528616
18593	-0.562500000	0.872528616
18594	-0.550000000	0.872528616
18595	-0.537500000	0.872528616
18596	-0.525000000	0.872528616
18597	-0.512500000	0.872528616
18598	-0.500000000	0.872528616
18599	-0.487500000	0.872528616
18600	-0.475000000	0.872528616
18601	-0.462500000	0.872528616
18602	-0.450000000	0.872528616
18603	-0.437500000	0.872528616
18604	-0.425000000	0.872528616
18605	-0.412500000	0.872528616
18606	-0.400000000	0.872528616
18607	-0.387500000	0.872528616
18608	-0.375000000	0.872528616
18609	-0.362500000	0.872528616
18610	-0.350000000	0.872528616
18611	-0.337500000	0.872528616
18612	-0.325000000	0.872528616
18613	-0.312500000	0.872528616
18614	-0.300000000	0.872528616
18615	-0.287500000	0.872528616
18616	-0.275000000	0.872528616
18617	-0.262500000	0.872528616
18618	-0.250000000	0.872528616
18619	-0.237500000	0.872528616
18620	-0.225000000	0.872528616
18621	-0.212500000	0.872528616
18622	-0.200000000	0.872528616
18623	-0.187500000	0.872528616
18624	-0.175000000	0.872528616
18625	-0.162500000	0.872528616
18626	-0.150000000	0.872528616
18627	-0.137500000	0.872528616
18628	-0.125000000	0.872528616
18629	-0.112500000	0.872528616
18630	-0.100000000	0.872528616
18631	-0.087500000	0.872528616
18632	-0.075000000	0.872528616
18633	-0.062500000	0.872528616
18634	-0.050000000	0.872528616
18635	-0.037500000	0.872528616
18636	-0.025000000	0.872528616
18637	-0.012500000	0.872528616
18638	0.000000000	0.872528616
18639	0.012500000	0.872728797
18640	0.025000000	0.872928668
18641	0.037500000	0.873127923
18642	0.050000000	0.873326253
18643	0.062500000	0.873523354
18644	0.075000000	0.873718921
18645	0.087500000	0.873912652
18646	0.100000000	0.874104249
18647	0.112500000	0.874293417
18648	0.125000000	0.874479864
18649	0.137500000	0.874663302
18650	0.150000000	0.874843448
18651	0.162500000	0.875020025
18652	0.175000000	0.875192761
18653	0.187500000	0.875361389
18654	0.200000000	0.875525648
18655	0.212500000	0.875685287
18656	0.225000000	0.875840058
18657	0.237500000	0.875989723
18658	0.250000000	0.876134052
18659	0.262500000	0.876272821
18660	0.275000000	0.876405816
18661	0.287500000	0.876532834
18662	0.300000000	0.876653677
18663	0.312500000	0.876768160
18664	0.325000000	0.876876105
18665	0.337500000	0.876977347
18666	0.350000000	0.877071730
18667	0.362500000	0.877159107
18668	0.375000000	0.877239345
18669	0.387500000	0.877312318
18670	0.400000000	0.877377916
18671	0.412500000	0.877436036
18672	0.425000000	0.877486590
18673	0.437500000	0.877529499
18674	0.450000000	0.877564696
18675	0.462500000	0.877592129
18676	0.475000000	0.877611754
18677	0.487500000	0.877623541
18678	0.500000000	0.877627472
18679	0.512500000	0.877623541
18680	0.525000000	0.877611754
18681	0.537500000	0.877592129
18682	0.550000000	0.877564696
18683	0.562500000	0.877529499
18684	0.575000000	0.877486590
18685	0.587500000	0.877436036
18686	0.600000000	0.877377916
18687	0.612500000	0.877312318
18688	0.625000000	0.877239345
18689	0.637500000	0.877159107
18690	0.650000000	0.877071730
18691	0.662500000	0.876977347
18692	0.675000000	0.876876105
18693	0.687500000	0.876768160
18694	0.700000000	0.876653677
18695	0.712500000	0.876532834
18696	0.725000000	0.876405816
18697	0.737500000	0.876272821
18698	0.750000000	0.876134052
18699	0.762500000	0.875989723
18700	0.775000000	0.875840058
18701	0.787500000	0.875685287
18702	0.800000000	0.875525648
18703	0.812500000	0.875361389
18704	0.825000000	0.875192761
18705	0.837500000	0.875020025
18706	0.850000000	0.874843448
18707	0.862500000	0.874663302
18708	0.875000000	0.874479864
18709	0.887500000	0.874293417
18710	0.900000000	0.874104249
18711	0.912500000	0.873912652
18712	0.925000000	0.873718921
18713	0.937500000	0.873523354
18714	0.950000000	0.873326253
18715	0.962500000	0.873127923
18716	0.975000000	0.872928668
18717	0.987500000	0.872728797
18718	1.000000000	0.872528616
18719	1.012500000	0.872528616
18720	1.025000000	0.872528616
18721	1.037500000	0.872528616
18722	1.050000000	0.872528616
18723	1.062500000	0.872528616
18724	1.075000000	0.872528616
18725	1.087500000	0.872528616
18726	1.100000000	0.872528616
18727	1.112500000	0.872528616
18728	1.125000000	0.872528616
18729	1.137500000	0.872528616
18730	1.150000000	0.872528616
18731	1.162500000	0.872528616
18732	1.175000000	0.872528616
18733	1.187500000	0.872528616
18734	1.200000000	0.872528616
18735	1.212500000	0.872528616
18736	1.225000000	0.872528616
18737	1.237500000	0.872528616
18738	1.250000000	0.872528616
18739	1.262500000	0.872528616
18740	1.275000000	0.872528616
18741	1.287500000	0.872528616
18742	1.300000000	0.872528616
18743	1.312500000	0.872528616
18744	1.325000000	0.872528616
18745	1.337500000	0.872528616
18746	1.350000000	0.872528616
18747	1.362500000	0.872528616
18748	1.375000000	0.872528616
18749	1.387500000	0.872528616
18750	1.400000000	0.872528616
18751	1.412500000	0.872528616
18752	1.425000000	0.872528616
18753	1.437500000	0.872528616
18754	1.450000000	0.872528616
18755	1.462500000	0.872528616
18756	1.475000000	0.872528616
18757	1.487500000	0.872528616
18758	1.500000000	0.872528616
18759	1.512500000	0.872528616
18760	1.525000000	0.872528616
18761	1.537500000	0.872528616
18762	1.550000000	0.872528616
18763	1.562500000	0.872528616
18764	1.575000000	0.872528616
18765	1.587500000	0.872528616
18766	1.600000000	0.872528616
18767	1.612500000	0.872528616
18768	1.625000000	0.872528616
18769	1.637500000	0.872528616
18770	1.650000000	0.872528616
18771	1.662500000	0.872528616
18772	1.675000000	0.872528616
18773	1.687500000	0.872528616
18774	1.700000000	0.872528616
18775	1.712500000	0.872528616
18776	1.725000000	0.872528616
18777	1.737500000	0.872528616
18778	1.750000000	0.872528616
18779	1.762500000	0.872528616
18780	1.775000000	0.872528616
18781	1.787500000	0.872528616
18782	1.800000000	0.872528616
18783	1.812500000	0.872528616
18784	1.825000000	0.872528616
18785	1.837500000	0.872528616
18786	1.850000000	0.872528616
18787	1.862500000	0.872528616
18788	1.875000000	0.872528616
18789	1.887500000	0.872528616
18790	1.900000000	0.872528616
18791	1.912500000	0.872528616
18792	1.925000000	0.872528616
18793	1.937500000	0.872528616
18794	1.950000000	0.872528616
18795	1.962500000	0.872528616
18796	1.975000000	0.872528616
18797	1.987500000	0.872528616
18798	2.000000000	0.872528616
18799	-1.000000000	0.913163098
18800	-0.987500000	0.913163098
18801	-0.975000000	0.913163098
18802	-0.962500000	0.913163098
18803	-0.950000000	0.913163098
18804	-0.937500000	0.913163098
18805	-0.925000000	0.913163098
18806	-0.912500000	0.913163098
18807	-0.900000000	0.913163098
18808	-0.887500000	0.913163098
18809	-0.875000000	0.913163098
18810	-0.862500000	0.913163098
18811	-0.850000000	0.913163098
18812	-0.837500000	0.913163098
18813	-0.825000000	0.913163098
18814	-0.812500000	0.913163098
18815	-0.800000000	0.913163098
18816	-0.787500000	0.913163098
18817	-0.775000000	0.913163098
18818	-0.762500000	0.913163098
18819	-0.750000000	0.913163098
18820	-0.737500000	0.913163098
18821	-0.725000000	0.913163098
18822	-0.712500000	0.913163098
18823	-0.700000000	0.913163098
18824	-0.687500000	0.913163098
18825	-0.675000000	0.913163098
18826	-0.662500000	0.913163098
18827	-0.650000000	0.913163098
18828	-0.637500000	0.913163098
18829	-0.625000000	0.913163098
18830	-0.612500000	0.913163098
18831	-0.600000000	0.913163098
18832	-0.587500000	0.913163098
18833	-0.575000000	0.913163098
18834	-0.562500000	0.913163098
18835	-0.550000000	0.913163098
18836	-0.537500000	0.913163098
18837	-0.525000000	0.913163098
18838	-0.512500000	0.913163098
18839	-0.500000000	0.913163098
18840	-0.487500000	0.913163098
18841	-0.475000000	0.913163098
18842	-0.462500000	0.913163098
18843	-0.450000000	0.913163098
18844	-0.437500000	0.913163098
18845	-0.425000000	0.913163098
18846	-0.412500000	0.913163098
18847	-0.400000000	0.913163098
18848	-0.387500000	0.913163098
18849	-0.375000000	0.913163098
18850	-0.362500000	0.913163098
18851	-0.350000000	0.913163098
18852	-0.337500000	0.913163098
18853	-0.325000000	0.913163098
18854	-0.312500000	0.913163098
18855	-0.300000000	0.913163098
18856	-0.287500000	0.913163098
18857	-0.275000000	0.913163098
18858	-0.262500000	0.913163098
18859	-0.250000000	0.913163098
18860	-0.237500000	0.913163098
18861	-0.225000000	0.913163098
18862	-0.212500000	0.913163098
18863	-0.200000000	0.913163098
18864	-0.187500000	0.913163098
18865	-0.175000000	0.913163098
18866	-0.162500000	0.913163098
18867	-0.150000000	0.913163098
18868	-0.137500000	0.913163098
18869	-0.125000000	0.913163098
18870	-0.112500000	0.913163098
18871	-0.100000000	0.913163098
18872	-0.087500000	0.913163098
18873	-0.075000000	0.913163098
18874	-0.062500000	0.913163098
18875	-0.050000000	0.913163098
18876	-0.037500000	0.913163098
18877	-0.025000000	0.913163098
18878	-0.012500000	0.913163098
18879	0.000000000	0.913163098
18880	0.012500000	0.913299466
18881	0.025000000	0.913435624
18882	0.037500000	0.913571361
18883	0.050000000	0.913706469
18884	0.062500000	0.913840739
18885	0.075000000	0.913973965
18886	0.087500000	0.914105940
18887	0.100000000	0.914236461
18888	0.112500000	0.914365327
18889	0.125000000	0.914492339
18890	0.137500000	0.914617302
18891	0.150000000	0.914740023
18892	0.162500000	0.914860312
18893	0.175000000	0.914977984
18894	0.187500000	0.915092858
18895	0.200000000	0.915204756
18896	0.212500000	0.915313506
18897	0.225000000	0.915418940
18898	0.237500000	0.915520896
18899	0.250000000	0.915619216
18900	0.262500000	0.915713749
18901	0.275000000	0.915804350
18902	0.287500000	0.915890877
18903	0.300000000	0.915973199
18904	0.312500000	0.916051188
18905	0.325000000	0.916124723
18906	0.337500000	0.916193692
18907	0.350000000	0.916257988
18908	0.362500000	0.916317511
18909	0.375000000	0.916372171
18910	0.387500000	0.916421883
18911	0.400000000	0.916466570
18912	0.412500000	0.916506163
18913	0.425000000	0.916540601
18914	0.437500000	0.916569832
18915	0.450000000	0.916593810
18916	0.462500000	0.916612497
18917	0.475000000	0.916625866
18918	0.487500000	0.916633896
18919	0.500000000	0.916636574
18920	0.512500000	0.916633896
18921	0.525000000	0.916625866
18922	0.537500000	0.916612497
18923	0.550000000	0.916593810
18924	0.562500000	0.916569832
18925	0.575000000	0.916540601
18926	0.587500000	0.916506163
18927	0.600000000	0.916466570
18928	0.612500000	0.916421883
18929	0.625000000	0.916372171
18930	0.637500000	0.916317511
18931	0.650000000	0.916257988
18932	0.662500000	0.916193692
18933	0.675000000	0.916124723
18934	0.687500000	0.916051188
18935	0.700000000	0.915973199
18936	0.712500000	0.915890877
18937	0.725000000	0.915804350
18938	0.737500000	0.915713749
18939	0.750000000	0.915619216
18940	0.762500000	0.915520896
18941	0.775000000	0.915418940
18942	0.787500000	0.915313506
18943	0.800000000	0.915204756
18944	0.812500000	0.915092858
18945	0.825000000	0.914977984
18946	0.837500000	0.914860312
18947	0.850000000	0.914740023
18948	0.862500000	0.914617302
18949	0.875000000	0.914492339
18950	0.887500000	0.914365327
18951	0.900000000	0.914236461
18952	0.912500000	0.914105940
18953	0.925000000	0.913973965
18954	0.937500000	0.913840739
18955	0.950000000	0.913706469
18956	0.962500000	0.913571361
18957	0.975000000	0.913435624
18958	0.987500000	0.913299466
18959	1.000000000	0.913163098
18960	1.012500000	0.913163098
18961	1.025000000	0.913163098
18962	1.037500000	0.913163098
18963	1.050000000	0.913163098
18964	1.062500000	0.913163098
18965	1.075000000	0.913163098
18966	1.087500000	0.913163098
18967	1.100000000	0.913163098
18968	1.112500000	0.913163098
18969	1.125000000	0.913163098
18970	1.137500000	0.913163098
18971	1.150000000	0.913163098
18972	1.162500000	0.913163098
18973	1.175000000	0.913163098
18974	1.187500000	0.913163098
18975	1.200000000	0.913163098
18976	1.212500000	0.913163098
18977	1.225000000	0.913163098
18978	1.237500000	0.913163098
18979	1.250000000	0.913163098
18980	1.262500000	0.913163098
18981	1.275000000	0.913163098
18982	1.287500000	0.913163098
18983	1.300000000	0.913163098
18984	1.312500000	0.913163098
18985	1.325000000	0.913163098
18986	1.337500000	0.913163098
18987	1.350000000	0.913163098
18988	1.362500000	0.913163098
18989	1.375000000	0.913163098
18990	1.387500000	0.913163098
18991	1.400000000	0.913163098
18992	1.412500000	0.913163098
18993	1.425000000	0.913163098
18994	1.437500000	0.913163098
18995	1.450000000	0.913163098
18996	1.462500000	0.913163098
18997	1.475000000	0.913163098
18998	1.487500000	0.913163098
18999	1.500000000	0.913163098
19000	1.512500000	0.913163098
19001	1.525000000	0.913163098
19002	1.537500000	0.913163098
19003	1.550000000	0.913163098
19004	1.562500000	0.913163098
19005	1.575000000	0.913163098
19006	1.587500000	0.913163098
19007	1.600000000	0.913163098
19008	1.612500000	0.913163098
19009	1.625000000	0.913163098
19010	1.637500000	0.913163098
19011	1.650000000	0.913163098
19012	1.662500000	0.913163098
19013	1.675000000	0.913163098
19014	1.687500000	0.913163098
19015	1.700000000	0.913163098
19016	1.712500000	0.913163098
19017	1.725000000	0.913163098
19018	1.737500000	0.913163098
19019	1.750000000	0.913163098
19020	1.762500000	0.913163098
19021	1.775000000	0.913163098
19022	1.787500000	0.913163098
19023	1.800000000	0.913163098
19024	1.812500000	0.913163098
19025	1.825000000	0.913163098
19026	1.837500000	0.913163098
19027	1.850000000	0.913163098
19028	1.862500000	0.913163098
19029	1.875000000	0.913163098
19030	1.887500000	0.913163098
19031	1.900000000	0.913163098
19032	1.912500000	0.913163098
19033	1.925000000	0.913163098
19034	1.937500000	0.913163098
19035	1.950000000	0.913163098
19036	1.962500000	0.913163098
19037	1.975000000	0.913163098
19038	1.987500000	0.913163098
19039	2.000000000	0.913163098
19040	-1.000000000	0.955626131
19041	-0.987500000	0.955626131
19042	-0.975000000	0.955626131
19043	-0.962500000	0.955626131
19044	-0.950000000	0.955626131
19045	-0.937500000	0.955626131
19046	-0.925000000	0.955626131
19047	-0.912500000	0.955626131
19048	-0.900000000	0.955626131
19049	-0.887500000	0.955626131
19050	-0.875000000	0.955626131
19051	-0.862500000	0.955626131
19052	-0.850000000	0.955626131
19053	-0.837500000	0.955626131
19054	-0.825000000	0.955626131
19055	-0.812500000	0.955626131
19056	-0.800000000	0.955626131
19057	-0.787500000	0.955626131
19058	-0.775000000	0.955626131
19059	-0.762500000	0.955626131
19060	-0.750000000	0.955626131
19061	-0.737500000	0.955626131
19062	-0.725000000	0.955626131
19063	-0.712500000	0.955626131
19064	-0.700000000	0.955626131
19065	-0.687500000	0.955626131
19066	-0.675000000	0.955626131
19067	-0.662500000	0.955626131
19068	-0.650000000	0.955626131
19069	-0.637500000	0.955626131
19070	-0.625000000	0.955626131
19071	-0.612500000	0.955626131
19072	-0.600000000	0.955626131
19073	-0.587500000	0.955626131
19074	-0.575000000	0.955626131
19075	-0.562500000	0.955626131
19076	-0.550000000	0.955626131
19077	-0.537500000	0.955626131
19078	-0.525000000	0.955626131
19079	-0.512500000	0.955626131
19080	-0.500000000	0.955626131
19081	-0.487500000	0.955626131
19082	-0.475000000	0.955626131
19083	-0.462500000	0.955626131
19084	-0.450000000	0.955626131
19085	-0.437500000	0.955626131
19086	-0.425000000	0.955626131
19087	-0.412500000	0.955626131
19088	-0.400000000	0.955626131
19089	-0.387500000	0.955626131
19090	-0.375000000	0.955626131
19091	-0.362500000	0.955626131
19092	-0.350000000	0.955626131
19093	-0.337500000	0.955626131
19094	-0.325000000	0.955626131
19095	-0.312500000	0.955626131
19096	-0.300000000	0.955626131
19097	-0.287500000	0.955626131
19098	-0.275000000	0.955626131
19099	-0.262500000	0.955626131
19100	-0.250000000	0.955626131
19101	-0.237500000	0.955626131
19102	-0.225000000	0.955626131
19103	-0.212500000	0.955626131
19104	-0.200000000	0.955626131
19105	-0.187500000	0.955626131
19106	-0.175000000	0.955626131
19107	-0.162500000	0.955626131
19108	-0.150000000	0.955626131
19109	-0.137500000	0.955626131
19110	-0.125000000	0.955626131
19111	-0.112500000	0.955626131
19112	-0.100000000	0.955626131
19113	-0.087500000	0.955626131
19114	-0.075000000	0.955626131
19115	-0.062500000	0.955626131
19116	-0.050000000	0.955626131
19117	-0.037500000	0.955626131
19118	-0.025000000	0.955626131
19119	-0.012500000	0.955626131
19120	0.000000000	0.955626131
19121	0.012500000	0.955695815
19122	0.025000000	0.955765392
19123	0.037500000	0.955834754
19124	0.050000000	0.955903795
19125	0.062500000	0.955972407
19126	0.075000000	0.956040486
19127	0.087500000	0.956107925
19128	0.100000000	0.956174622
19129	0.112500000	0.956240473
19130	0.125000000	0.956305376
19131	0.137500000	0.956369233
19132	0.150000000	0.956431943
19133	0.162500000	0.956493411
19134	0.175000000	0.956553542
19135	0.187500000	0.956612243
19136	0.200000000	0.956669423
19137	0.212500000	0.956724994
19138	0.225000000	0.956778872
19139	0.237500000	0.956830971
19140	0.250000000	0.956881213
19141	0.262500000	0.956929520
19142	0.275000000	0.956975817
19143	0.287500000	0.957020033
19144	0.300000000	0.957062099
19145	0.312500000	0.957101952
19146	0.325000000	0.957139528
19147	0.337500000	0.957174772
19148	0.350000000	0.957207627
19149	0.362500000	0.957238044
19150	0.375000000	0.957265975
19151	0.387500000	0.957291378
19152	0.400000000	0.957314213
19153	0.412500000	0.957334445
19154	0.425000000	0.957352043
19155	0.437500000	0.957366980
19156	0.450000000	0.957379233
19157	0.462500000	0.957388782
19158	0.475000000	0.957395614
19159	0.487500000	0.957399717
19160	0.500000000	0.957401085
19161	0.512500000	0.957399717
19162	0.525000000	0.957395614
19163	0.537500000	0.957388782
19164	0.550000000	0.957379233
19165	0.562500000	0.957366980
19166	0.575000000	0.957352043
19167	0.587500000	0.957334445
19168	0.600000000	0.957314213
19169	0.612500000	0.957291378
19170	0.625000000	0.957265975
19171	0.637500000	0.957238044
19172	0.650000000	0.957207627
19173	0.662500000	0.957174772
19174	0.675000000	0.957139528
19175	0.687500000	0.957101952
19176	0.700000000	0.957062099
19177	0.712500000	0.957020033
19178	0.725000000	0.956975817
19179	0.737500000	0.956929520
19180	0.750000000	0.956881213
19181	0.762500000	0.956830971
19182	0.775000000	0.956778872
19183	0.787500000	0.956724994
19184	0.800000000	0.956669423
19185	0.812500000	0.956612243
19186	0.825000000	0.956553542
19187	0.837500000	0.956493411
19188	0.850000000	0.956431943
19189	0.862500000	0.956369233
19190	0.875000000	0.956305376
19191	0.887500000	0.956240473
19192	0.900000000	0.956174622
19193	0.912500000	0.956107925
19194	0.925000000	0.956040486
19195	0.937500000	0.955972407
19196	0.950000000	0.955903795
19197	0.962500000	0.955834754
19198	0.975000000	0.955765392
19199	0.987500000	0.955695815
19200	1.000000000	0.955626131
19201	1.012500000	0.955626131
19202	1.025000000	0.955626131
19203	1.037500000	0.955626131
19204	1.050000000	0.955626131
19205	1.062500000	0.955626131
19206	1.075000000	0.955626131
19207	1.087500000	0.955626131
19208	1.100000000	0.955626131
19209	1.112500000	0.955626131
19210	1.125000000	0.955626131
19211	1.137500000	0.955626131
19212	1.150000000	0.955626131
19213	1.162500000	0.955626131
19214	1.175000000	0.955626131
19215	1.187500000	0.955626131
19216	1.200000000	0.955626131
19217	1.212500000	0.955626131
19218	1.225000000	0.955626131
19219	1.237500000	0.955626131
19220	1.250000000	0.955626131
19221	1.262500000	0.955626131
19222	1.275000000	0.955626131
19223	1.287500000	0.955626131
19224	1.300000000	0.955626131
19225	1.312500000	0.955626131
19226	1.325000000	0.955626131
19227	1.337500000	0.955626131
19228	1.350000000	0.955626131
19229	1.362500000	0.955626131
19230	1.375000000	0.955626131
19231	1.387500000	0.955626131
19232	1.400000000	0.955626131
19233	1.412500000	0.955626131
19234	1.425000000	0.955626131
19235	1.437500000	0.955626131
19236	1.450000000	0.955626131
19237	1.462500000	0.955626131
19238	1.475000000	0.955626131
19239	1.487500000	0.955626131
19240	1.500000000	0.955626131
19241	1.512500000	0.955626131
19242	1.525000000	0.955626131
19243	1.537500000	0.955626131
19244	1.550000000	0.955626131
19245	1.562500000	0.955626131
19246	1.575000000	0.955626131
19247	1.587500000	0.955626131
19248	1.600000000	0.955626131
19249	1.612500000	0.955626131
19250	1.625000000	0.955626131
19251	1.637500000	0.955626131
19252	1.650000000	0.955626131
19253	1.662500000	0.955626131
19254	1.675000000	0.955626131
19255	1.687500000	0.955626131
19256	1.700000000	0.955626131
19257	1.712500000	0.955626131
19258	1.725000000	0.955626131
19259	1.737500000	0.955626131
19260	1.750000000	0.955626131
19261	1.762500000	0.955626131
19262	1.775000000	0.955626131
19263	1.787500000	0.955626131
19264	1.800000000	0.955626131
19265	1.812500000	0.955626131
19266	1.825000000	0.955626131
19267	1.837500000	0.955626131
19268	1.850000000	0.955626131
19269	1.862500000	0.955626131
19270	1.875000000	0.955626131
19271	1.887500000	0.955626131
19272	1.900000000	0.955626131
19273	1.912500000	0.955626131
19274	1.925000000	0.955626131
19275	1.937500000	0.955626131
19276	1.950000000	0.955626131
19277	1.962500000	0.955626131
19278	1.975000000	0.955626131
19279	1.987500000	0.955626131
19280	2.000000000	0.955626131
19281	-1.000000000	1.000000000
19282	-0.987500000	1.000000000
19283	-0.975000000	1.000000000
19284	-0.962500000	1.000000000
19285	-0.950000000	1.000000000
19286	-0.937500000	1.000000000
19287	-0.925000000	1.000000000
19288	-0.912500000	1.000000000
19289	-0.900000000	1.000000000
19290	-0.887500000	1.000000000
19291	-0.875000000	1.000000000
19292	-0.862500000	1.000000000
19293	-0.850000000	1.000000000
19294	-0.837500000	1.000000000
19295	-0.825000000	1.000000000
19296	-0.812500000	1.000000000
19297	-0.800000000	1.000000000
19298	-0.787500000	1.000000000
19299	-0.775000000	1.000000000
19300	-0.762500000	1.000000000
19301	-0.750000000	1.000000000
19302	-0.737500000	1.000000000
19303	-0.725000000	1.000000000
19304	-0.712500000	1.000000000
19305	-0.700000000	1.000000000
19306	-0.687500000	1.000000000
19307	-0.675000000	1.000000000
19308	-0.662500000	1.000000000
19309	-0.650000000	1.000000000
19310	-0.637500000	1.000000000
19311	-0.625000000	1.000000000
19312	-0.612500000	1.000000000
19313	-0.600000000	1.000000000
19314	-0.587500000	1.000000000
19315	-0.575000000	1.000000000
19316	-0.562500000	1.000000000
19317	-0.550000000	1.000000000
19318	-0.537500000	1.000000000
19319	-0.525000000	1.000000000
19320	-0.512500000	1.000000000
19321	-0.500000000	1.000000000
19322	-0.487500000	1.000000000
19323	-0.475000000	1.000000000
19324	-0.462500000	1.000000000
19325	-0.450000000	1.000000000
19326	-0.437500000	1.000000000
19327	-0.425000000	1.000000000
19328	-0.412500000	1.000000000
19329	-0.400000000	1.000000000
19330	-0.387500000	1.000000000
19331	-0.375000000	1.000000000
19332	-0.362500000	1.000000000
19333	-0.350000000	1.000000000
19334	-0.337500000	1.000000000
19335	-0.325000000	1.000000000
19336	-0.312500000	1.000000000
19337	-0.300000000	1.000000000
19338	-0.287500000	1.000000000
19339	-0.275000000	1.000000000
19340	-0.262500000	1.000000000
19341	-0.250000000	1.000000000
19342	-0.237500000	1.000000000
19343	-0.225000000	1.000000000
19344	-0.212500000	1.000000000
19345	-0.200000000	1.000000000
19346	-0.187500000	1.000000000
19347	-0.175000000	1.000000000
19348	-0.162500000	1.000000000
19349	-0.150000000	1.000000000
19350	-0.137500000	1.000000000
19351	-0.125000000	1.000000000
19352	-0.112500000	1.000000000
19353	-0.100000000	1.000000000
19354	-0.087500000	1.000000000
19355	-0.075000000	1.000000000
19356	-0.062500000	1.000000000
19357	-0.050000000	1.000000000
19358	-0.037500000	1.000000000
19359	-0.025000000	1.000000000
19360	-0.012500000	1.000000000
19361	0.000000000	1.000000000
19362	0.012500000	1.000000000
19363	0.025000000	1.000000000
19364	0.037500000	1.000000000
19365	0.050000000	1.000000000
19366	0.062500000	1.000000000
19367	0.075000000	1.000000000
19368	0.087500000	1.000000000
19369	0.100000000	1.000000000
19370	0.112500000	1.000000000
19371	0.125000000	1.000000000
19372	0.137500000	1.000000000
19373	0.150000000	1.000000000
19374	0.162500000	1.000000000
19375	0.175000000	1.000000000
19376	0.187500000	1.000000000
19377	0.200000000	1.000000000
19378	0.212500000	1.000000000
19379	0.225000000	1.000000000
19380	0.237500000	1.000000000
19381	0.250000000	1.000000000
19382	0.262500000	1.000000000
19383	0.275000000	1.000000000
19384	0.287500000	1.000000000
19385	0.300000000	1.000000000
19386	0.312500000	1.000000000
19387	0.325000000	1.000000000
19388	0.337500000	1.000000000
19389	0.350000000	1.000000000
19390	0.362500000	1.000000000
19391	0.375000000	1.000000000
19392	0.387500000	1.000000000
19393	0.400000000	1.000000000
19394	0.412500000	1.000000000
19395	0.425000000	1.000000000
19396	0.437500000	1.000000000
19397	0.450000000	1.000000000
19398	0.462500000	1.000000000
19399	0.475000000	1.000000000
19400	0.487500000	1.000000000
19401	0.500000000	1.000000000
19402	0.512500000	1.000000000
19403	0.525000000	1.000000000
19404	0.537500000	1.000000000
19405	0.550000000	1.000000000
19406	0.562500000	1.000000000
19407	0.575000000	1.000000000
19408	0.587500000	1.000000000
19409	0.600000000	1.000000000
19410	0.612500000	1.000000000
19411	0.625000000	1.000000000
19412	0.637500000	1.000000000
19413	0.650000000	1.000000000
19414	0.662500000	1.000000000
19415	0.675000000	1.000000000
19416	0.687500000	1.000000000
19417	0.700000000	1.000000000
19418	0.712500000	1.000000000
19419	0.725000000	1.000000000
19420	0.737500000	1.000000000
19421	0.750000000	1.000000000
19422	0.762500000	1.000000000
19423	0.775000000	1.000000000
19424	0.787500000	1.000000000
19425	0.800000000	1.000000000
19426	0.812500000	1.000000000
19427	0.825000000	1.000000000
19428	0.837500000	1.000000000
19429	0.850000000	1.000000000
19430	0.862500000	1.000000000
19431	0.875000000	1.000000000
19432	0.887500000	1.000000000
19433	0.900000000	1.000000000
19434	0.912500000	1.000000000
19435	0.925000000	1.000000000
19436	0.937500000	1.000000000
19437	0.950000000	1.000000000
19438	0.962500000	1.000000000
19439	0.975000000	1.000000000
19440	0.987500000	1.000000000
19441	1.000000000	1.000000000
19442	1.012500000	1.000000000
19443	1.025000000	1.000000000
19444	1.037500000	1.000000000
19445	1.050000000	1.000000000
19446	1.062500000	1.000000000
19447	1.075000000	1.000000000
19448	1.087500000	1.000000000
19449	1.100000000	1.000000000
19450	1.112500000	1.000000000
19451	1.125000000	1.000000000
19452	1.137500000	1.000000000
19453	1.150000000	1.000000000
19454	1.162500000	1.000000000
19455	1.175000000	1.000000000
19456	1.187500000	1.000000000
19457	1.200000000	1.000000000
19458	1.212500000	1.000000000
19459	1.225000000	1.000000000
19460	1.237500000	1.000000000
19461	1.250000000	1.000000000
19462	1.262500000	1.000000000
19463	1.275000000	1.000000000
19464	1.287500000	1.000000000
19465	1.300000000	1.000000000
19466	1.312500000	1.000000000
19467	1.325000000	1.000000000
19468	1.337500000	1.000000000
19469	1.350000000	1.000000000
19470	1.362500000	1.000000000
19471	1.375000000	1.000000000
19472	1.387500000	1.000000000
19473	1.400000000	1.000000000
19474	1.412500000	1.000000000
19475	1.425000000	1.000000000
19476	1.437500000	1.000000000
19477	1.450000000	1.000000000
19478	1.462500000	1.000000000
19479	1.475000000	1.000000000
19480	1.487500000	1.000000000
19481	1.500000000	1.000000000
19482	1.512500000	1.000000000
19483	1.525000000	1.000000000
19484	1.537500000	1.000000000
19485	1.550000000	1.000000000
19486	1.562500000	1.000000000
19487	1.575000000	1.000000000
19488	1.587500000	1.000000000
19489	1.600000000	1.000000000
19490	1.612500000	1.000000000
19491	1.625000000	1.000000000
19492	1.637500000	1.000000000
19493	1.650000000	1.000000000
19494	1.662500000	1.000000000
19495	1.675000000	1.000000000
19496	1.687500000	1.000000000
19497	1.700000000	1.000000000
19498	1.712500000	1.000000000
19499	1.725000000	1.000000000
19500	1.737500000	1.000000000
19501	1.750000000	1.000000000
19502	1.762500000	1.000000000
19503	1.775000000	1.000000000
19504	1.787500000	1.000000000
19505	1.800000000	1.000000000
19506	1.812500000	1.000000000
19507	1.825000000	1.000000000
19508	1.837500000	1.000000000
19509	1.850000000	1.000000000
19510	1.862500000	1.000000000
19511	1.875000000	1.000000000
19512	1.887500000	1.000000000
19513	1.900000000	1.000000000
19514	1.912500000	1.000000000
19515	1.925000000	1.000000000
19516	1.937500000	1.000000000
19517	1.950000000	1.000000000
19518	1.962500000	1.000000000
19519	1.975000000	1.000000000
19520	1.987500000	1.000000000
19521	2.000000000	1.000000000
